sample	sample_group	good_target_regions	good_genes	median_percent_covered	median_mean_depth	max_mean_depth
BLAN-1-1-No	BLAN	55	23	10.5820	0.9937	7813.3537
BLAN-1-1-Rh	BLAN	60	23	22.6712	1.7345	2432.1895
BLAN-1-1-Ro	BLAN	49	22	5.4071	0.2693	392.6719
BLAN-2-1-No	BLAN	53	24	5.8352	0.8724	7857.6859
BLAN-2-1-Rh	BLAN	26	18	7.8189	0.7812	5073.8491
BLAN-2-1-Ro	BLAN	53	23	7.8000	0.4247	1850.5161
BLAN-3-1-No	BLAN	33	17	2.9289	0.1929	7945.4518
BLAN-3-1-Rh	BLAN	29	15	15.8526	1.0776	820.8544
BLAN-3-1-Ro	BLAN	34	17	5.0973	0.2633	7830.1087
BLAN-4-1-No	BLAN	33	18	12.2921	1.2075	7061.3762
BLAN-4-1-Rh	BLAN	19	9	13.2716	0.7297	1271.6877
BLAN-4-1-Ro	BLAN	34	18	14.5833	1.3293	1211.0596
CLBJ-40-1-No	No	26	20	4.2463	0.3167	7848.5661
CLBJ-40-1-Rh	Rh	12	9	8.3333	0.5614	5153.7105
CLBJ-40-1-Ro	Ro	25	16	5.6325	0.2691	2689.1298
CLBJ-41-1-No	No	22	15	4.7980	0.6422	7224.6640
CLBJ-41-1-Rh	Rh	11	8	3.3003	0.1716	4220.6123
CLBJ-41-1-Ro	Ro	9	5	5.1181	0.2864	2762.1789
CLBJ-42-1-No	No	31	20	13.4444	1.6667	7166.4671
CLBJ-42-1-Rh	Rh	6	5	2.8658	0.1162	861.2386
CLBJ-42-1-Ro	Ro	33	20	7.4856	0.2474	1022.3028
CLBJ-44-1-No	No	11	8	5.1381	0.7543	6003.8456
CLBJ-44-1-Rh	Rh	9	7	0.0000	0.0000	904.7160
CLBJ-44-1-Ro	Ro	22	19	2.2951	0.0731	90.6175
CLBJ-46-1-No	No	27	20	6.0811	0.3725	4557.4225
CLBJ-46-1-Rh	Rh	5	4	0.0000	0.0000	3643.8667
CLBJ-46-1-Ro	Ro	17	10	3.0801	0.4444	5703.8825
CLBJ-47-1-No	No	4	3	0.0000	0.0000	216.3246
CLBJ-47-1-Rh	Rh	34	22	10.2512	0.6320	2549.4631
CLBJ-47-1-Ro	Ro	10	6	3.9337	0.1545	84.5877
CPER-1-No	No	27	13	10.5647	0.9305	5332.5973
CPER-1-Rh	Rh	14	9	3.3333	0.4718	3674.7705
CPER-1-Ro	Ro	7	5	3.6630	0.1390	57.6371
CPER-2-No	No	26	17	5.7598	0.3625	7932.6178
CPER-2-Rh	Rh	26	16	2.7299	0.1212	3150.6141
CPER-2-Ro	Ro	24	16	3.5948	0.1182	863.9393
CPER-3-1-No	No	30	16	9.5541	0.5783	7883.4590
CPER-3-1-Rh	Rh	33	17	14.4289	0.7454	7299.0363
CPER-3-1-Ro	Ro	30	17	10.3079	0.3426	711.2103
CPER-4-No	No	24	16	13.7056	0.4622	7883.5228
CPER-4-Rh	Rh	45	18	21.4002	1.3069	7766.7316
CPER-4-Ro	Ro	21	16	7.0402	0.2484	268.7212
CPER-5-1-No	No	33	17	9.8039	0.4989	7936.7379
CPER-5-1-Rh	Rh	28	17	8.7719	0.4750	7814.1888
CPER-5-1-Ro	Ro	17	16	13.6101	0.3884	228.9548
DCFS-1-2-No	No	16	12	1.2027	0.0310	2363.7246
DCFS-1-2-Rh	Rh	12	8	8.6758	0.7917	1622.8561
DCFS-1-2-Ro	Ro	5	5	0.0000	0.0000	122.1105
DCFS-2-2-No	No	20	16	0.0000	0.0000	7948.3655
DCFS-2-2-Rh	Rh	18	16	6.9597	1.0539	2307.3570
DCFS-2-2-Ro	Ro	27	17	5.0082	0.4155	293.4788
DCFS-3-2-No	No	22	16	0.0000	0.0000	7630.3629
DCFS-3-2-Rh	Rh	17	16	9.8522	0.9346	1858.8780
DCFS-3-2-Ro	Ro	18	16	1.3889	0.0364	83.9367
DCFS-4-No	No	43	19	10.3448	2.0321	7793.9105
DCFS-4-Rh	Rh	35	17	19.1489	1.3333	1005.7263
DCFS-4-Ro	Ro	36	16	7.8189	0.3155	688.6105
DCFS-5-1-No	No	37	17	8.5366	0.6633	7945.2610
DCFS-5-1-Rh	Rh	33	17	12.8312	2.7871	2357.2312
DCFS-5-1-Ro	Ro	33	17	9.9788	0.3602	213.3932
DCFS-6-1-No	No	44	18	6.1602	0.4764	7947.8133
DCFS-6-1-Rh	Rh	30	13	21.3992	1.4992	984.5421
DCFS-6-1-Ro	Ro	26	16	10.8077	0.4432	44.2996
DCFS-7-1-No	No	29	15	9.0090	0.3620	1173.9860
DCFS-7-1-Rh	Rh	17	10	3.7990	0.2756	2030.5017
DCFS-7-1-Ro	Ro	17	15	0.0000	0.0000	906.7291
DCFS-8-1-No	No	22	16	3.0172	0.1286	7941.3967
DCFS-8-1-Rh	Rh	30	16	16.4032	1.1379	1054.2394
DCFS-8-1-Ro	Ro	24	16	5.0881	0.1858	62.6516
DEJU-10-1-No	No	13	6	0.0000	0.0000	33.5614
DEJU-10-1-Rh	Rh	11	7	5.1613	0.7424	3855.7475
DEJU-10-1-Ro	Ro	5	3	0.0000	0.0000	857.2469
DEJU-11-1-No	No	23	14	0.0000	0.0000	31.4411
DEJU-11-1-Rh	Rh	22	16	8.3482	0.5984	2048.7930
DEJU-11-1-Ro	Ro	17	10	0.0000	0.0000	61.7768
DEJU-12-1-No	No	3	2	0.0000	0.0000	254.3327
DEJU-12-1-Rh	Rh	16	8	14.1553	1.0977	2588.0273
DEJU-12-1-Ro	Ro	7	5	3.1353	0.1076	83.1639
DEJU-13-1-No	No	19	9	7.0137	0.4427	7270.9596
DEJU-13-1-Rh	Rh	2	2	0.0000	0.0000	11.3819
DEJU-13-1-Ro	Ro	5	2	4.8218	0.3889	231.6070
DEJU-16-1-No	No	12	10	1.6667	0.0527	7932.9495
DEJU-16-1-Rh	Rh	8	5	6.9825	0.4606	5797.6649
DEJU-16-1-Ro	Ro	17	11	0.0000	0.0000	6681.1238
DEJU-17-1-No	No	4	3	0.0000	0.0000	622.5439
DEJU-17-1-Rh	Rh	5	3	2.3256	0.2179	6117.8702
DEJU-17-1-Ro	Ro	1	1	0.0000	0.0000	265.4211
DEJU-18-1-No	No	12	11	6.3185	0.2439	7920.2755
DEJU-18-1-Rh	Rh	4	3	11.1111	1.0311	1416.3632
DEJU-18-1-Ro	Ro	13	10	4.1412	0.3725	4897.5763
DEJU-19-1-No	No	5	4	1.1926	0.0584	253.4246
DEJU-19-1-Rh	Rh	8	4	9.0824	1.0060	3531.0912
DEJU-19-1-Ro	Ro	1	1	0.0000	0.0000	358.5791
DEJU-20-1-No	No	11	10	0.0000	0.0000	113.6285
DEJU-20-1-Rh	Rh	12	9	4.9206	0.3354	893.0158
DEJU-20-1-Ro	Ro	4	2	4.3678	0.2893	477.5053
DEJU-21-1-No	No	15	10	2.1858	0.1625	7939.4491
DEJU-21-1-Rh	Rh	8	4	10.3159	0.7799	2981.3263
DEJU-21-1-Ro	Ro	1	1	0.0000	0.0000	90.8123
DEJU-22-1-No	No	13	10	3.0864	0.0787	7911.2828
DEJU-22-1-Rh	Rh	7	4	11.8812	0.6495	1265.2018
DEJU-22-1-Ro	Ro	37	24	1.5395	0.0776	1147.7851
DEJU-23-1-No	No	21	11	11.9536	0.6333	7926.1204
DEJU-23-1-Rh	Rh	9	6	1.6281	0.2594	5851.3105
DEJU-23-1-Ro	Ro	6	5	0.0000	0.0000	388.0877
DEJU-24-1-No	No	12	10	2.4643	0.1284	7892.5926
DEJU-24-1-Rh	Rh	11	10	2.5435	0.4557	6167.4368
DEJU-24-1-Ro	Ro	2	2	0.0000	0.0000	37.2307
DEJU-25-No	No	1	1	0.0000	0.0000	17.8175
DEJU-25-Rh	Rh	4	4	0.0000	0.0000	1170.4921
DEJU-25-Ro	Ro	6	5	5.8224	0.2888	206.4088
DEJU-26-No	No	5	3	1.3889	0.0632	3766.4860
DEJU-26-Rh	Rh	9	8	2.9874	1.0253	6159.3491
DEJU-27-No	No	7	6	3.3003	0.1979	1808.5825
DEJU-27-Rh	Rh	3	2	4.4674	0.2129	3908.0246
DEJU-27-Ro	Ro	3	3	0.0000	0.0000	434.8193
DEJU-28-2-No	No	21	14	3.0303	0.1235	7895.0266
DEJU-28-2-Rh	Rh	5	3	3.1353	0.1946	5705.8474
DEJU-28-2-Ro	Ro	9	7	1.9157	0.5252	3777.1684
DEJU-29-1-No	No	28	19	3.4608	0.1235	7927.0556
DEJU-29-1-Rh	Rh	23	13	8.2956	0.6927	3655.2731
DEJU-29-1-Ro	Ro	1	1	0.0000	0.0000	616.3028
DEJU-54-No	No	2	1	0.0000	0.0000	22.8081
DEJU-54-Rh	Rh	7	5	6.5833	0.2986	355.3719
DEJU-54-Ro	Ro	5	3	2.4500	0.0713	77.4754
DEJU-55-No	No	33	14	17.1171	0.7724	7929.7626
DEJU-55-Rh	Rh	28	16	8.9202	0.3605	3182.5278
DEJU-55-Ro	Ro	12	11	1.8199	0.0728	794.4479
DEJU-56-Rh	Rh	17	10	4.4543	0.1878	318.8316
DEJU-56-Ro	Ro	16	14	3.0568	0.1223	1856.2807
DEJU-57-No	No	31	16	14.0909	0.3651	7914.4545
DEJU-57-Rh	Rh	36	19	51.0163	2.9818	902.5654
DEJU-57-Ro	Ro	19	14	2.8634	0.0776	502.2992
DEJU-58-No	No	10	5	1.2250	0.0316	147.8509
DEJU-58-Rh	Rh	15	10	1.1675	0.0244	2452.6251
DEJU-58-Ro	Ro	16	10	5.2910	0.3684	1107.3228
DEJU-59-No	No	48	25	8.8000	0.2261	7913.2118
DEJU-59-Rh	Rh	16	11	1.4093	0.0644	4050.8410
DEJU-59-Ro	Ro	22	15	9.8814	0.2001	303.1614
DEJU-60-No	No	14	9	6.6667	0.7732	7445.1649
DEJU-60-Rh	Rh	13	9	0.0000	0.0000	3401.2626
DEJU-60-Ro	Ro	20	12	2.0325	0.0564	322.7894
DEJU-63-No	No	35	16	27.7778	2.3362	7710.9772
DEJU-63-Rh	Rh	20	12	5.5138	0.7724	5451.3047
DEJU-63-Ro	Ro	5	3	1.2915	0.0466	75.1316
DEJU-9-1-No	No	5	3	1.8328	0.0660	193.3246
DEJU-9-1-Rh	Rh	6	4	12.2477	0.7052	1185.0193
DEJU-9-1-Ro	Ro	38	21	17.1390	0.5367	1268.4211
DELA-1-3-No	No	45	16	15.1938	1.1769	7607.5593
DELA-1-3-Rh	Rh	56	18	38.2098	3.0808	6988.7405
DELA-1-3-Ro	Ro	26	8	9.4203	0.7306	3753.1649
DELA-11-3-No	No	18	10	12.5881	1.5305	4624.9955
DELA-11-3-Rh	Rh	13	8	8.3776	0.5433	3608.2542
DELA-11-3-Ro	Ro	16	8	7.8998	0.6061	3560.4617
DELA-12-2-No	No	28	22	4.4323	0.1564	7882.4802
DELA-12-2-Rh	Rh	5	3	0.0000	0.0000	1461.9494
DELA-12-2-Ro	Ro	28	20	8.3333	0.4314	511.8689
DELA-16-No	No	30	14	26.6667	2.1977	7842.1561
DELA-16-Rh	Rh	10	7	2.9112	0.2740	3234.1038
DELA-16-Ro	Ro	12	8	2.8736	0.2626	3282.9601
DELA-17-1-No	No	33	20	11.7984	1.0857	7557.6633
DELA-17-1-Rh	Rh	4	3	0.0000	0.0000	223.2246
DELA-17-1-Ro	Ro	29	19	5.4558	0.4603	2082.1670
DELA-19-1-No	No	13	7	4.6625	0.3704	4583.0596
DELA-19-1-Rh	Rh	14	8	9.3183	0.8150	2749.7478
DELA-19-1-Ro	Ro	21	11	10.8466	0.8642	2639.5456
DELA-21-1-No	No	42	22	13.4593	2.0755	7901.4486
DELA-21-1-Rh	Rh	17	10	7.1123	0.7855	3750.6016
DELA-21-1-Ro	Ro	15	8	8.8477	0.5337	5517.6015
DELA-22-1-No	No	29	16	7.5758	0.7389	4131.6267
DELA-22-1-Rh	Rh	17	11	2.8658	0.2035	3018.9211
DELA-22-1-Ro	Ro	20	14	3.9216	0.1480	73.1391
DELA-23-2-No	No	45	22	22.1713	3.6385	7870.2362
DELA-23-2-Rh	Rh	24	12	8.2852	0.4788	4008.0186
DELA-23-2-Ro	Ro	29	20	8.7719	0.4613	2407.2468
DELA-26-3-No	No	55	21	12.4717	1.8653	7744.6244
DELA-26-3-Rh	Rh	38	12	23.5683	3.1831	7301.4789
DELA-26-3-Ro	Ro	44	19	30.9278	0.8157	967.7282
DELA-27-3-No	No	36	13	26.6786	3.2948	7659.3099
DELA-27-3-Rh	Rh	31	15	22.2222	2.4132	1634.5982
DELA-27-3-Ro	Ro	13	7	9.1270	0.2883	191.4596
DELA-28-No	No	39	21	17.0980	1.7935	7690.6475
DELA-28-Rh	Rh	27	14	15.7051	1.2732	1762.9118
DELA-28-Ro	Ro	27	13	22.0264	1.0402	436.0752
DELA-29-1-No	No	30	11	29.3124	2.3100	7572.0179
DELA-29-1-Rh	Rh	61	19	52.8345	16.5456	7582.6521
DELA-29-1-Ro	Ro	11	8	17.1329	0.3356	193.5565
DELA-3-3-No	No	40	21	15.0000	0.8489	7899.4542
DELA-3-3-Rh	Rh	46	22	30.5393	2.0516	7890.5288
DELA-3-3-Ro	Ro	41	21	17.5711	1.7939	5095.8230
DELA-30-2-No	No	34	20	16.8968	0.9532	1545.0918
DELA-30-2-Rh	Rh	38	20	14.4781	1.7224	5458.4035
DELA-30-2-Ro	Ro	23	15	6.0481	0.6630	4535.0702
DELA-31-1-No	No	44	22	33.5526	3.5168	7945.4123
DELA-31-1-Rh	Rh	52	22	25.5208	3.6069	1917.9491
DELA-31-1-Ro	Ro	40	22	34.5633	0.9004	173.0166
DELA-32-1-No	No	53	19	55.0517	3.7402	7921.8175
DELA-32-1-Rh	Rh	4	3	1.6771	0.1312	951.6211
DELA-32-1-Ro	Ro	28	15	10.1523	0.7128	1221.0579
DELA-33-1-No	No	23	17	12.7946	1.2327	7602.8847
DELA-33-1-Rh	Rh	6	3	1.3649	0.0519	1460.0298
DELA-33-1-Ro	Ro	17	8	5.2778	0.5861	3812.2772
DELA-4-1-No	No	23	14	7.5163	1.1771	7575.1797
DELA-4-1-Rh	Rh	7	4	3.6458	0.1746	511.9448
DELA-4-1-Ro	Ro	25	14	10.7737	0.7035	733.4977
DELA-5-1-No	No	23	13	9.3128	1.0803	7744.4965
DELA-5-1-Rh	Rh	13	7	8.6726	0.5877	2253.1223
DELA-5-1-Ro	Ro	18	10	6.6794	0.4709	429.8509
DELA-6-3-No	No	12	7	3.9337	0.2952	6272.5526
DELA-6-3-Rh	Rh	12	8	6.9418	0.5302	4116.7139
DELA-6-3-Ro	Ro	13	7	4.3398	0.2413	3059.2737
DELA-7-3-No	No	28	21	9.7055	0.8098	7608.5977
DELA-7-3-Rh	Rh	13	7	7.0000	0.3727	2728.3287
DELA-7-3-Ro	Ro	13	9	3.1674	0.2271	3879.3733
DSNY-84-2-No	No	25	20	4.5977	0.3326	5187.8702
DSNY-84-2-Rh	Rh	6	5	0.0000	0.0000	5527.6211
DSNY-84-2-Ro	Ro	4	3	1.2718	0.0275	3933.1158
DSNY-85-1-No	No	30	22	6.9798	0.4553	7895.8132
DSNY-85-1-Rh	Rh	14	10	6.3164	0.1890	4937.9088
DSNY-85-1-Ro	Ro	26	21	4.4950	0.2378	6334.0337
DSNY-86-1-No	No	30	21	6.8000	0.9725	7789.1452
DSNY-86-1-Rh	Rh	6	4	0.0000	0.0000	5436.7368
DSNY-86-1-Ro	Ro	16	10	5.9107	0.2639	298.4930
DSNY-87-1-No	No	20	15	6.3584	0.4301	3144.4123
DSNY-87-1-Rh	Rh	4	3	0.0000	0.0000	3877.4404
DSNY-87-1-Ro	Ro	6	5	2.9321	0.1048	5283.6000
DSNY-88-1-No	No	23	20	3.8618	0.2502	4541.8614
DSNY-88-1-Rh	Rh	7	6	0.0000	0.0000	3620.1684
DSNY-88-1-Ro	Ro	24	20	5.9379	0.4283	5531.0719
DSNY-91-1-No	No	29	21	7.1795	0.6504	7924.3853
DSNY-91-1-Rh	Rh	41	23	8.1575	0.5390	5308.0298
DSNY-91-1-Ro	Ro	20	17	0.0000	0.0000	1016.6526
DSNY-92-1-No	No	10	5	0.0000	0.0000	3724.3351
DSNY-92-1-Rh	Rh	10	6	2.0243	0.1010	4707.8684
DSNY-92-1-Ro	Ro	10	6	1.3222	0.0297	821.5193
DSNY-96-2-No	No	17	11	5.6348	0.2230	165.6930
DSNY-96-2-Rh	Rh	10	6	3.9683	0.2323	5767.9930
DSNY-96-2-Ro	Ro	5	3	0.0000	0.0000	201.9601
DSNY-98-4-No	No	27	17	10.0457	0.7581	2097.6397
DSNY-98-4-Rh	Rh	11	6	9.0361	0.7037	3424.7688
DSNY-98-4-Ro	Ro	7	4	5.6357	0.1526	769.3246
GRSM-1-No	No	21	14	7.1006	0.7198	7560.8757
GRSM-1-Rh	Rh	10	5	10.7639	0.5589	787.8860
GRSM-1-Ro	Ro	16	14	1.3277	0.0266	61.4491
GRSM-3-No	No	14	11	3.3430	0.2172	7354.5288
GRSM-3-Rh	Rh	9	7	0.0000	0.0000	6215.0456
GRSM-3-Ro	Ro	2	2	0.0000	0.0000	26.1719
GRSM-4-2-No	No	8	5	2.4952	0.1049	1156.4754
GRSM-4-2-Rh	Rh	1	1	0.0000	0.0000	357.4064
GRSM-4-2-Ro	Ro	7	5	3.9175	0.1728	1052.3228
HEAL-1-2-No	No	16	9	5.6616	0.7318	7845.8159
HEAL-1-2-Rh	Rh	12	7	0.0000	0.0000	2900.3726
HEAL-1-2-Ro	Ro	6	3	4.2298	0.2439	136.4424
HEAL-10-2-No	No	39	20	20.1111	1.2090	7924.6007
HEAL-2-1-No	No	15	10	18.0303	0.4858	7934.0177
HEAL-2-1-Rh	Rh	21	10	5.6689	1.3994	5421.4923
HEAL-2-1-Ro	Ro	5	3	3.6285	0.3045	547.0912
HEAL-3-1-No	No	17	11	20.5490	0.8064	7836.5236
HEAL-3-1-Rh	Rh	22	12	3.0355	1.4455	4232.5702
HEAL-3-1-Ro	Ro	3	2	4.7341	0.2596	145.3789
HEAL-4-1-No	No	19	10	31.0935	0.9924	7898.7803
HEAL-4-1-Rh	Rh	11	6	1.1092	0.0171	4760.9381
HEAL-4-1-Ro	Ro	6	4	7.6282	0.5614	403.3281
HEAL-5-2-No	No	19	13	37.3111	1.4299	7892.6458
HEAL-5-2-Rh	Rh	9	6	0.0000	0.0000	3102.7784
HEAL-5-2-Ro	Ro	4	4	0.0000	0.0000	278.6956
HEAL-6-1-No	No	2	2	0.0000	0.0000	14.0093
HEAL-6-1-Rh	Rh	21	10	4.0650	1.6400	5287.9554
HEAL-6-1-Ro	Ro	3	3	3.8934	0.2446	1141.1018
HEAL-7-1-No	No	15	10	1.4706	0.1152	7881.6042
HEAL-7-1-Rh	Rh	24	12	5.8201	0.8480	4223.4983
HEAL-7-1-Ro	Ro	26	17	0.0000	0.0000	738.3872
HEAL-8-1-No	No	13	10	18.1757	0.5350	7912.0787
HEAL-8-1-Rh	Rh	15	7	0.0000	0.0000	2842.0998
HEAL-8-1-Ro	Ro	10	5	5.2910	0.4561	884.7263
HEAL-9-1-No	No	27	13	17.5685	0.7122	7875.9699
JERC-100-1-No	No	16	8	3.7893	0.2301	1154.0045
JERC-100-1-Rh	Rh	34	17	12.0240	0.9369	4884.6158
JERC-100-1-Ro	Ro	27	13	3.8130	0.1302	344.2789
JERC-102-1-No	No	24	14	1.7544	0.0530	7927.4674
JERC-102-1-Rh	Rh	28	13	26.9896	1.0835	4855.8756
JERC-102-1-Ro	Ro	19	11	15.4545	0.6433	437.1772
JERC-106-1-No	No	26	16	7.2727	1.4729	7402.2582
JERC-106-1-Rh	Rh	12	7	10.8077	1.6176	3616.5502
JERC-109-1-No	No	22	13	7.6865	1.8760	7370.3127
JERC-109-1-Rh	Rh	8	5	7.3906	0.7333	3702.7947
JERC-111-3-No	No	22	15	5.0935	0.7849	6317.4825
JERC-111-3-Rh	Rh	15	9	5.4545	0.6919	6034.9175
JERC-112-1-No	No	10	5	3.5494	0.2103	318.4649
JERC-112-1-Rh	Rh	16	9	6.4538	0.6970	3539.9002
JERC-113-3-No	No	25	13	7.3643	1.0015	7116.8862
JERC-113-3-Rh	Rh	13	7	5.8188	0.5455	5717.0544
JERC-114-3-No	No	27	20	12.2538	1.0939	7545.3799
JERC-114-3-Rh	Rh	16	10	5.2478	0.7483	5873.0421
JERC-129-4-No	No	13	7	4.2793	0.5150	4557.6174
JERC-129-4-Rh	Rh	21	10	6.4626	1.3917	3631.5488
JERC-129-4-Ro	Ro	18	10	6.0000	0.2572	442.5908
JERC-131-No	No	34	12	9.5328	1.1786	7445.1477
JERC-131-Rh	Rh	11	6	1.5833	0.0446	1982.0550
JERC-131-Ro	Ro	10	5	2.1764	0.0943	3596.2581
JERC-132-3-No	No	2	2	0.0000	0.0000	244.3991
JERC-132-3-Rh	Rh	14	8	11.4708	0.6111	2803.4757
JERC-132-3-Ro	Ro	13	7	5.5046	0.2532	683.8140
JERC-134-3-No	No	5	4	5.2811	0.2251	90.3509
JERC-134-3-Rh	Rh	11	7	8.3333	0.7663	3965.1710
JERC-134-3-Ro	Ro	22	9	26.0215	0.9183	198.9368
JERC-135-3-No	No	33	22	8.5586	1.1516	7146.8250
JERC-135-3-Rh	Rh	19	12	7.5672	1.1925	5121.5363
JERC-135-3-Ro	Ro	2	2	0.0000	0.0000	34.7419
JERC-136-No	No	4	3	0.0000	0.0000	716.3962
JERC-136-Rh	Rh	10	7	10.6291	0.7261	2271.8310
JERC-136-Ro	Ro	7	5	2.5822	0.1010	573.3140
JERC-139-5-No	No	11	8	4.6620	0.2334	403.1975
JERC-139-5-Rh	Rh	5	4	0.0000	0.0000	1357.5443
JERC-139-5-Ro	Ro	9	7	3.8596	0.1802	751.9965
JERC-140-No	No	20	10	9.4586	0.9639	999.2346
JERC-140-Rh	Rh	8	4	16.3522	0.4867	2871.8053
JERC-140-Ro	Ro	14	7	8.1496	0.4699	2921.5474
JERC-141-No	No	14	12	5.8772	0.4057	2652.1367
JERC-141-Rh	Rh	11	7	6.3166	0.3180	3641.1193
JERC-141-Ro	Ro	4	4	0.0000	0.0000	16.1521
JERC-142-No	No	4	3	6.0018	0.2040	111.7972
JERC-142-Rh	Rh	7	3	4.9383	0.2713	1885.5158
JERC-143-No	No	23	15	8.5453	1.7517	7319.2821
JERC-143-Rh	Rh	3	3	0.0000	0.0000	136.5587
JERC-143-Ro	Ro	11	6	4.9180	0.3604	371.6140
JERC-147-Rh	Rh	8	8	0.0000	0.0000	23.5772
JERC-147-Ro	Ro	6	3	2.5384	0.1416	2780.1140
JERC-148-No	No	16	8	7.7369	1.2063	4481.3041
JERC-148-Rh	Rh	14	8	3.7395	0.1497	2311.1337
JERC-148-Ro	Ro	12	9	1.3578	0.0543	1096.3859
JERC-149-No	No	16	9	9.5524	1.7837	2750.2761
JERC-149-Rh	Rh	14	7	8.7683	0.5536	3661.4368
JERC-149-Ro	Ro	25	14	3.4921	0.2474	367.6439
JERC-150-No	No	19	15	5.7122	0.4082	7062.3826
JERC-150-Rh	Rh	19	12	3.7406	0.2000	2246.1140
JERC-150-Ro	Ro	21	13	3.0016	0.1429	1068.3526
JERC-151-No	No	25	18	9.9788	0.9200	1191.8561
JERC-151-Rh	Rh	20	11	6.9767	0.5352	1394.9105
JERC-151-Ro	Ro	16	8	3.1299	0.1279	122.4386
JERC-152-No	No	9	4	6.3786	0.4770	1136.2698
JERC-152-Rh	Rh	16	8	4.7341	0.3693	1425.3632
JERC-152-Ro	Ro	5	3	3.4072	0.2116	2289.7789
JERC-153-No	No	30	15	14.0152	0.9140	7395.4825
JERC-153-Rh	Rh	16	12	3.3419	0.2559	4885.3421
JERC-176-5-No	No	50	23	10.2872	2.1727	7847.8565
JERC-176-5-Rh	Rh	3	3	0.0000	0.0000	281.6940
JERC-176-5-Ro	Ro	19	14	4.7917	0.2257	629.6842
JERC-179-4-No	No	5	4	0.0000	0.0000	65.6456
JERC-179-4-Rh	Rh	13	8	3.3333	0.3725	5167.4439
JERC-179-4-Ro	Ro	23	12	2.2031	0.0597	207.9263
JERC-180-5-No	No	22	14	11.1872	1.6134	7247.8417
JERC-180-5-Rh	Rh	10	7	2.7717	0.2621	6015.7807
JERC-180-5-Ro	Ro	8	6	3.2646	0.3076	1111.7325
JERC-181-1-No	No	21	14	6.1303	0.6288	7151.1038
JERC-181-1-Rh	Rh	14	8	3.9583	0.5777	6429.7474
JERC-181-1-Ro	Ro	1	1	0.0000	0.0000	291.2439
JERC-183-3-No	No	24	10	10.9551	1.9457	4916.5123
JERC-183-3-Rh	Rh	15	8	5.3763	0.7517	5947.8263
JERC-183-3-Ro	Ro	15	8	9.4718	0.8228	3836.1281
JERC-184-3-No	No	13	7	3.0702	0.2062	3798.3506
JERC-184-3-Rh	Rh	13	8	7.5450	0.7316	5712.0193
JERC-184-3-Ro	Ro	8	5	4.5654	0.2836	1047.1737
JERC-185-3-No	No	14	8	4.2194	0.2107	4142.2807
JERC-185-3-Rh	Rh	13	8	1.6625	0.0889	5506.4035
JERC-185-3-Ro	Ro	10	4	0.0000	0.0000	2491.9147
JERC-186-1-No	No	19	11	7.9689	1.0110	5409.7179
JERC-186-1-Rh	Rh	8	5	0.0000	0.0000	5497.1526
JERC-186-1-Ro	Ro	15	8	5.7315	0.5553	2197.5982
JERC-187-1-No	No	21	16	0.0000	0.0000	1402.5158
JERC-187-1-Rh	Rh	10	6	3.0864	0.3470	5409.0596
JERC-187-1-Ro	Ro	19	10	9.3183	0.5813	2753.0246
JERC-188-1-No	No	11	6	3.6458	0.2917	6299.6561
JERC-188-1-Rh	Rh	4	3	0.0000	0.0000	925.8519
JERC-188-1-Ro	Ro	14	8	2.5690	0.1008	958.4386
JERC-192-1-No	No	13	8	3.6729	0.4273	5646.3035
JERC-192-1-Rh	Rh	10	8	1.4832	0.0713	3981.0346
JERC-192-1-Ro	Ro	9	7	6.4012	0.5473	6206.0073
JERC-194-2-No	No	19	11	4.8193	0.5472	6899.4112
JERC-194-2-Rh	Rh	9	6	1.5361	0.0557	2913.1929
JERC-194-2-Ro	Ro	9	6	1.2394	0.0467	85.3877
JERC-195-2-No	No	21	13	7.0175	0.4435	7078.2987
JERC-195-2-Rh	Rh	11	8	5.9443	0.4433	3330.7299
JERC-195-2-Ro	Ro	17	10	7.7441	0.4911	2142.8544
JERC-196-3-No	No	16	9	6.4220	0.7625	2363.0958
JERC-196-3-Rh	Rh	21	15	10.7456	0.7292	2375.1404
JERC-196-3-Ro	Ro	12	7	2.9321	0.1368	301.4140
JERC-197-1-No	No	8	3	1.9809	0.1851	1508.8204
JERC-197-1-Ro	Ro	9	5	3.6374	0.1539	159.8543
JERC-198-No	No	30	20	6.5292	0.4776	7791.1412
JERC-198-Ro	Ro	23	12	6.2980	1.2315	4324.0093
JERC-199-No	No	34	20	12.7260	1.6275	5180.1091
JERC-199-Rh	Rh	23	18	2.5200	0.0805	3629.6456
JERC-199-Ro	Ro	29	19	3.7578	0.1153	130.8754
JERC-201-1-No	No	29	19	6.0606	0.4906	7348.4770
JERC-201-1-Rh	Rh	10	7	2.8011	0.2469	6112.1140
JERC-201-1-Ro	Ro	12	5	4.5861	0.3171	1165.8509
JERC-202-1-No	No	31	19	6.4619	0.5051	1584.4719
JERC-202-1-Rh	Rh	19	11	7.7441	0.7756	1881.1667
JERC-202-1-Ro	Ro	11	5	0.0000	0.0000	129.8579
JERC-203-1-No	No	49	20	13.1579	2.6678	7661.0972
JERC-203-1-Rh	Rh	15	9	1.4726	0.0546	4475.4982
JERC-203-1-Ro	Ro	20	9	2.1324	0.1120	307.9439
JERC-204-1-No	No	15	8	10.6212	2.6570	5887.2456
JERC-204-1-Rh	Rh	12	7	7.4830	1.3160	4264.1151
JERC-204-1-Ro	Ro	24	17	2.5123	0.0428	246.4754
JERC-87-1-No	No	43	20	7.1481	0.5254	7874.3744
JERC-87-1-Rh	Rh	27	15	6.5574	0.4025	1594.3053
JERC-87-1-Ro	Ro	20	14	6.5000	0.4091	3376.9175
JERC-88-1-No	No	29	21	4.3651	0.1862	7904.1503
JERC-88-1-Rh	Rh	21	18	9.0090	0.5517	1619.9018
JERC-88-1-Ro	Ro	12	5	5.6325	0.2677	3918.2053
JERC-89-1-No	No	40	19	6.1111	0.2853	7941.9951
JERC-89-1-Rh	Rh	17	11	6.9691	0.3414	3126.2579
JERC-89-1-Ro	Ro	39	21	5.8211	0.3121	7945.1788
JERC-90-1-No	No	46	17	21.2121	0.8627	7948.4245
JERC-90-1-Rh	Rh	40	18	17.1717	1.3887	4067.3477
JERC-90-1-Ro	Ro	57	21	38.4248	1.9067	933.1158
JERC-91-1-No	No	31	18	5.1184	0.2928	4837.5404
JERC-91-1-Rh	Rh	16	8	4.5977	0.1930	2362.2333
JERC-91-1-Ro	Ro	16	9	14.9804	0.5223	777.1579
JERC-93-1-No	No	36	21	19.2901	1.6332	7466.8915
JERC-93-1-Rh	Rh	20	10	6.0606	0.3736	1444.3260
JERC-93-1-Ro	Ro	15	10	3.8153	0.1106	139.2278
JERC-94-1-No	No	45	19	24.7768	3.3316	7915.7371
JERC-94-1-Rh	Rh	23	9	12.4918	2.9861	5489.0982
JERC-94-1-Ro	Ro	21	9	6.7524	0.2658	502.3877
JERC-CHNI-86-4-No	No	55	26	12.2066	5.8010	7417.8644
JERC-CHNI-86-4-Rh	Rh	15	8	5.5556	0.6110	5565.8281
JERC-CRJU-86-1-No	No	30	17	10.6977	1.7012	7476.8011
JERC-CRJU-86-1-Rh	Rh	18	13	4.8843	0.5176	2353.1140
JERC-CRJU-86-1-Ro	Ro	4	3	1.4945	0.0455	1133.8702
KONA-1-1-No	No	41	21	10.7034	0.9415	7725.7638
LAJA-1-1-No	No	22	10	21.9608	1.6933	5798.4410
LAJA-1-1-Rh	Rh	25	19	5.1515	0.3198	607.4509
LAJA-1-1-Ro	Ro	7	3	8.2990	0.3441	97.9263
LAJA-1-2-No	No	20	10	12.0581	1.4192	5763.7971
LAJA-1-2-Rh	Rh	48	25	30.7692	3.3955	966.8632
LAJA-1-2-Ro	Ro	16	7	18.2648	1.4989	1537.0079
LAJA-1-3-No	No	35	23	14.2857	1.1867	7909.6546
LAJA-1-3-Rh	Rh	41	17	41.5000	5.8311	3268.0340
LAJA-1-3-Ro	Ro	20	9	16.7500	1.6471	3289.4739
LAJA-10-1-No	No	25	20	5.9572	0.8802	7035.2190
LAJA-10-1-Rh	Rh	20	17	4.7619	0.4042	4294.1982
LAJA-10-1-Ro	Ro	12	8	0.0000	0.0000	64.8333
LAJA-11-3-No	No	45	20	21.1538	4.5180	7919.5831
LAJA-11-3-Rh	Rh	38	18	25.0000	4.1573	914.2772
LAJA-11-3-Ro	Ro	21	16	5.8075	0.4134	345.7912
LAJA-12-1-No	No	28	15	13.0303	4.2570	6658.7228
LAJA-12-1-Rh	Rh	25	19	13.7255	2.4366	1048.3439
LAJA-12-1-Ro	Ro	39	20	14.3898	1.7255	762.7611
LAJA-13-3-No	No	48	24	9.3259	1.2052	7944.9233
LAJA-13-3-Rh	Rh	40	22	25.3429	2.5594	654.0123
LAJA-13-3-Ro	Ro	35	23	13.9314	1.5033	6856.5578
LAJA-14-1-No	No	50	23	18.3788	2.9679	7884.9955
LAJA-14-1-Rh	Rh	41	21	27.7217	2.6701	7850.1537
LAJA-14-1-Ro	Ro	40	22	22.0363	2.1930	2075.5774
LAJA-15-1-No	No	25	20	4.0650	0.1115	7916.9441
LAJA-15-1-Rh	Rh	40	21	19.9730	1.9094	3089.4399
LAJA-15-1-Ro	Ro	35	21	23.1037	2.2200	1869.5189
LAJA-16-2-No	No	41	22	17.6403	3.6961	7903.4592
LAJA-16-2-Rh	Rh	30	19	6.4339	1.6216	943.8122
LAJA-16-2-Ro	Ro	51	25	16.4721	1.4899	6849.2460
LAJA-17-1-No	No	41	21	20.9212	5.2639	7760.2554
LAJA-17-1-Rh	Rh	48	21	34.4488	6.3583	1399.2488
LAJA-17-1-Ro	Ro	47	22	30.0795	5.2943	1567.1484
LAJA-18-1-No	No	48	21	20.1282	1.6826	7930.8463
LAJA-18-1-Rh	Rh	46	26	9.3677	1.3662	2467.6307
LAJA-18-1-Ro	Ro	23	20	3.1746	0.4000	444.6263
LAJA-19-2-No	No	28	21	10.5556	2.2121	6979.8554
LAJA-19-2-Rh	Rh	37	20	29.1667	3.2073	1163.3702
LAJA-19-2-Ro	Ro	35	23	4.4936	0.2243	172.1930
LAJA-2-1-No	No	32	23	9.6939	1.2734	7791.3681
LAJA-2-1-Rh	Rh	15	7	12.4161	1.3465	4008.8530
LAJA-2-1-Ro	Ro	31	23	11.1373	0.8687	1974.3832
LAJA-2-2-No	No	38	23	15.3729	1.5389	7780.0423
LAJA-2-2-Rh	Rh	40	18	35.6164	4.0870	2309.5941
LAJA-2-2-Ro	Ro	37	23	21.7054	2.5021	5445.7551
LAJA-2-3-No	No	52	25	24.5614	3.4486	7946.5783
LAJA-2-3-Rh	Rh	65	26	37.6586	6.1723	2579.8776
LAJA-2-3-Ro	Ro	36	23	14.5442	1.4394	7339.7640
LAJA-20-1-Rh	Rh	35	20	22.1615	2.5193	638.3667
LAJA-21-1-No	No	41	22	17.6143	1.5616	7929.2384
LAJA-24-2-No	No	14	10	14.1721	0.6855	3585.4311
LAJA-24-2-Rh	Rh	6	4	2.8860	0.1499	1128.2860
LAJA-24-2-Ro	Ro	0	0	0.0000	0.0000	45.1092
LAJA-25-1-No	No	39	17	11.0469	2.2185	7041.4702
LAJA-25-1-Rh	Rh	7	4	13.7961	0.9528	932.4439
LAJA-25-1-Ro	Ro	17	10	13.1313	0.7086	300.8193
LAJA-26-1-No	No	25	9	16.7015	2.2298	7155.8193
LAJA-26-1-Rh	Rh	20	10	15.6673	1.1743	604.3088
LAJA-26-1-Ro	Ro	20	10	8.6310	0.3860	201.6158
LAJA-3-1-No	No	24	11	15.4930	1.4905	7640.1158
LAJA-3-1-Rh	Rh	26	9	32.7564	2.8121	1505.4579
LAJA-3-1-Ro	Ro	20	10	17.6768	0.6360	141.5702
LAJA-3-2-No	No	40	19	31.5104	3.9571	7646.3509
LAJA-3-2-Rh	Rh	33	12	31.6413	2.1162	7637.7561
LAJA-3-2-Ro	Ro	19	8	20.2186	1.3173	314.1193
LAJA-3-3-No	No	34	13	35.1562	4.1091	7654.9193
LAJA-3-3-Rh	Rh	31	8	39.3814	2.9425	2526.8456
LAJA-3-3-Ro	Ro	14	6	11.8068	0.8650	243.8596
LAJA-4-1-No	No	25	11	16.4297	1.5038	5133.2535
LAJA-4-1-Rh	Rh	10	7	7.8704	0.8444	5553.4198
LAJA-4-1-Ro	Ro	13	8	13.9167	0.7542	738.6680
LAJA-5-1-No	No	36	14	13.5870	13.9562	7268.3747
LAJA-5-1-Rh	Rh	17	7	18.0805	2.4555	1116.8789
LAJA-5-1-Ro	Ro	10	6	4.1667	0.2572	154.8491
LAJA-6-1-No	No	40	14	32.0862	4.7389	7301.2271
LAJA-6-1-Rh	Rh	49	15	35.7773	5.3611	6901.4776
LAJA-6-1-Ro	Ro	15	9	6.2016	0.2613	156.9228
LAJA-7-1-No	No	40	21	20.4613	1.9198	7918.0994
LAJA-7-1-Rh	Rh	65	26	36.7003	3.6528	1136.6793
LAJA-7-1-Ro	Ro	45	20	18.0995	1.5274	1581.0432
LAJA-8-2-No	No	17	10	12.3202	2.3757	7452.8526
LAJA-8-2-Rh	Rh	19	10	20.4811	1.8122	828.5509
LAJA-8-2-Ro	Ro	12	5	6.9264	0.4420	353.8088
LAJA-9-1-No	No	29	21	15.5785	4.6358	7921.5537
LAJA-9-1-Rh	Rh	31	21	8.6758	1.4729	7874.5401
LAJA-9-1-Ro	Ro	36	21	18.5185	3.3333	7224.8893
LENO-15-2-No	No	57	23	34.1667	2.1137	7472.9815
LENO-15-2-Rh	Rh	25	19	11.8166	0.3275	433.9107
LENO-16-2-No	No	31	13	34.1935	2.9292	7491.2153
LENO-16-2-Rh	Rh	30	21	8.4656	0.3479	1354.3493
MLBS-2-1-No	No	22	10	4.1215	0.2408	1977.6649
NIWO-1-No	No	24	17	7.4468	0.6295	7893.5059
NIWO-1-Rh	Rh	22	13	13.5286	1.1244	1326.8350
NIWO-1-Ro	Ro	13	7	11.0092	0.6667	993.3579
NIWO-2-No	No	14	9	5.8081	0.6224	1051.9479
NIWO-2-Rh	Rh	15	9	9.9927	0.4606	1191.7895
NIWO-2-Ro	Ro	3	2	0.0000	0.0000	545.1583
NOGP-1-1-No	No	20	16	1.6420	0.0562	7926.2919
NOGP-1-1-Rh	Rh	28	16	2.7894	0.2418	1429.1035
NOGP-1-1-Ro	Ro	19	15	5.0125	0.1892	48.9735
NOGP-2-1-No	No	33	17	7.2391	1.4275	7869.6916
NOGP-2-1-Rh	Rh	31	16	5.0881	0.3634	2874.0175
NOGP-2-1-Ro	Ro	22	16	3.3764	0.1307	7922.1698
NOGP-3-2-No	No	22	16	3.4632	0.1945	7944.6968
NOGP-3-2-Rh	Rh	32	17	1.9250	0.0414	629.1929
NOGP-3-2-Ro	Ro	19	16	4.7893	0.1778	1839.9159
NOGP-4-1-No	No	9	8	0.0000	0.0000	39.5929
NOGP-4-1-Rh	Rh	31	16	10.8333	0.4920	548.2772
NOGP-4-1-Ro	Ro	31	17	1.2821	0.0281	7936.7249
NOGP-5-2-No	No	33	20	1.4105	0.0550	7946.8554
NOGP-5-2-Rh	Rh	30	17	8.3060	0.4750	565.8536
NOGP-5-2-Ro	Ro	20	16	6.2092	0.1338	7765.2139
NOGP-6-3-No	No	39	19	7.8231	1.2153	7887.6563
NOGP-6-3-Rh	Rh	23	13	8.4886	0.4614	543.2783
NOGP-6-3-Ro	Ro	37	21	2.9210	0.0612	1928.4174
NOGP-7-2-No	No	25	13	8.3721	0.6702	3938.9401
NOGP-7-2-Rh	Rh	23	16	2.5840	0.1388	2802.5921
NOGP-7-2-Ro	Ro	7	7	0.6257	0.0257	67.1199
OAES-35-3-No	No	45	17	16.1650	3.3654	7707.5088
OAES-35-3-Rh	Rh	4	3	4.3783	0.1252	2530.0386
OAES-35-3-Ro	Ro	22	12	7.8189	0.3940	820.4225
OAES-36-2-No	No	27	16	4.3398	0.2385	7877.7596
OAES-36-2-Rh	Rh	11	9	3.9095	0.2399	892.7456
OAES-36-2-Ro	Ro	28	16	8.6252	0.6447	4232.5175
OAES-36-3-No	No	25	16	6.2092	0.6116	7608.3037
OAES-36-3-Rh	Rh	26	16	5.2910	0.5473	5066.4831
OAES-36-3-Ro	Ro	25	21	4.7619	0.3041	2608.2526
OAES-37-2-No	No	5	3	3.5304	0.2334	2789.6333
OAES-37-2-Rh	Rh	8	7	4.6065	0.4519	3600.4912
OAES-37-2-Ro	Ro	20	16	3.6508	0.1480	82.0912
ORNL-25-1-No	No	19	17	4.0383	0.3691	7770.1446
ORNL-25-1-Rh	Rh	5	4	1.3175	0.1135	1482.7561
ORNL-25-1-Ro	Ro	7	6	1.2868	0.0326	707.5018
ORNL-7-2-No	No	21	14	7.1537	0.9825	7133.5921
ORNL-7-2-Rh	Rh	6	5	0.0000	0.0000	1335.3456
ORNL-7-2-Ro	Ro	3	2	2.0599	0.0844	2635.0895
ORNL-8-2-No	No	30	17	3.9069	0.1955	5724.8316
ORNL-8-2-Rh	Rh	1	1	0.0000	0.0000	50.2282
ORNL-8-2-Ro	Ro	8	5	2.4643	0.0780	88.3175
OSBS-100-3-No	No	7	5	0.0000	0.0000	4628.6193
OSBS-100-3-Rh	Rh	9	7	0.0000	0.0000	2339.1386
OSBS-100-3-Ro	Ro	7	6	0.0000	0.0000	1327.2877
OSBS-101-1-No	No	3	2	2.0408	0.0822	766.7772
OSBS-101-1-Rh	Rh	13	11	0.0000	0.0000	1313.2088
OSBS-101-1-Ro	Ro	4	3	0.0000	0.0000	2055.8719
OSBS-102-1-No	No	41	16	13.6508	0.2796	188.0723
OSBS-102-1-Rh	Rh	5	4	0.0000	0.0000	3706.1719
OSBS-102-1-Ro	Ro	18	12	6.5799	0.6235	2284.0211
OSBS-103-2-No	No	10	8	0.0000	0.0000	5198.6175
OSBS-103-2-Rh	Rh	7	5	0.0000	0.0000	4207.3561
OSBS-103-2-Ro	Ro	11	8	3.5430	0.2528	4325.7179
OSBS-104-1-No	No	24	21	6.8151	0.7526	7855.8655
OSBS-104-1-Ro	Ro	16	8	1.5833	0.1280	3764.3593
OSBS-106-1-No	No	16	9	2.4291	0.1884	3838.0999
OSBS-106-1-Ro	Ro	25	16	3.8560	0.1449	193.9649
OSBS-107-No	No	29	17	5.5556	0.4103	7323.9641
OSBS-107-Rh	Rh	6	4	0.0000	0.0000	570.8576
OSBS-107-Ro	Ro	19	13	2.1237	0.0585	393.1058
OSBS-109-4-No	No	31	22	4.3398	0.1770	7463.0893
OSBS-109-4-Ro	Ro	11	7	1.4329	0.0503	830.6364
OSBS-110-1-No	No	20	13	5.7857	0.8525	7353.3626
OSBS-25-1-Rh	Rh	14	8	15.8263	0.7681	911.4316
OSBS-25-1-Ro	Ro	5	3	4.2032	0.1605	500.5211
OSBS-28-1-No	No	17	10	9.9473	0.5180	1494.4905
OSBS-28-1-Rh	Rh	16	10	5.4054	0.3852	2379.4558
OSBS-28-1-Ro	Ro	15	9	5.5556	0.2183	1740.9383
OSBS-29-1-Rh	Rh	10	5	3.2419	0.2098	3394.0763
OSBS-29-1-Ro	Ro	7	5	1.3046	0.0261	56.9091
OSBS-30-1-Rh	Rh	14	7	12.0805	0.5057	944.9772
OSBS-30-1-Ro	Ro	1	1	0.0000	0.0000	15.8421
OSBS-31-1-Rh	Rh	5	4	0.0000	0.0000	496.5123
OSBS-31-1-Ro	Ro	0	0	0.0000	0.0000	7.1773
OSBS-46-1-No	No	8	6	0.0000	0.0000	1508.7825
OSBS-46-1-Ro	Ro	23	14	6.2016	0.8379	6248.9737
OSBS-49-1-No	No	24	17	4.2618	0.4076	5824.4859
OSBS-49-1-Rh	Rh	12	7	0.0000	0.0000	2571.9955
OSBS-49-1-Ro	Ro	15	7	3.7138	0.2410	609.2456
OSBS-51-1-No	No	8	5	2.2523	0.0931	253.3042
OSBS-51-1-Rh	Rh	8	5	0.0000	0.0000	2286.1228
OSBS-51-1-Ro	Ro	33	23	2.8070	0.1923	158.7112
OSBS-52-2-No	No	23	13	4.8897	0.4598	7938.8843
OSBS-52-2-Rh	Rh	15	7	11.2069	1.1844	617.2526
OSBS-52-2-Ro	Ro	21	11	5.3947	0.5658	460.8642
OSBS-55-1-No	No	28	17	6.6375	0.6838	6286.5422
OSBS-55-1-Rh	Rh	8	5	3.0702	0.0763	2210.9333
OSBS-55-1-Ro	Ro	18	7	6.0041	0.7117	6117.1333
OSBS-69-1-No	No	41	19	14.0030	2.0824	7064.0459
OSBS-69-1-Rh	Rh	8	3	4.5165	0.1571	3149.1616
OSBS-69-1-Ro	Ro	21	11	9.7365	0.2342	95.5090
OSBS-91-1-No	No	13	7	10.1523	1.1667	2893.8421
OSBS-91-1-Rh	Rh	7	6	7.0707	0.1793	447.9600
OSBS-91-1-Ro	Ro	14	9	5.0926	0.4969	2193.2193
OSBS-95-3-Rh	Rh	5	3	13.0081	0.7667	2403.3193
OSBS-95-3-Ro	Ro	17	10	8.0050	0.7692	5440.4614
OSBS-97-2-Rh	Rh	22	15	8.0675	0.5135	3419.8350
OSBS-97-2-Ro	Ro	6	4	7.1429	0.6010	4603.7193
OSBS-99-No	No	20	11	7.3333	0.2148	586.3125
OSBS-99-Rh	Rh	7	5	0.0000	0.0000	4236.2035
OSBS-99-Ro	Ro	15	13	3.2149	0.1284	97.9140
OSBS-CEVI-50-3-No	No	16	11	4.3398	0.2657	6281.6307
OSBS-CEVI-50-3-Rh	Rh	13	8	3.1092	0.9242	6057.7456
OSBS-CEVI-50-3-Ro	Ro	3	2	0.0000	0.0000	3285.4175
OSBS-DETR-64-3-No	No	11	10	0.0000	0.0000	1464.3035
OSBS-DETR-64-3-Rh	Rh	8	4	0.0000	0.0000	2932.4965
OSBS-DETR-64-3-Ro	Ro	25	21	10.8333	0.6439	686.5386
OSBS-LEHI-62-5-No	No	26	20	8.7527	0.7570	7270.0927
OSBS-LEHI-62-5-Rh	Rh	8	6	2.6694	0.2368	4752.3070
OSBS-LEHI-62-5-Ro	Ro	9	8	1.3149	0.0467	113.3653
OSBS-TEVI-61-4-No	No	20	15	5.9972	0.6212	7409.9966
OSBS-TEVI-61-4-Rh	Rh	12	8	5.5807	0.2616	1473.1895
OSBS-TEVI-61-4-Ro	Ro	1	1	0.0000	0.0000	28.1807
RMNP-1-No	No	37	18	11.3193	1.4504	7484.2509
RMNP-1-Rh	Rh	36	17	16.2720	1.4319	2242.4597
RMNP-1-Ro	Ro	2	2	3.4256	0.1843	89.2632
RMNP-2-No	No	35	17	16.2443	1.1740	7781.4404
RMNP-2-Rh	Rh	50	18	32.3181	2.6599	7852.6070
RMNP-2-Ro	Ro	17	10	8.4249	0.4021	149.0930
RMNP-3-No	No	38	16	23.9778	2.7275	6629.2404
RMNP-3-Rh	Rh	17	9	4.8832	0.2020	2746.8157
RMNP-3-Ro	Ro	25	12	14.9912	1.6800	1354.0460
RMNP-4-No	No	5	4	0.0000	0.0000	1451.7721
RMNP-4-Rh	Rh	11	6	6.1111	0.2399	3342.6195
RMNP-4-Ro	Ro	1	1	1.8868	0.0728	48.7807
RMNP-5-1-No	No	39	14	14.4526	0.5102	7898.1627
RMNP-5-1-Rh	Rh	0	0	0.0000	0.0000	2.5887
RMNP-5-1-Ro	Ro	0	0	0.0000	0.0000	3.1070
SCBI-1-1-Rh	Rh	37	18	7.8947	0.5056	2368.7333
SCBI-1-1-Ro	Ro	22	17	0.0000	0.0000	43.6708
SCBI-10-1-No	No	34	14	16.6275	0.9171	7215.1400
SCBI-10-1-Rh	Rh	15	8	15.6504	1.2105	1285.6000
SCBI-10-1-Ro	Ro	13	7	12.5520	1.2238	1427.0228
SCBI-11-1-No	No	17	11	7.2856	1.3961	7609.1175
SCBI-11-1-Rh	Rh	7	5	3.6630	0.5566	2881.2105
SCBI-11-1-Ro	Ro	14	8	7.3826	0.5769	626.0579
SCBI-12-1-No	No	39	18	14.4393	1.0197	7131.5684
SCBI-12-1-Rh	Rh	15	9	5.6466	0.6255	3371.3812
SCBI-12-1-Ro	Ro	19	15	12.0826	0.6620	1335.1345
SCBI-13-1-No	No	15	9	11.4638	0.8760	6813.0567
SCBI-13-1-Rh	Rh	28	12	29.2829	1.8694	1230.5569
SCBI-13-1-Ro	Ro	13	6	18.7831	0.8627	419.2951
SCBI-2-1-No	No	24	17	0.0000	0.0000	2387.6544
SCBI-2-1-Rh	Rh	25	16	2.4406	0.3728	4899.9596
SCBI-2-1-Ro	Ro	24	14	8.2500	0.6773	4780.3877
SCBI-3-1-No	No	17	7	10.2431	0.9551	6160.0509
SCBI-3-1-Rh	Rh	24	17	1.3858	0.1970	3203.0316
SCBI-3-1-Ro	Ro	38	16	15.7328	1.6440	1582.4211
SCBI-4-1-No	No	19	14	6.0811	0.6710	7436.2554
SCBI-4-1-Rh	Rh	33	17	21.3798	2.5845	6147.9062
SCBI-4-1-Ro	Ro	12	8	5.0439	0.3298	378.9119
SCBI-5-1-No	No	33	14	40.3553	3.0265	7838.3333
SCBI-5-1-Rh	Rh	12	7	15.9106	1.3216	991.9509
SCBI-5-1-Ro	Ro	6	5	9.1633	0.3568	113.8105
SCBI-6-1-No	No	29	17	17.4797	2.6546	7629.3593
SCBI-6-1-Rh	Rh	21	11	20.8627	2.7938	2020.4246
SCBI-6-1-Ro	Ro	32	14	12.4242	0.8167	715.4358
SCBI-7-1-No	No	23	14	7.6459	0.5087	7845.0529
SCBI-7-1-Rh	Rh	19	6	21.3911	2.9393	2343.6993
SCBI-7-1-Ro	Ro	30	16	14.2444	0.9632	710.8442
SCBI-8-2-No	No	19	10	8.7542	0.9812	7367.6343
SCBI-8-2-Rh	Rh	17	13	1.1455	0.0229	2094.0337
SCBI-8-2-Ro	Ro	17	7	18.9675	1.9452	1272.1140
SCBI-9-2-No	No	14	10	4.9479	0.4572	7135.8079
SCBI-9-2-Rh	Rh	27	16	20.5128	2.3714	1683.0293
SCBI-9-2-Ro	Ro	9	6	3.9337	0.2719	179.7811
SERC-1-1-No	No	14	8	4.0860	0.4067	6497.9271
SERC-1-1-Rh	Rh	8	8	0.0000	0.0000	450.9695
SERC-1-1-Ro	Ro	18	8	11.4228	0.9665	3002.8299
SERC-2-1-No	No	20	9	5.0125	0.9249	6879.5810
SERC-2-1-Rh	Rh	12	8	11.6376	0.9954	2747.9509
SERC-2-1-Ro	Ro	8	4	5.8104	0.3472	692.3404
SERC-3-1-Rh	Rh	23	15	9.0090	0.8645	5595.3982
SERC-3-1-Ro	Ro	22	17	4.3011	0.1959	75.9105
SERC-4-1-No	No	26	22	6.7019	1.3985	6889.6520
SERC-4-1-Rh	Rh	29	19	9.7104	1.1193	5216.2404
SERC-4-1-Ro	Ro	12	9	3.2020	0.5720	322.3807
SERC-5-1-No	No	27	21	6.5359	0.5447	7675.0802
SERC-5-1-Rh	Rh	33	22	17.0543	1.5827	866.5698
SERC-5-1-Ro	Ro	9	9	0.0000	0.0000	133.8058
SERC-6-1-No	No	41	23	2.3333	0.0686	7950.2807
SERC-6-1-Rh	Rh	29	22	12.2921	0.9042	6143.3700
SERC-6-1-Ro	Ro	29	21	7.9336	0.4406	391.1702
SERC-7-1-No	No	24	21	5.2910	0.2231	7944.0526
SERC-7-1-Rh	Rh	12	10	0.0000	0.0000	5242.2509
SERC-7-1-Ro	Ro	12	8	3.9124	0.2289	2306.3263
SJER-1-1-No	No	19	10	10.0506	1.3333	7773.7140
SJER-1-1-Rh	Rh	13	7	1.2970	0.0472	3850.6900
SJER-1-1-Ro	Ro	17	10	5.9128	0.2432	301.4491
SJER-2-3-No	No	26	14	12.6537	0.7832	7908.7310
SJER-2-3-Rh	Rh	21	12	8.9202	0.8920	5486.1318
SJER-2-3-Ro	Ro	29	14	17.9775	1.8698	1647.5442
SJER-3-5-No	No	21	13	10.0833	1.4691	7828.5561
SJER-3-5-Rh	Rh	20	11	18.1818	2.3795	5991.2439
SJER-3-5-Ro	Ro	26	13	12.6263	1.0179	1383.4281
SJER-4-1-No	No	10	6	0.0000	0.0000	1174.3492
SJER-4-1-Rh	Rh	29	15	20.8459	2.0832	1700.4368
SJER-4-1-Ro	Ro	23	14	3.2500	0.1091	155.7305
SJER-5-1-No	No	15	8	3.8153	1.1446	7302.3737
SJER-5-1-Rh	Rh	17	11	2.7417	0.0975	2223.2144
SJER-5-1-Ro	Ro	15	8	1.9250	0.0741	438.8298
TALL-10-4-No	No	19	9	2.9664	0.1553	3906.0898
TALL-10-4-Rh	Rh	8	4	0.0000	0.0000	1130.2334
TALL-10-4-Ro	Ro	1	1	0.0000	0.0000	75.7788
TALL-11-1-No	No	17	12	3.2448	0.3319	1941.7877
TALL-11-1-Rh	Rh	2	1	1.3123	0.0633	3191.9140
TALL-11-1-Ro	Ro	3	2	2.4595	0.1743	1891.1386
TALL-12-2-No	No	23	11	7.4176	1.5344	7294.0812
TALL-12-2-Rh	Rh	9	5	0.0000	0.0000	788.2359
TALL-12-2-Ro	Ro	14	8	6.8691	0.5711	5233.7864
TALL-13-3-No	No	36	15	18.7778	1.8534	7842.8826
TALL-13-3-Rh	Rh	18	7	6.4000	0.1770	3498.1943
TALL-13-3-Ro	Ro	14	7	9.0090	0.2841	3336.9731
TALL-14-2-No	No	13	9	2.2959	0.1740	6375.5412
TALL-14-2-Rh	Rh	3	2	1.1642	0.0245	5485.3877
TALL-14-2-Ro	Ro	5	4	0.0000	0.0000	5577.2158
TALL-15-2-No	No	30	13	14.3320	2.7964	7277.5842
TALL-15-2-Rh	Rh	8	7	0.0000	0.0000	1248.1959
TALL-15-2-Ro	Ro	14	7	4.6279	0.1212	85.9754
TALL-16-No	No	20	12	5.7183	0.4704	6739.9953
TALL-16-Rh	Rh	27	12	15.6331	1.7217	2176.8404
TALL-16-Ro	Ro	8	5	2.1825	0.0443	68.3490
TALL-17-2-No	No	32	13	10.1371	2.7887	6763.3752
TALL-17-2-Rh	Rh	27	13	10.5128	1.0424	1066.9807
TALL-17-2-Ro	Ro	3	2	0.0000	0.0000	65.9140
TALL-18-1-No	No	25	16	6.7719	1.1051	6943.2209
TALL-18-1-Rh	Rh	19	7	7.6923	0.5724	3041.7565
TALL-18-1-Ro	Ro	11	8	1.7399	0.0674	1144.6267
TALL-19-2-No	No	32	20	16.2121	0.9875	7337.3739
TALL-19-2-Rh	Rh	3	2	1.2641	0.0289	1779.7561
TALL-19-2-Ro	Ro	6	3	3.2936	0.1946	2628.6789
TALL-2-3-No	No	23	13	12.8440	1.1335	7529.9887
TALL-2-3-Rh	Rh	11	5	10.9880	1.4844	3317.4837
TALL-2-3-Ro	Ro	25	12	14.5914	1.5609	5349.1860
TALL-20-1-No	No	24	16	5.0314	0.7782	7107.6307
TALL-20-1-Rh	Rh	7	4	0.0000	0.0000	1110.2761
TALL-20-1-Ro	Ro	16	8	4.6709	0.2017	1011.9108
TALL-21-2-No	No	18	11	5.4545	0.6039	6375.2715
TALL-21-2-Rh	Rh	8	4	0.0000	0.0000	2105.9360
TALL-21-2-Ro	Ro	23	15	2.7417	0.2794	3065.6267
TALL-22-No	No	18	10	5.0633	0.8734	4599.7989
TALL-22-Rh	Rh	9	5	0.0000	0.0000	3989.7452
TALL-22-Ro	Ro	4	4	0.0000	0.0000	33.3886
TALL-23-2-No	No	16	9	4.5977	0.9307	6390.5772
TALL-23-2-Rh	Rh	8	4	0.0000	0.0000	2395.8829
TALL-23-2-Ro	Ro	15	8	3.9683	0.7600	6171.2841
TALL-24-2-No	No	48	18	8.7683	2.3470	7605.3298
TALL-24-2-Rh	Rh	18	10	5.2083	0.9514	4184.1785
TALL-24-2-Ro	Ro	20	9	9.5960	0.5679	201.2912
TALL-25-2-No	No	42	19	10.3474	4.4818	7283.0685
TALL-25-2-Rh	Rh	24	14	4.1847	0.9322	5368.8377
TALL-25-2-Ro	Ro	30	14	4.1667	0.3393	1030.1281
TALL-26-3-No	No	12	10	6.0942	0.4957	2953.6188
TALL-26-3-Rh	Rh	5	3	2.8961	0.2511	2002.8737
TALL-26-3-Ro	Ro	13	8	8.4388	0.7706	1628.3825
TALL-27-1-No	No	9	7	4.1188	0.3487	3267.3719
TALL-27-1-Rh	Rh	7	5	0.0000	0.0000	5474.8544
TALL-27-1-Ro	Ro	10	6	4.0833	0.2142	1476.3982
TALL-28-1-No	No	41	20	8.0906	0.8001	7139.7492
TALL-28-1-Rh	Rh	12	6	7.2531	0.6874	3054.2702
TALL-28-1-Ro	Ro	32	20	7.4390	0.2327	718.9574
TALL-29-3-No	No	36	19	9.2500	1.0893	7075.2049
TALL-29-3-Rh	Rh	28	15	6.2092	0.9010	4397.9316
TALL-29-3-Ro	Ro	20	11	4.7331	0.1919	484.3807
TALL-30-1-No	No	16	11	5.2778	0.3968	2215.7299
TALL-30-1-Rh	Rh	29	12	15.2091	10.5817	5808.8859
TALL-30-1-Ro	Ro	57	20	34.7193	3.0758	616.9789
TALL-31-1-No	No	20	12	10.9649	1.9919	6719.5882
TALL-31-1-Rh	Rh	10	5	6.4579	1.1908	3555.4246
TALL-31-1-Ro	Ro	13	8	7.2211	0.3056	325.7772
TALL-32-1-No	No	19	9	5.3079	0.3840	4956.3726
TALL-32-1-Rh	Rh	12	6	4.8155	0.3737	3371.1158
TALL-32-1-Ro	Ro	13	6	2.8197	0.1168	457.5742
TALL-33-1-No	No	21	12	15.4079	3.6383	6881.8384
TALL-33-1-Rh	Rh	14	5	3.6458	0.4321	2461.8137
TALL-33-1-Ro	Ro	2	2	0.0000	0.0000	83.4947
TALL-34-1-No	No	19	11	10.0529	1.4896	5648.3632
TALL-34-1-Rh	Rh	33	16	10.3825	3.3671	5223.0220
TALL-34-1-Ro	Ro	9	5	5.5434	0.4112	814.2614
TALL-35-1-No	No	13	8	5.2910	0.3113	4002.8754
TALL-35-1-Rh	Rh	9	6	1.3738	0.0960	4266.6554
TALL-35-1-Ro	Ro	13	6	6.8247	0.5863	1218.7018
TALL-36-1-No	No	11	6	4.9935	0.2682	2650.7969
TALL-36-1-Rh	Rh	7	5	3.9716	0.4341	4166.5961
TALL-36-1-Ro	Ro	16	8	5.0505	0.4004	1296.5961
TALL-37-1-No	No	8	4	0.0000	0.0000	843.2249
TALL-37-1-Rh	Rh	13	7	6.2554	1.1306	4885.8990
TALL-37-1-Ro	Ro	10	5	4.5861	0.2480	191.8982
TALL-38-3-No	No	18	13	4.9345	0.4903	7131.3695
TALL-38-3-Rh	Rh	10	7	5.2516	0.9644	5255.4158
TALL-38-3-Ro	Ro	12	7	1.5317	0.0605	236.0281
TALL-39-2-No	No	19	13	6.1931	0.7849	7137.9135
TALL-39-2-Rh	Rh	2	2	0.0000	0.0000	702.5802
TALL-39-2-Ro	Ro	10	7	2.9831	0.0996	331.9772
TALL-4-1-No	No	13	11	5.9969	0.8920	6886.0173
TALL-40-1-No	No	20	14	4.6709	0.4757	7083.1218
TALL-40-1-Rh	Rh	8	6	5.8081	0.6346	3600.6707
TALL-40-1-Ro	Ro	15	7	3.4440	0.1090	201.0419
TALL-41-3-No	No	20	13	5.6680	0.5545	7703.4621
TALL-41-3-Rh	Rh	11	7	8.7500	0.7778	5055.5246
TALL-41-3-Ro	Ro	7	6	5.7357	0.2213	295.0825
TALL-42-1-No	No	21	12	11.9004	2.2942	7084.4458
TALL-42-1-Rh	Rh	13	7	3.8714	0.5442	3724.3267
TALL-42-1-Ro	Ro	7	3	0.0000	0.0000	93.3139
TALL-5-2-No	No	9	5	20.1012	1.0237	657.6281
TALL-5-2-Rh	Rh	3	3	2.7379	0.2075	530.8807
TALL-5-2-Ro	Ro	47	24	21.9359	0.5034	141.2442
TALL-53-3-No	No	33	21	11.2343	0.7588	7365.8712
TALL-53-3-Ro	Ro	24	19	6.0018	0.2584	590.6341
TALL-55-1-No	No	39	17	26.8293	1.5013	7840.4667
TALL-59-1-No	No	18	12	7.6078	1.1917	7044.6820
TALL-59-1-Rh	Rh	4	4	1.3976	0.1270	5994.6175
TALL-59-1-Ro	Ro	9	5	2.0249	0.0833	381.6228
TALL-6-2-No	No	14	10	3.2864	0.2462	1110.7977
TALL-6-2-Rh	Rh	4	3	0.0000	0.0000	5616.3649
TALL-6-2-Ro	Ro	10	5	5.0265	0.3032	481.2281
TALL-60-1-No	No	39	15	21.9623	1.8601	7838.7121
TALL-60-1-Rh	Rh	7	5	1.7036	0.0846	943.1890
TALL-60-1-Ro	Ro	0	0	0.0000	0.0000	286.6092
TALL-61-2-No	No	5	3	0.0000	0.0000	3984.2488
TALL-61-2-Rh	Rh	0	0	0.0000	0.0000	332.7229
TALL-61-2-Ro	Ro	3	3	0.0000	0.0000	109.9358
TALL-62-1-No	No	17	13	6.5359	0.8643	7447.8463
TALL-62-1-Rh	Rh	3	2	1.3277	0.0781	5425.4123
TALL-62-1-Ro	Ro	6	4	2.1991	0.0763	706.7860
TALL-63-1-No	No	23	14	8.6207	0.8731	7140.9594
TALL-63-1-Rh	Rh	9	4	4.0650	0.2398	1342.0912
TALL-63-1-Ro	Ro	3	2	3.2006	0.1027	76.8456
TALL-64-1-No	No	24	11	25.7634	3.2328	7602.7230
TALL-64-1-Rh	Rh	4	3	4.9927	0.3722	5788.5070
TALL-64-1-Ro	Ro	43	23	18.9147	1.6745	825.6632
TALL-65-1-No	No	25	19	14.1667	1.0859	6728.6927
TALL-65-1-Rh	Rh	22	16	15.6048	1.0257	2523.6035
TALL-65-1-Ro	Ro	20	15	10.1961	0.2111	196.9123
TALL-66-2-No	No	18	11	15.1714	1.6429	6811.3027
TALL-66-2-Rh	Rh	10	7	7.7778	0.4525	3989.0316
TALL-66-2-Ro	Ro	6	4	5.1146	0.2227	235.4000
TALL-67-1-No	No	18	12	10.3535	1.4602	6956.8570
TALL-67-1-Rh	Rh	14	7	5.2224	0.9803	3294.9921
TALL-67-1-Ro	Ro	25	13	26.1438	0.6789	47.5719
TALL-68-2-No	No	31	13	13.8291	5.5755	7122.4770
TALL-68-2-Rh	Rh	25	10	16.9184	1.3032	1990.2421
TALL-68-2-Ro	Ro	13	6	12.8427	0.7350	375.5088
TALL-69-1-No	No	22	11	11.5152	1.8148	4906.9874
TALL-69-1-Rh	Rh	17	9	6.4635	1.2995	5628.7579
TALL-69-1-Ro	Ro	6	4	4.7980	0.1683	304.6632
TALL-7-2-No	No	16	7	3.3275	0.1837	2963.8802
TALL-7-2-Rh	Rh	8	5	1.3950	0.0875	1533.6560
TALL-7-2-Ro	Ro	7	4	1.7399	0.0521	229.9048
TALL-70-1-No	No	27	16	7.5672	0.7273	6839.6327
TALL-70-1-Rh	Rh	22	12	16.3383	1.0676	1293.9965
TALL-70-1-Ro	Ro	2	1	1.3834	0.0424	46.8368
TALL-71-2-No	No	24	16	7.9955	1.3825	5788.4464
TALL-71-2-Rh	Rh	20	12	17.7889	1.8725	4148.6201
TALL-71-2-Ro	Ro	1	1	0.0000	0.0000	83.4307
TALL-72-1-No	No	32	13	38.4615	1.4419	7789.1235
TALL-72-1-Rh	Rh	0	0	0.0000	0.0000	95.2654
TALL-72-1-Ro	Ro	28	12	20.7729	2.4000	6165.3779
TALL-73-2-No	No	14	11	8.6420	0.2483	7919.2700
TALL-73-2-Rh	Rh	14	9	17.8962	1.1104	1627.6088
TALL-73-2-Ro	Ro	1	1	0.0000	0.0000	228.4621
TALL-74-3-No	No	42	20	9.5059	1.9287	7181.4890
TALL-74-3-Rh	Rh	18	11	9.8851	1.9933	6585.2228
TALL-74-3-Ro	Ro	21	14	6.9149	0.3521	262.4192
TALL-75-2-No	No	20	10	11.7571	2.0418	1863.7824
TALL-75-2-Rh	Rh	13	8	5.2083	0.4962	5848.3158
TALL-75-2-Ro	Ro	3	3	0.0000	0.0000	96.5000
TALL-76-3-No	No	20	13	8.7054	1.3535	7257.5316
TALL-76-3-Rh	Rh	17	12	5.8104	0.7670	5976.9912
TALL-76-3-Ro	Ro	11	8	4.5819	0.3810	1254.0404
TALL-78-2-No	No	18	11	11.1335	1.5398	7087.0286
TALL-78-2-Rh	Rh	7	4	4.0573	0.2079	5859.2491
TALL-78-2-Ro	Ro	3	2	0.0000	0.0000	110.9018
TALL-79-1-No	No	23	18	7.9612	1.3660	7184.7718
TALL-79-1-Rh	Rh	33	21	2.2155	0.0803	5470.8281
TALL-79-1-Ro	Ro	10	6	4.8917	0.3256	4621.0333
TALL-8-2-No	No	23	12	8.0183	0.3874	7940.8973
TALL-8-2-Rh	Rh	18	8	1.8171	0.0582	3153.5768
TALL-8-2-Ro	Ro	25	9	10.1911	0.7944	1423.9248
TALL-80-1-No	No	12	7	11.1675	0.7071	5887.8070
TALL-80-1-Rh	Rh	10	6	1.2692	0.0462	5014.1053
TALL-80-1-Ro	Ro	8	4	3.9920	0.2732	5532.9526
TALL-81-1-Rh	Rh	12	6	3.6316	1.3717	3302.3838
TALL-81-1-Ro	Ro	4	3	0.0000	0.0000	406.5174
TALL-82-1-No	No	8	6	10.2285	0.1569	192.9864
TALL-82-1-Rh	Rh	12	7	14.6417	1.6364	1824.2070
TALL-82-1-Ro	Ro	6	3	3.2149	0.2410	817.8216
TALL-83-2-No	No	21	10	8.7719	1.1063	7835.5880
TALL-83-2-Rh	Rh	7	4	3.9375	1.0920	2271.0247
TALL-83-2-Ro	Ro	0	0	1.1685	0.0202	95.9520
TALL-84-1-No	No	12	11	6.7599	0.2290	7944.1513
TALL-84-1-Rh	Rh	11	7	5.5556	0.7154	4446.0060
TALL-84-1-Ro	Ro	3	3	0.0000	0.0000	122.3560
TALL-85-1-No	No	7	4	1.2845	0.0238	181.1053
TALL-85-1-Rh	Rh	15	7	14.8352	1.5639	2249.4947
TALL-85-1-Ro	Ro	8	6	0.0000	0.0000	238.5877
TALL-86-1-No	No	16	10	8.8768	1.6108	7084.2861
TALL-86-1-Rh	Rh	20	16	8.0963	2.3774	6405.7312
TALL-86-1-Ro	Ro	14	6	4.9603	0.6238	340.5526
TALL-87-3-No	No	21	13	5.0973	0.7938	7325.3686
TALL-87-3-Rh	Rh	10	5	2.9321	0.4281	2062.4781
TALL-87-3-Ro	Ro	11	4	4.0527	0.2294	277.5684
TALL-88-1-No	No	24	15	10.6029	2.6114	7158.6307
TALL-88-1-Rh	Rh	7	3	0.0000	0.0000	3211.2985
TALL-88-1-Ro	Ro	14	8	6.8182	0.7492	1730.1790
TALL-89-1-No	No	49	26	13.0787	5.2005	7142.3792
TALL-89-1-Rh	Rh	10	5	2.2803	0.3539	2343.5702
TALL-89-1-Ro	Ro	8	4	4.3103	0.3365	395.8667
TALL-9-2-No	No	41	24	10.4885	0.9728	7944.2539
TALL-9-2-Rh	Rh	11	7	7.9710	0.5455	1262.7175
TALL-9-2-Ro	Ro	3	3	1.2027	0.0241	424.6162
TALL-90-1-No	No	19	12	4.1408	0.3016	7753.5777
TALL-90-1-Rh	Rh	0	0	0.0000	0.0000	24.3947
TALL-90-1-Ro	Ro	2	2	0.0000	0.0000	279.6301
TALL-91-1-No	No	0	0	0.0000	0.0000	836.3145
TALL-91-1-Rh	Rh	1	1	0.0000	0.0000	14.2202
TALL-91-1-Ro	Ro	1	1	0.0000	0.0000	202.5710
TALL-92-1-No	No	17	12	0.0000	0.0000	7735.5161
TALL-92-1-Rh	Rh	3	1	3.8801	0.1896	1826.3316
TALL-92-1-Ro	Ro	14	12	0.0000	0.0000	841.5561
TALL-93-3-No	No	15	11	0.0000	0.0000	5563.1019
TALL-93-3-Rh	Rh	3	3	0.0000	0.0000	478.1238
TALL-93-3-Ro	Ro	4	4	0.0000	0.0000	874.4175
TEAK-1-2-Rh	Rh	0	0	0.0000	0.0000	3.3388
TEAK-1-2-Ro	Ro	46	23	3.2691	0.1083	71.6947
TEAK-2-1-No	No	22	13	9.1570	0.8479	7874.5854
TEAK-2-1-Rh	Rh	15	10	0.0000	0.0000	132.5975
TEAK-2-1-Ro	Ro	6	4	0.0000	0.0000	63.7800
TEAK-3-1-No	No	25	12	9.1650	1.0745	7893.5754
TEAK-3-1-Rh	Rh	21	12	1.7182	0.0615	838.9073
TEAK-3-1-Ro	Ro	39	16	19.6512	1.0519	536.8743
TOOL-1-No	No	20	10	6.4494	0.9085	6292.1763
TOOL-1-Rh	Rh	15	10	0.0000	0.0000	1323.2708
TOOL-1-Ro	Ro	16	16	0.0000	0.0000	594.1228
TOOL-10-No	No	42	18	19.6999	1.8013	7852.7793
TOOL-10-Rh	Rh	23	13	7.6577	1.0974	6546.4458
TOOL-10-Ro	Ro	32	17	20.1579	0.9459	248.7901
TOOL-11-No	No	55	21	18.7543	2.3263	7875.9577
TOOL-11-Rh	Rh	10	8	6.6667	0.3509	802.0526
TOOL-11-Ro	Ro	14	9	16.4435	0.4344	144.6807
TOOL-12-No	No	23	11	6.5359	0.4501	6985.7831
TOOL-12-Rh	Rh	5	4	0.0000	0.0000	569.5761
TOOL-12-Ro	Ro	19	10	6.0345	0.6869	1129.3842
TOOL-13-Rh	Rh	17	11	3.2986	0.3078	4801.3684
TOOL-13-Ro	Ro	6	3	0.0000	0.0000	1460.7125
TOOL-14-No	No	24	13	7.8930	0.6179	6618.5896
TOOL-14-Rh	Rh	20	11	3.9755	0.4969	3903.5702
TOOL-14-Ro	Ro	1	1	0.0000	0.0000	179.4006
TOOL-15-No	No	28	15	6.2092	0.5216	6645.8293
TOOL-15-Rh	Rh	1	1	0.0000	0.0000	474.3648
TOOL-15-Ro	Ro	21	13	3.9683	0.1358	53.7430
TOOL-16-No	No	27	14	8.0808	0.2861	2622.3896
TOOL-16-Rh	Rh	9	5	2.9734	0.1242	3710.4281
TOOL-16-Ro	Ro	12	7	6.1324	0.3340	1167.7708
TOOL-17-No	No	7	6	2.5292	0.1238	1554.5689
TOOL-17-Rh	Rh	44	16	19.5286	2.8065	7264.3474
TOOL-17-Ro	Ro	20	11	10.8333	0.6734	655.7175
TOOL-18-No	No	13	7	3.6900	0.2492	3042.9660
TOOL-18-Rh	Rh	46	17	19.0045	2.6481	1862.8812
TOOL-18-Ro	Ro	12	9	5.2778	0.3056	421.5771
TOOL-19-No	No	18	10	4.5977	0.3426	4791.9016
TOOL-19-Rh	Rh	17	9	5.2910	0.3672	3645.0738
TOOL-19-Ro	Ro	1	1	1.5291	0.0750	261.9416
TOOL-2-No	No	12	7	11.2500	0.5933	299.2994
TOOL-2-Rh	Rh	17	8	17.3611	1.2727	1456.0789
TOOL-2-Ro	Ro	10	6	0.0000	0.0000	38.8923
TOOL-20-No	No	8	5	7.9561	0.4379	79.5123
TOOL-20-Rh	Rh	15	10	6.8783	0.3426	3377.2646
TOOL-20-Ro	Ro	9	7	6.7682	0.5535	361.3263
TOOL-21-No	No	16	10	4.9467	0.2303	5022.0521
TOOL-21-Rh	Rh	22	11	12.7778	1.4397	6467.2649
TOOL-21-Ro	Ro	1	1	0.0000	0.0000	36.8141
TOOL-22-No	No	16	10	3.3419	0.1970	836.1719
TOOL-22-Rh	Rh	23	13	8.0709	0.8549	1475.6267
TOOL-22-Ro	Ro	4	1	7.5199	0.4884	208.8175
TOOL-23-No	No	19	11	4.8851	0.3305	4534.3062
TOOL-23-Rh	Rh	22	12	9.7222	1.1076	3274.3772
TOOL-23-Ro	Ro	23	13	9.3240	0.7610	6551.3495
TOOL-24-No	No	39	15	14.3829	1.0173	7863.7042
TOOL-24-Rh	Rh	29	14	12.7644	1.6404	1502.3737
TOOL-24-Ro	Ro	16	9	6.9252	0.3528	178.7544
TOOL-25-No	No	29	13	12.1107	0.9015	7855.7561
TOOL-25-Rh	Rh	10	8	8.7398	0.7355	1279.8982
TOOL-25-Ro	Ro	25	16	8.0808	0.6012	727.7088
TOOL-26-No	No	33	15	24.7723	1.1869	7863.3991
TOOL-26-Rh	Rh	14	10	6.0332	0.7908	669.3456
TOOL-26-Ro	Ro	17	9	10.6061	0.8171	437.5474
TOOL-27-2-No	No	42	18	17.6367	1.2317	7849.2488
TOOL-27-2-Rh	Rh	24	11	14.9832	1.1577	1793.4912
TOOL-27-2-Ro	Ro	16	9	10.4396	0.7232	142.5208
TOOL-28-No	No	6	4	2.7333	0.1946	1822.9277
TOOL-28-Rh	Rh	8	6	1.6633	0.1062	2138.6772
TOOL-28-Ro	Ro	4	3	4.1209	0.3494	222.2562
TOOL-29-Rh	Rh	7	6	0.0000	0.0000	1789.6038
TOOL-29-Ro	Ro	6	4	1.9436	0.0973	1340.8458
TOOL-3-No	No	14	9	1.7354	0.0671	126.3322
TOOL-3-Rh	Rh	16	5	6.7104	0.7193	4258.3154
TOOL-3-Ro	Ro	26	13	7.4444	0.2082	2047.4366
TOOL-30-No	No	17	13	4.2623	0.4411	3530.2530
TOOL-30-Rh	Rh	21	14	5.7644	0.6016	3047.4509
TOOL-30-Ro	Ro	7	6	0.0000	0.0000	828.7981
TOOL-31-No	No	11	8	2.1182	0.0998	51.0193
TOOL-31-Rh	Rh	19	11	8.5586	0.7421	1382.7667
TOOL-31-Ro	Ro	1	1	0.0000	0.0000	350.2049
TOOL-32-Rh	Rh	24	14	10.2730	1.2257	1649.8018
TOOL-32-Ro	Ro	8	5	7.6503	0.5289	179.0579
TOOL-33-1-No	No	9	5	4.3034	0.3199	152.2649
TOOL-33-1-Rh	Rh	15	10	5.7404	0.3847	260.3474
TOOL-33-1-Ro	Ro	10	7	1.4902	0.0596	492.9155
TOOL-34-No	No	17	9	9.6970	0.8951	668.6737
TOOL-34-Rh	Rh	26	16	16.4271	1.7556	3961.4281
TOOL-34-Ro	Ro	7	6	2.8658	0.0828	342.2894
TOOL-35-1-No	No	28	13	1.9444	0.0669	1712.2897
TOOL-35-1-Rh	Rh	24	16	18.0303	1.8363	1295.0356
TOOL-35-1-Ro	Ro	2	1	1.8275	0.1152	34.8456
TOOL-4-No	No	23	14	12.2647	0.8638	785.8363
TOOL-4-Rh	Rh	0	0	0.0000	0.0000	9.8771
TOOL-4-Ro	Ro	5	3	0.0000	0.0000	85.1382
TOOL-5-No	No	9	4	2.9240	0.2483	2968.5912
TOOL-5-Rh	Rh	10	7	2.4609	0.1795	2030.8193
TOOL-5-Ro	Ro	4	3	7.9167	0.3273	2962.7662
TOOL-6-No	No	14	6	4.3678	0.3970	2929.4624
TOOL-6-Rh	Rh	3	2	0.0000	0.0000	1948.2562
TOOL-6-Ro	Ro	10	5	3.1199	0.2246	1306.9125
TOOL-7-No	No	14	9	8.3333	0.5467	824.7305
TOOL-7-Rh	Rh	17	9	5.6753	0.7853	3472.7160
TOOL-7-Ro	Ro	11	4	6.5972	0.3333	216.4989
TOOL-8-No	No	35	16	13.7427	1.6954	7870.4695
TOOL-8-Rh	Rh	14	8	2.8658	0.0982	3468.3625
TOOL-8-Ro	Ro	9	6	3.1353	0.1273	44.1000
TOOL-9-No	No	42	16	18.1159	1.4820	7803.2347
TOOL-9-Rh	Rh	20	15	1.5968	0.0833	350.2678
TOOL-9-Ro	Ro	19	10	27.7778	1.2084	681.8394
WOOD-1-1-No	No	31	17	7.6577	0.5380	4858.0758
WOOD-1-1-Rh	Rh	21	11	6.5981	0.7498	5766.7059
WOOD-1-1-Ro	Ro	29	16	5.8269	0.1352	91.2814
WOOD-10-1-No	No	26	16	2.9680	0.3740	7762.5644
WOOD-10-1-Rh	Rh	30	17	3.9095	0.2698	2484.0281
WOOD-10-1-Ro	Ro	22	16	6.1269	0.3175	1132.6420
WOOD-11-1-No	No	24	17	2.8070	0.4143	7764.2814
WOOD-11-1-Rh	Rh	19	15	0.0000	0.0000	1464.7935
WOOD-11-1-Ro	Ro	20	15	0.0000	0.0000	2839.9894
WOOD-12-No	No	23	16	2.6282	0.1328	7942.0522
WOOD-12-Rh	Rh	22	16	0.0000	0.0000	1986.9255
WOOD-12-Ro	Ro	21	14	0.0000	0.0000	3105.1191
WOOD-2-2-Rh	Rh	11	8	2.7613	0.1395	1934.7125
WOOD-2-2-Ro	Ro	11	9	3.1746	0.0887	79.9789
WOOD-3-2-No	No	18	16	8.5470	0.4548	7935.4325
WOOD-3-2-Rh	Rh	14	9	7.5758	0.5482	4866.4571
WOOD-3-2-Ro	Ro	33	18	14.6341	0.5473	935.8536
WOOD-4-1-No	No	28	15	28.3626	3.2778	7396.9641
WOOD-4-1-Rh	Rh	24	15	11.7241	0.9485	4917.7871
WOOD-4-1-Ro	Ro	25	11	23.8579	0.9918	204.6101
WOOD-5-1-No	No	37	17	11.7183	0.6951	208.8557
WOOD-5-1-Rh	Rh	33	18	7.0669	0.5860	3953.4018
WOOD-5-1-Ro	Ro	39	18	6.5359	0.6844	7572.6510
WOOD-6-1-No	No	18	16	3.6262	0.2228	7942.9498
WOOD-6-1-Rh	Rh	21	13	1.4588	0.0432	2851.0692
WOOD-6-1-Ro	Ro	22	16	8.3333	0.2976	2443.5706
WOOD-7-1-No	No	24	16	12.0892	0.9405	7943.7932
WOOD-7-1-Rh	Rh	20	16	5.6689	0.6673	2574.0786
WOOD-7-1-Ro	Ro	34	17	6.1999	0.2662	140.6256
WOOD-8-No	No	22	16	2.9228	0.0894	6601.1277
WOOD-8-Rh	Rh	29	16	5.1609	0.3908	2491.1561
WOOD-8-Ro	Ro	21	16	8.6598	0.3244	139.5556
WOOD-9-Rh	Rh	36	17	28.8194	2.2882	866.9860
WOOD-9-Ro	Ro	22	11	12.3321	0.2290	38.6644
YELL-10-1-No	No	17	13	4.0282	0.1269	27.6794
YELL-10-1-Rh	Rh	15	6	4.7619	2.0676	1378.7545
YELL-10-1-Ro	Ro	7	5	2.8200	0.1023	31.5758
YELL-11-No	No	9	6	1.5179	0.0449	120.1211
YELL-11-Rh	Rh	0	0	0.0000	0.0000	8.1684
YELL-11-Ro	Ro	1	1	1.3175	0.0274	25.8167
YELL-3-5-No	No	4	2	0.0000	0.0000	16.8563
YELL-3-5-Rh	Rh	3	3	0.0000	0.0000	12.3653
YELL-3-5-Ro	Ro	8	4	6.5499	0.3146	123.0712
YELL-4-4-No	No	9	5	5.7315	0.2969	62.0298
YELL-4-4-Rh	Rh	48	18	40.6679	140.6381	6700.5035
YELL-4-4-Ro	Ro	22	13	8.1181	0.4638	287.8895
YELL-5-3-Rh	Rh	20	14	3.9666	0.1485	2956.6857
YELL-5-3-Ro	Ro	2	2	0.0000	0.0000	118.9461
YELL-6-1-Rh	Rh	23	8	20.5882	1.8494	1863.2728
YELL-6-1-Ro	Ro	17	8	19.4639	0.5896	75.6949
YELL-7-1-Rh	Rh	10	5	22.5146	1.2578	600.2772
YELL-7-1-Ro	Ro	33	13	16.1667	1.8195	7026.9538
