gene	tree_set	alignment_file	prefix	treefile	contree	iqtree_report	log	ACGT_count	IUPAC_count_excluding_N	N_count	gap_count	total_characters	ACGT_percent	IUPAC_percent_excluding_N	N_percent	gap_percent	tree_set_label
nifH	strict	/Users/rosa/Desktop/ALLWork/Madison/Project/ryan-nitfix/intbio-nitfix-git/symbiosis_sorted_all_sample_consensus_sequences_50percent/result/gene_trees_full/nifH/02_alignment/nifH_consensus50_strict_single_dominant.mafft.fasta	/Users/rosa/Desktop/ALLWork/Madison/Project/ryan-nitfix/intbio-nitfix-git/symbiosis_sorted_all_sample_consensus_sequences_50percent/result/gene_trees_full/nifH/03_tree_strict_nm5000/nifH_consensus50_strict_single_dominant_nm5000	/Users/rosa/Desktop/ALLWork/Madison/Project/ryan-nitfix/intbio-nitfix-git/symbiosis_sorted_all_sample_consensus_sequences_50percent/result/gene_trees_full/nifH/03_tree_strict_nm5000/nifH_consensus50_strict_single_dominant_nm5000.treefile	/Users/rosa/Desktop/ALLWork/Madison/Project/ryan-nitfix/intbio-nitfix-git/symbiosis_sorted_all_sample_consensus_sequences_50percent/result/gene_trees_full/nifH/03_tree_strict_nm5000/nifH_consensus50_strict_single_dominant_nm5000.contree	/Users/rosa/Desktop/ALLWork/Madison/Project/ryan-nitfix/intbio-nitfix-git/symbiosis_sorted_all_sample_consensus_sequences_50percent/result/gene_trees_full/nifH/03_tree_strict_nm5000/nifH_consensus50_strict_single_dominant_nm5000.iqtree	/Users/rosa/Desktop/ALLWork/Madison/Project/ryan-nitfix/intbio-nitfix-git/symbiosis_sorted_all_sample_consensus_sequences_50percent/result/gene_trees_full/nifH/03_tree_strict_nm5000/nifH_consensus50_strict_single_dominant_nm5000.log	318491	0	67348	0	385839	82.54505117419441	0	17.454948825805584	0	Strict single-dominant
nifH	iupac	/Users/rosa/Desktop/ALLWork/Madison/Project/ryan-nitfix/intbio-nitfix-git/symbiosis_sorted_all_sample_consensus_sequences_50percent/result/gene_trees_full/nifH/02_alignment/nifH_consensus50_iupac_all_pass.mafft.fasta	/Users/rosa/Desktop/ALLWork/Madison/Project/ryan-nitfix/intbio-nitfix-git/symbiosis_sorted_all_sample_consensus_sequences_50percent/result/gene_trees_full/nifH/04_tree_iupac_nm5000/nifH_consensus50_iupac_all_pass_nm5000	/Users/rosa/Desktop/ALLWork/Madison/Project/ryan-nitfix/intbio-nitfix-git/symbiosis_sorted_all_sample_consensus_sequences_50percent/result/gene_trees_full/nifH/04_tree_iupac_nm5000/nifH_consensus50_iupac_all_pass_nm5000.treefile	/Users/rosa/Desktop/ALLWork/Madison/Project/ryan-nitfix/intbio-nitfix-git/symbiosis_sorted_all_sample_consensus_sequences_50percent/result/gene_trees_full/nifH/04_tree_iupac_nm5000/nifH_consensus50_iupac_all_pass_nm5000.contree	/Users/rosa/Desktop/ALLWork/Madison/Project/ryan-nitfix/intbio-nitfix-git/symbiosis_sorted_all_sample_consensus_sequences_50percent/result/gene_trees_full/nifH/04_tree_iupac_nm5000/nifH_consensus50_iupac_all_pass_nm5000.iqtree	/Users/rosa/Desktop/ALLWork/Madison/Project/ryan-nitfix/intbio-nitfix-git/symbiosis_sorted_all_sample_consensus_sequences_50percent/result/gene_trees_full/nifH/04_tree_iupac_nm5000/nifH_consensus50_iupac_all_pass_nm5000.log	1218163	51071	264152	0	1533386	79.44268435997198	3.3306029923320026	17.226712647696015	0	Mixed-IUPAC
nifD	strict	/Users/rosa/Desktop/ALLWork/Madison/Project/ryan-nitfix/intbio-nitfix-git/symbiosis_sorted_all_sample_consensus_sequences_50percent/result/gene_trees_full/nifD/02_alignment/nifD_consensus50_strict_single_dominant.mafft.fasta	/Users/rosa/Desktop/ALLWork/Madison/Project/ryan-nitfix/intbio-nitfix-git/symbiosis_sorted_all_sample_consensus_sequences_50percent/result/gene_trees_full/nifD/03_tree_strict_nm5000/nifD_consensus50_strict_single_dominant_nm5000	/Users/rosa/Desktop/ALLWork/Madison/Project/ryan-nitfix/intbio-nitfix-git/symbiosis_sorted_all_sample_consensus_sequences_50percent/result/gene_trees_full/nifD/03_tree_strict_nm5000/nifD_consensus50_strict_single_dominant_nm5000.treefile	/Users/rosa/Desktop/ALLWork/Madison/Project/ryan-nitfix/intbio-nitfix-git/symbiosis_sorted_all_sample_consensus_sequences_50percent/result/gene_trees_full/nifD/03_tree_strict_nm5000/nifD_consensus50_strict_single_dominant_nm5000.contree	/Users/rosa/Desktop/ALLWork/Madison/Project/ryan-nitfix/intbio-nitfix-git/symbiosis_sorted_all_sample_consensus_sequences_50percent/result/gene_trees_full/nifD/03_tree_strict_nm5000/nifD_consensus50_strict_single_dominant_nm5000.iqtree	/Users/rosa/Desktop/ALLWork/Madison/Project/ryan-nitfix/intbio-nitfix-git/symbiosis_sorted_all_sample_consensus_sequences_50percent/result/gene_trees_full/nifD/03_tree_strict_nm5000/nifD_consensus50_strict_single_dominant_nm5000.log	448378	0	84758	0	533136	84.10199273731281	0	15.898007262687194	0	Strict single-dominant
nifD	iupac	/Users/rosa/Desktop/ALLWork/Madison/Project/ryan-nitfix/intbio-nitfix-git/symbiosis_sorted_all_sample_consensus_sequences_50percent/result/gene_trees_full/nifD/02_alignment/nifD_consensus50_iupac_all_pass.mafft.fasta	/Users/rosa/Desktop/ALLWork/Madison/Project/ryan-nitfix/intbio-nitfix-git/symbiosis_sorted_all_sample_consensus_sequences_50percent/result/gene_trees_full/nifD/04_tree_iupac_nm5000/nifD_consensus50_iupac_all_pass_nm5000	/Users/rosa/Desktop/ALLWork/Madison/Project/ryan-nitfix/intbio-nitfix-git/symbiosis_sorted_all_sample_consensus_sequences_50percent/result/gene_trees_full/nifD/04_tree_iupac_nm5000/nifD_consensus50_iupac_all_pass_nm5000.treefile	/Users/rosa/Desktop/ALLWork/Madison/Project/ryan-nitfix/intbio-nitfix-git/symbiosis_sorted_all_sample_consensus_sequences_50percent/result/gene_trees_full/nifD/04_tree_iupac_nm5000/nifD_consensus50_iupac_all_pass_nm5000.contree	/Users/rosa/Desktop/ALLWork/Madison/Project/ryan-nitfix/intbio-nitfix-git/symbiosis_sorted_all_sample_consensus_sequences_50percent/result/gene_trees_full/nifD/04_tree_iupac_nm5000/nifD_consensus50_iupac_all_pass_nm5000.iqtree	/Users/rosa/Desktop/ALLWork/Madison/Project/ryan-nitfix/intbio-nitfix-git/symbiosis_sorted_all_sample_consensus_sequences_50percent/result/gene_trees_full/nifD/04_tree_iupac_nm5000/nifD_consensus50_iupac_all_pass_nm5000.log	1813370	74930	354548	0	2242848	80.85122130434162	3.3408416441952373	15.80793705146314	0	Mixed-IUPAC
nifK	strict	/Users/rosa/Desktop/ALLWork/Madison/Project/ryan-nitfix/intbio-nitfix-git/symbiosis_sorted_all_sample_consensus_sequences_50percent/result/gene_trees_full/nifK/02_alignment/nifK_consensus50_strict_single_dominant.mafft.fasta	/Users/rosa/Desktop/ALLWork/Madison/Project/ryan-nitfix/intbio-nitfix-git/symbiosis_sorted_all_sample_consensus_sequences_50percent/result/gene_trees_full/nifK/03_tree_strict_nm5000/nifK_consensus50_strict_single_dominant_nm5000	/Users/rosa/Desktop/ALLWork/Madison/Project/ryan-nitfix/intbio-nitfix-git/symbiosis_sorted_all_sample_consensus_sequences_50percent/result/gene_trees_full/nifK/03_tree_strict_nm5000/nifK_consensus50_strict_single_dominant_nm5000.treefile	/Users/rosa/Desktop/ALLWork/Madison/Project/ryan-nitfix/intbio-nitfix-git/symbiosis_sorted_all_sample_consensus_sequences_50percent/result/gene_trees_full/nifK/03_tree_strict_nm5000/nifK_consensus50_strict_single_dominant_nm5000.contree	/Users/rosa/Desktop/ALLWork/Madison/Project/ryan-nitfix/intbio-nitfix-git/symbiosis_sorted_all_sample_consensus_sequences_50percent/result/gene_trees_full/nifK/03_tree_strict_nm5000/nifK_consensus50_strict_single_dominant_nm5000.iqtree	/Users/rosa/Desktop/ALLWork/Madison/Project/ryan-nitfix/intbio-nitfix-git/symbiosis_sorted_all_sample_consensus_sequences_50percent/result/gene_trees_full/nifK/03_tree_strict_nm5000/nifK_consensus50_strict_single_dominant_nm5000.log	639232	0	62378	20930	722540	88.47011930135356	0	8.633155257840397	2.8967254408060454	Strict single-dominant
nifK	iupac	/Users/rosa/Desktop/ALLWork/Madison/Project/ryan-nitfix/intbio-nitfix-git/symbiosis_sorted_all_sample_consensus_sequences_50percent/result/gene_trees_full/nifK/02_alignment/nifK_consensus50_iupac_all_pass.mafft.fasta	/Users/rosa/Desktop/ALLWork/Madison/Project/ryan-nitfix/intbio-nitfix-git/symbiosis_sorted_all_sample_consensus_sequences_50percent/result/gene_trees_full/nifK/04_tree_iupac_nm5000/nifK_consensus50_iupac_all_pass_nm5000	/Users/rosa/Desktop/ALLWork/Madison/Project/ryan-nitfix/intbio-nitfix-git/symbiosis_sorted_all_sample_consensus_sequences_50percent/result/gene_trees_full/nifK/04_tree_iupac_nm5000/nifK_consensus50_iupac_all_pass_nm5000.treefile	/Users/rosa/Desktop/ALLWork/Madison/Project/ryan-nitfix/intbio-nitfix-git/symbiosis_sorted_all_sample_consensus_sequences_50percent/result/gene_trees_full/nifK/04_tree_iupac_nm5000/nifK_consensus50_iupac_all_pass_nm5000.contree	/Users/rosa/Desktop/ALLWork/Madison/Project/ryan-nitfix/intbio-nitfix-git/symbiosis_sorted_all_sample_consensus_sequences_50percent/result/gene_trees_full/nifK/04_tree_iupac_nm5000/nifK_consensus50_iupac_all_pass_nm5000.iqtree	/Users/rosa/Desktop/ALLWork/Madison/Project/ryan-nitfix/intbio-nitfix-git/symbiosis_sorted_all_sample_consensus_sequences_50percent/result/gene_trees_full/nifK/04_tree_iupac_nm5000/nifK_consensus50_iupac_all_pass_nm5000.log	1457249	34922	130013	0	1622184	89.8325344103998	2.1527767503563098	8.014688839243883	0	Mixed-IUPAC
nifJ	strict	/Users/rosa/Desktop/ALLWork/Madison/Project/ryan-nitfix/intbio-nitfix-git/symbiosis_sorted_all_sample_consensus_sequences_50percent/result/gene_trees_full/nifJ/02_alignment/nifJ_consensus50_strict_single_dominant.mafft.fasta	/Users/rosa/Desktop/ALLWork/Madison/Project/ryan-nitfix/intbio-nitfix-git/symbiosis_sorted_all_sample_consensus_sequences_50percent/result/gene_trees_full/nifJ/03_tree_strict_nm5000/nifJ_consensus50_strict_single_dominant_nm5000	/Users/rosa/Desktop/ALLWork/Madison/Project/ryan-nitfix/intbio-nitfix-git/symbiosis_sorted_all_sample_consensus_sequences_50percent/result/gene_trees_full/nifJ/03_tree_strict_nm5000/nifJ_consensus50_strict_single_dominant_nm5000.treefile	/Users/rosa/Desktop/ALLWork/Madison/Project/ryan-nitfix/intbio-nitfix-git/symbiosis_sorted_all_sample_consensus_sequences_50percent/result/gene_trees_full/nifJ/03_tree_strict_nm5000/nifJ_consensus50_strict_single_dominant_nm5000.contree	/Users/rosa/Desktop/ALLWork/Madison/Project/ryan-nitfix/intbio-nitfix-git/symbiosis_sorted_all_sample_consensus_sequences_50percent/result/gene_trees_full/nifJ/03_tree_strict_nm5000/nifJ_consensus50_strict_single_dominant_nm5000.iqtree	/Users/rosa/Desktop/ALLWork/Madison/Project/ryan-nitfix/intbio-nitfix-git/symbiosis_sorted_all_sample_consensus_sequences_50percent/result/gene_trees_full/nifJ/03_tree_strict_nm5000/nifJ_consensus50_strict_single_dominant_nm5000.log	568210	0	70358	10136	648704	87.59156718626677	0	10.845932813733228	1.5625	Strict single-dominant
nifJ	iupac	/Users/rosa/Desktop/ALLWork/Madison/Project/ryan-nitfix/intbio-nitfix-git/symbiosis_sorted_all_sample_consensus_sequences_50percent/result/gene_trees_full/nifJ/02_alignment/nifJ_consensus50_iupac_all_pass.mafft.fasta	/Users/rosa/Desktop/ALLWork/Madison/Project/ryan-nitfix/intbio-nitfix-git/symbiosis_sorted_all_sample_consensus_sequences_50percent/result/gene_trees_full/nifJ/04_tree_iupac_nm5000/nifJ_consensus50_iupac_all_pass_nm5000	/Users/rosa/Desktop/ALLWork/Madison/Project/ryan-nitfix/intbio-nitfix-git/symbiosis_sorted_all_sample_consensus_sequences_50percent/result/gene_trees_full/nifJ/04_tree_iupac_nm5000/nifJ_consensus50_iupac_all_pass_nm5000.treefile	/Users/rosa/Desktop/ALLWork/Madison/Project/ryan-nitfix/intbio-nitfix-git/symbiosis_sorted_all_sample_consensus_sequences_50percent/result/gene_trees_full/nifJ/04_tree_iupac_nm5000/nifJ_consensus50_iupac_all_pass_nm5000.contree	/Users/rosa/Desktop/ALLWork/Madison/Project/ryan-nitfix/intbio-nitfix-git/symbiosis_sorted_all_sample_consensus_sequences_50percent/result/gene_trees_full/nifJ/04_tree_iupac_nm5000/nifJ_consensus50_iupac_all_pass_nm5000.iqtree	/Users/rosa/Desktop/ALLWork/Madison/Project/ryan-nitfix/intbio-nitfix-git/symbiosis_sorted_all_sample_consensus_sequences_50percent/result/gene_trees_full/nifJ/04_tree_iupac_nm5000/nifJ_consensus50_iupac_all_pass_nm5000.log	1003965	7737	134898	48750	1195350	83.9892081817041	0.6472581252352867	11.285230267285732	4.078303425774878	Mixed-IUPAC
nodL	strict	/Users/rosa/Desktop/ALLWork/Madison/Project/ryan-nitfix/intbio-nitfix-git/symbiosis_sorted_all_sample_consensus_sequences_50percent/result/gene_trees_full/nodL/02_alignment/nodL_consensus50_strict_single_dominant.mafft.fasta	/Users/rosa/Desktop/ALLWork/Madison/Project/ryan-nitfix/intbio-nitfix-git/symbiosis_sorted_all_sample_consensus_sequences_50percent/result/gene_trees_full/nodL/03_tree_strict_nm5000/nodL_consensus50_strict_single_dominant_nm5000	/Users/rosa/Desktop/ALLWork/Madison/Project/ryan-nitfix/intbio-nitfix-git/symbiosis_sorted_all_sample_consensus_sequences_50percent/result/gene_trees_full/nodL/03_tree_strict_nm5000/nodL_consensus50_strict_single_dominant_nm5000.treefile	/Users/rosa/Desktop/ALLWork/Madison/Project/ryan-nitfix/intbio-nitfix-git/symbiosis_sorted_all_sample_consensus_sequences_50percent/result/gene_trees_full/nodL/03_tree_strict_nm5000/nodL_consensus50_strict_single_dominant_nm5000.contree	/Users/rosa/Desktop/ALLWork/Madison/Project/ryan-nitfix/intbio-nitfix-git/symbiosis_sorted_all_sample_consensus_sequences_50percent/result/gene_trees_full/nodL/03_tree_strict_nm5000/nodL_consensus50_strict_single_dominant_nm5000.iqtree	/Users/rosa/Desktop/ALLWork/Madison/Project/ryan-nitfix/intbio-nitfix-git/symbiosis_sorted_all_sample_consensus_sequences_50percent/result/gene_trees_full/nodL/03_tree_strict_nm5000/nodL_consensus50_strict_single_dominant_nm5000.log	118204	0	13988	0	132192	89.41842168966352	0	10.58157831033648	0	Strict single-dominant
nodL	iupac	/Users/rosa/Desktop/ALLWork/Madison/Project/ryan-nitfix/intbio-nitfix-git/symbiosis_sorted_all_sample_consensus_sequences_50percent/result/gene_trees_full/nodL/02_alignment/nodL_consensus50_iupac_all_pass.mafft.fasta	/Users/rosa/Desktop/ALLWork/Madison/Project/ryan-nitfix/intbio-nitfix-git/symbiosis_sorted_all_sample_consensus_sequences_50percent/result/gene_trees_full/nodL/04_tree_iupac_nm5000/nodL_consensus50_iupac_all_pass_nm5000	/Users/rosa/Desktop/ALLWork/Madison/Project/ryan-nitfix/intbio-nitfix-git/symbiosis_sorted_all_sample_consensus_sequences_50percent/result/gene_trees_full/nodL/04_tree_iupac_nm5000/nodL_consensus50_iupac_all_pass_nm5000.treefile	/Users/rosa/Desktop/ALLWork/Madison/Project/ryan-nitfix/intbio-nitfix-git/symbiosis_sorted_all_sample_consensus_sequences_50percent/result/gene_trees_full/nodL/04_tree_iupac_nm5000/nodL_consensus50_iupac_all_pass_nm5000.contree	/Users/rosa/Desktop/ALLWork/Madison/Project/ryan-nitfix/intbio-nitfix-git/symbiosis_sorted_all_sample_consensus_sequences_50percent/result/gene_trees_full/nodL/04_tree_iupac_nm5000/nodL_consensus50_iupac_all_pass_nm5000.iqtree	/Users/rosa/Desktop/ALLWork/Madison/Project/ryan-nitfix/intbio-nitfix-git/symbiosis_sorted_all_sample_consensus_sequences_50percent/result/gene_trees_full/nodL/04_tree_iupac_nm5000/nodL_consensus50_iupac_all_pass_nm5000.log	124998	900	14862	0	140760	88.80221653878942	0.639386189258312	10.55839727195226	0	Mixed-IUPAC
nolG	strict	/Users/rosa/Desktop/ALLWork/Madison/Project/ryan-nitfix/intbio-nitfix-git/symbiosis_sorted_all_sample_consensus_sequences_50percent/result/gene_trees_full/nolG/02_alignment/nolG_consensus50_strict_single_dominant.mafft.fasta	/Users/rosa/Desktop/ALLWork/Madison/Project/ryan-nitfix/intbio-nitfix-git/symbiosis_sorted_all_sample_consensus_sequences_50percent/result/gene_trees_full/nolG/03_tree_strict_nm5000/nolG_consensus50_strict_single_dominant_nm5000	/Users/rosa/Desktop/ALLWork/Madison/Project/ryan-nitfix/intbio-nitfix-git/symbiosis_sorted_all_sample_consensus_sequences_50percent/result/gene_trees_full/nolG/03_tree_strict_nm5000/nolG_consensus50_strict_single_dominant_nm5000.treefile	/Users/rosa/Desktop/ALLWork/Madison/Project/ryan-nitfix/intbio-nitfix-git/symbiosis_sorted_all_sample_consensus_sequences_50percent/result/gene_trees_full/nolG/03_tree_strict_nm5000/nolG_consensus50_strict_single_dominant_nm5000.contree	/Users/rosa/Desktop/ALLWork/Madison/Project/ryan-nitfix/intbio-nitfix-git/symbiosis_sorted_all_sample_consensus_sequences_50percent/result/gene_trees_full/nolG/03_tree_strict_nm5000/nolG_consensus50_strict_single_dominant_nm5000.iqtree	/Users/rosa/Desktop/ALLWork/Madison/Project/ryan-nitfix/intbio-nitfix-git/symbiosis_sorted_all_sample_consensus_sequences_50percent/result/gene_trees_full/nolG/03_tree_strict_nm5000/nolG_consensus50_strict_single_dominant_nm5000.log	634364	0	8434	0	642798	98.68792373342792	0	1.3120762665720802	0	Strict single-dominant
nolG	iupac	/Users/rosa/Desktop/ALLWork/Madison/Project/ryan-nitfix/intbio-nitfix-git/symbiosis_sorted_all_sample_consensus_sequences_50percent/result/gene_trees_full/nolG/02_alignment/nolG_consensus50_iupac_all_pass.mafft.fasta	/Users/rosa/Desktop/ALLWork/Madison/Project/ryan-nitfix/intbio-nitfix-git/symbiosis_sorted_all_sample_consensus_sequences_50percent/result/gene_trees_full/nolG/04_tree_iupac_nm5000/nolG_consensus50_iupac_all_pass_nm5000	/Users/rosa/Desktop/ALLWork/Madison/Project/ryan-nitfix/intbio-nitfix-git/symbiosis_sorted_all_sample_consensus_sequences_50percent/result/gene_trees_full/nolG/04_tree_iupac_nm5000/nolG_consensus50_iupac_all_pass_nm5000.treefile	/Users/rosa/Desktop/ALLWork/Madison/Project/ryan-nitfix/intbio-nitfix-git/symbiosis_sorted_all_sample_consensus_sequences_50percent/result/gene_trees_full/nolG/04_tree_iupac_nm5000/nolG_consensus50_iupac_all_pass_nm5000.contree	/Users/rosa/Desktop/ALLWork/Madison/Project/ryan-nitfix/intbio-nitfix-git/symbiosis_sorted_all_sample_consensus_sequences_50percent/result/gene_trees_full/nolG/04_tree_iupac_nm5000/nolG_consensus50_iupac_all_pass_nm5000.iqtree	/Users/rosa/Desktop/ALLWork/Madison/Project/ryan-nitfix/intbio-nitfix-git/symbiosis_sorted_all_sample_consensus_sequences_50percent/result/gene_trees_full/nolG/04_tree_iupac_nm5000/nolG_consensus50_iupac_all_pass_nm5000.log	722754	1148	8440	0	732342	98.69077562122615	0.15675736199753668	1.152467016776315	0	Mixed-IUPAC
nolF	strict	/Users/rosa/Desktop/ALLWork/Madison/Project/ryan-nitfix/intbio-nitfix-git/symbiosis_sorted_all_sample_consensus_sequences_50percent/result/gene_trees_full/nolF/02_alignment/nolF_consensus50_strict_single_dominant.mafft.fasta	/Users/rosa/Desktop/ALLWork/Madison/Project/ryan-nitfix/intbio-nitfix-git/symbiosis_sorted_all_sample_consensus_sequences_50percent/result/gene_trees_full/nolF/03_tree_strict_nm5000/nolF_consensus50_strict_single_dominant_nm5000	/Users/rosa/Desktop/ALLWork/Madison/Project/ryan-nitfix/intbio-nitfix-git/symbiosis_sorted_all_sample_consensus_sequences_50percent/result/gene_trees_full/nolF/03_tree_strict_nm5000/nolF_consensus50_strict_single_dominant_nm5000.treefile	/Users/rosa/Desktop/ALLWork/Madison/Project/ryan-nitfix/intbio-nitfix-git/symbiosis_sorted_all_sample_consensus_sequences_50percent/result/gene_trees_full/nolF/03_tree_strict_nm5000/nolF_consensus50_strict_single_dominant_nm5000.contree	/Users/rosa/Desktop/ALLWork/Madison/Project/ryan-nitfix/intbio-nitfix-git/symbiosis_sorted_all_sample_consensus_sequences_50percent/result/gene_trees_full/nolF/03_tree_strict_nm5000/nolF_consensus50_strict_single_dominant_nm5000.iqtree	/Users/rosa/Desktop/ALLWork/Madison/Project/ryan-nitfix/intbio-nitfix-git/symbiosis_sorted_all_sample_consensus_sequences_50percent/result/gene_trees_full/nolF/03_tree_strict_nm5000/nolF_consensus50_strict_single_dominant_nm5000.log	226017	0	4863	0	230880	97.89371101871102	0	2.1062889812889813	0	Strict single-dominant
nolF	iupac	/Users/rosa/Desktop/ALLWork/Madison/Project/ryan-nitfix/intbio-nitfix-git/symbiosis_sorted_all_sample_consensus_sequences_50percent/result/gene_trees_full/nolF/02_alignment/nolF_consensus50_iupac_all_pass.mafft.fasta	/Users/rosa/Desktop/ALLWork/Madison/Project/ryan-nitfix/intbio-nitfix-git/symbiosis_sorted_all_sample_consensus_sequences_50percent/result/gene_trees_full/nolF/04_tree_iupac_nm5000/nolF_consensus50_iupac_all_pass_nm5000	/Users/rosa/Desktop/ALLWork/Madison/Project/ryan-nitfix/intbio-nitfix-git/symbiosis_sorted_all_sample_consensus_sequences_50percent/result/gene_trees_full/nolF/04_tree_iupac_nm5000/nolF_consensus50_iupac_all_pass_nm5000.treefile	/Users/rosa/Desktop/ALLWork/Madison/Project/ryan-nitfix/intbio-nitfix-git/symbiosis_sorted_all_sample_consensus_sequences_50percent/result/gene_trees_full/nolF/04_tree_iupac_nm5000/nolF_consensus50_iupac_all_pass_nm5000.contree	/Users/rosa/Desktop/ALLWork/Madison/Project/ryan-nitfix/intbio-nitfix-git/symbiosis_sorted_all_sample_consensus_sequences_50percent/result/gene_trees_full/nolF/04_tree_iupac_nm5000/nolF_consensus50_iupac_all_pass_nm5000.iqtree	/Users/rosa/Desktop/ALLWork/Madison/Project/ryan-nitfix/intbio-nitfix-git/symbiosis_sorted_all_sample_consensus_sequences_50percent/result/gene_trees_full/nolF/04_tree_iupac_nm5000/nolF_consensus50_iupac_all_pass_nm5000.log	226659	459	4872	0	231990	97.70205612310876	0.1978533557480926	2.100090521143153	0	Mixed-IUPAC
noeA	strict	/Users/rosa/Desktop/ALLWork/Madison/Project/ryan-nitfix/intbio-nitfix-git/symbiosis_sorted_all_sample_consensus_sequences_50percent/result/gene_trees_full/noeA/02_alignment/noeA_consensus50_strict_single_dominant.mafft.fasta	/Users/rosa/Desktop/ALLWork/Madison/Project/ryan-nitfix/intbio-nitfix-git/symbiosis_sorted_all_sample_consensus_sequences_50percent/result/gene_trees_full/noeA/03_tree_strict_nm5000/noeA_consensus50_strict_single_dominant_nm5000	/Users/rosa/Desktop/ALLWork/Madison/Project/ryan-nitfix/intbio-nitfix-git/symbiosis_sorted_all_sample_consensus_sequences_50percent/result/gene_trees_full/noeA/03_tree_strict_nm5000/noeA_consensus50_strict_single_dominant_nm5000.treefile	/Users/rosa/Desktop/ALLWork/Madison/Project/ryan-nitfix/intbio-nitfix-git/symbiosis_sorted_all_sample_consensus_sequences_50percent/result/gene_trees_full/noeA/03_tree_strict_nm5000/noeA_consensus50_strict_single_dominant_nm5000.contree	/Users/rosa/Desktop/ALLWork/Madison/Project/ryan-nitfix/intbio-nitfix-git/symbiosis_sorted_all_sample_consensus_sequences_50percent/result/gene_trees_full/noeA/03_tree_strict_nm5000/noeA_consensus50_strict_single_dominant_nm5000.iqtree	/Users/rosa/Desktop/ALLWork/Madison/Project/ryan-nitfix/intbio-nitfix-git/symbiosis_sorted_all_sample_consensus_sequences_50percent/result/gene_trees_full/noeA/03_tree_strict_nm5000/noeA_consensus50_strict_single_dominant_nm5000.log	272071	0	4112	0	276183	98.51113211167957	0	1.4888678883204252	0	Strict single-dominant
noeA	iupac	/Users/rosa/Desktop/ALLWork/Madison/Project/ryan-nitfix/intbio-nitfix-git/symbiosis_sorted_all_sample_consensus_sequences_50percent/result/gene_trees_full/noeA/02_alignment/noeA_consensus50_iupac_all_pass.mafft.fasta	/Users/rosa/Desktop/ALLWork/Madison/Project/ryan-nitfix/intbio-nitfix-git/symbiosis_sorted_all_sample_consensus_sequences_50percent/result/gene_trees_full/noeA/04_tree_iupac_nm5000/noeA_consensus50_iupac_all_pass_nm5000	/Users/rosa/Desktop/ALLWork/Madison/Project/ryan-nitfix/intbio-nitfix-git/symbiosis_sorted_all_sample_consensus_sequences_50percent/result/gene_trees_full/noeA/04_tree_iupac_nm5000/noeA_consensus50_iupac_all_pass_nm5000.treefile	/Users/rosa/Desktop/ALLWork/Madison/Project/ryan-nitfix/intbio-nitfix-git/symbiosis_sorted_all_sample_consensus_sequences_50percent/result/gene_trees_full/noeA/04_tree_iupac_nm5000/noeA_consensus50_iupac_all_pass_nm5000.contree	/Users/rosa/Desktop/ALLWork/Madison/Project/ryan-nitfix/intbio-nitfix-git/symbiosis_sorted_all_sample_consensus_sequences_50percent/result/gene_trees_full/noeA/04_tree_iupac_nm5000/noeA_consensus50_iupac_all_pass_nm5000.iqtree	/Users/rosa/Desktop/ALLWork/Madison/Project/ryan-nitfix/intbio-nitfix-git/symbiosis_sorted_all_sample_consensus_sequences_50percent/result/gene_trees_full/noeA/04_tree_iupac_nm5000/noeA_consensus50_iupac_all_pass_nm5000.log	274575	356	4114	0	279045	98.3981078320701	0.12757798921320934	1.4743141787166945	0	Mixed-IUPAC
noeB	strict	/Users/rosa/Desktop/ALLWork/Madison/Project/ryan-nitfix/intbio-nitfix-git/symbiosis_sorted_all_sample_consensus_sequences_50percent/result/gene_trees_full/noeB/02_alignment/noeB_consensus50_strict_single_dominant.mafft.fasta	/Users/rosa/Desktop/ALLWork/Madison/Project/ryan-nitfix/intbio-nitfix-git/symbiosis_sorted_all_sample_consensus_sequences_50percent/result/gene_trees_full/noeB/03_tree_strict_nm5000/noeB_consensus50_strict_single_dominant_nm5000	/Users/rosa/Desktop/ALLWork/Madison/Project/ryan-nitfix/intbio-nitfix-git/symbiosis_sorted_all_sample_consensus_sequences_50percent/result/gene_trees_full/noeB/03_tree_strict_nm5000/noeB_consensus50_strict_single_dominant_nm5000.treefile	/Users/rosa/Desktop/ALLWork/Madison/Project/ryan-nitfix/intbio-nitfix-git/symbiosis_sorted_all_sample_consensus_sequences_50percent/result/gene_trees_full/noeB/03_tree_strict_nm5000/noeB_consensus50_strict_single_dominant_nm5000.contree	/Users/rosa/Desktop/ALLWork/Madison/Project/ryan-nitfix/intbio-nitfix-git/symbiosis_sorted_all_sample_consensus_sequences_50percent/result/gene_trees_full/noeB/03_tree_strict_nm5000/noeB_consensus50_strict_single_dominant_nm5000.iqtree	/Users/rosa/Desktop/ALLWork/Madison/Project/ryan-nitfix/intbio-nitfix-git/symbiosis_sorted_all_sample_consensus_sequences_50percent/result/gene_trees_full/noeB/03_tree_strict_nm5000/noeB_consensus50_strict_single_dominant_nm5000.log	216093	0	4875	0	220968	97.793798197024	0	2.2062018029759964	0	Strict single-dominant
noeB	iupac	/Users/rosa/Desktop/ALLWork/Madison/Project/ryan-nitfix/intbio-nitfix-git/symbiosis_sorted_all_sample_consensus_sequences_50percent/result/gene_trees_full/noeB/02_alignment/noeB_consensus50_iupac_all_pass.mafft.fasta	/Users/rosa/Desktop/ALLWork/Madison/Project/ryan-nitfix/intbio-nitfix-git/symbiosis_sorted_all_sample_consensus_sequences_50percent/result/gene_trees_full/noeB/04_tree_iupac_nm5000/noeB_consensus50_iupac_all_pass_nm5000	/Users/rosa/Desktop/ALLWork/Madison/Project/ryan-nitfix/intbio-nitfix-git/symbiosis_sorted_all_sample_consensus_sequences_50percent/result/gene_trees_full/noeB/04_tree_iupac_nm5000/noeB_consensus50_iupac_all_pass_nm5000.treefile	/Users/rosa/Desktop/ALLWork/Madison/Project/ryan-nitfix/intbio-nitfix-git/symbiosis_sorted_all_sample_consensus_sequences_50percent/result/gene_trees_full/noeB/04_tree_iupac_nm5000/noeB_consensus50_iupac_all_pass_nm5000.contree	/Users/rosa/Desktop/ALLWork/Madison/Project/ryan-nitfix/intbio-nitfix-git/symbiosis_sorted_all_sample_consensus_sequences_50percent/result/gene_trees_full/noeB/04_tree_iupac_nm5000/noeB_consensus50_iupac_all_pass_nm5000.iqtree	/Users/rosa/Desktop/ALLWork/Madison/Project/ryan-nitfix/intbio-nitfix-git/symbiosis_sorted_all_sample_consensus_sequences_50percent/result/gene_trees_full/noeB/04_tree_iupac_nm5000/noeB_consensus50_iupac_all_pass_nm5000.log	243588	765	5073	0	249426	97.65942604219288	0.30670419282673017	2.033869764980395	0	Mixed-IUPAC
nodX	strict	/Users/rosa/Desktop/ALLWork/Madison/Project/ryan-nitfix/intbio-nitfix-git/symbiosis_sorted_all_sample_consensus_sequences_50percent/result/gene_trees_full/nodX/02_alignment/nodX_consensus50_strict_single_dominant.mafft.fasta	/Users/rosa/Desktop/ALLWork/Madison/Project/ryan-nitfix/intbio-nitfix-git/symbiosis_sorted_all_sample_consensus_sequences_50percent/result/gene_trees_full/nodX/03_tree_strict_nm5000/nodX_consensus50_strict_single_dominant_nm5000	/Users/rosa/Desktop/ALLWork/Madison/Project/ryan-nitfix/intbio-nitfix-git/symbiosis_sorted_all_sample_consensus_sequences_50percent/result/gene_trees_full/nodX/03_tree_strict_nm5000/nodX_consensus50_strict_single_dominant_nm5000.treefile	/Users/rosa/Desktop/ALLWork/Madison/Project/ryan-nitfix/intbio-nitfix-git/symbiosis_sorted_all_sample_consensus_sequences_50percent/result/gene_trees_full/nodX/03_tree_strict_nm5000/nodX_consensus50_strict_single_dominant_nm5000.contree	/Users/rosa/Desktop/ALLWork/Madison/Project/ryan-nitfix/intbio-nitfix-git/symbiosis_sorted_all_sample_consensus_sequences_50percent/result/gene_trees_full/nodX/03_tree_strict_nm5000/nodX_consensus50_strict_single_dominant_nm5000.iqtree	/Users/rosa/Desktop/ALLWork/Madison/Project/ryan-nitfix/intbio-nitfix-git/symbiosis_sorted_all_sample_consensus_sequences_50percent/result/gene_trees_full/nodX/03_tree_strict_nm5000/nodX_consensus50_strict_single_dominant_nm5000.log	140083	0	4526	0	144609	96.87018097075563	0	3.129819029244376	0	Strict single-dominant
nodX	iupac	/Users/rosa/Desktop/ALLWork/Madison/Project/ryan-nitfix/intbio-nitfix-git/symbiosis_sorted_all_sample_consensus_sequences_50percent/result/gene_trees_full/nodX/02_alignment/nodX_consensus50_iupac_all_pass.mafft.fasta	/Users/rosa/Desktop/ALLWork/Madison/Project/ryan-nitfix/intbio-nitfix-git/symbiosis_sorted_all_sample_consensus_sequences_50percent/result/gene_trees_full/nodX/04_tree_iupac_nm5000/nodX_consensus50_iupac_all_pass_nm5000	/Users/rosa/Desktop/ALLWork/Madison/Project/ryan-nitfix/intbio-nitfix-git/symbiosis_sorted_all_sample_consensus_sequences_50percent/result/gene_trees_full/nodX/04_tree_iupac_nm5000/nodX_consensus50_iupac_all_pass_nm5000.treefile	/Users/rosa/Desktop/ALLWork/Madison/Project/ryan-nitfix/intbio-nitfix-git/symbiosis_sorted_all_sample_consensus_sequences_50percent/result/gene_trees_full/nodX/04_tree_iupac_nm5000/nodX_consensus50_iupac_all_pass_nm5000.contree	/Users/rosa/Desktop/ALLWork/Madison/Project/ryan-nitfix/intbio-nitfix-git/symbiosis_sorted_all_sample_consensus_sequences_50percent/result/gene_trees_full/nodX/04_tree_iupac_nm5000/nodX_consensus50_iupac_all_pass_nm5000.iqtree	/Users/rosa/Desktop/ALLWork/Madison/Project/ryan-nitfix/intbio-nitfix-git/symbiosis_sorted_all_sample_consensus_sequences_50percent/result/gene_trees_full/nodX/04_tree_iupac_nm5000/nodX_consensus50_iupac_all_pass_nm5000.log	144091	316	4686	0	149093	96.6450470511694	0.21194824706726673	3.143004701763329	0	Mixed-IUPAC
