gene	tree_set	tree_set_label	label_type	group	n_tips	mean_within_tree_distance	median_within_tree_distance	min_within_tree_distance	max_within_tree_distance	mean_between_group_distance	within_between_ratio
nifD	iupac	Mixed-IUPAC	closest_blast_genus	Azorhizobium	37	0.1038925963900901	0.08370703245	0.0080328947	0.2863603331	0.25335072879453774	0.4100741958960176
nifD	iupac	Mixed-IUPAC	closest_blast_genus	Methylobacterium	17	0.1718586506632353	0.14967269970000002	0.0257145923	0.34852274339999995	0.2821939763485915	0.6090089267211712
nifD	iupac	Mixed-IUPAC	closest_blast_genus	Bradyrhizobium	23	0.21529507587747035	0.1831779765	0.0040368899	0.71254802800000006	0.29586797339672954	0.7276727974500338
nifD	iupac	Mixed-IUPAC	closest_blast_genus	Burkholderia	6	0.22551835334	0.19265665920000002	0.0846153845	0.4221192001	0.3048475187612939	0.7397742788144149
nifD	iupac	Mixed-IUPAC	closest_blast_genus	Sinorhizobium	247	0.2496032168040486	0.2343932267	3.4471000000000004e-6	0.9005288333000001	0.32847595849933503	0.7598827565474747
nifD	iupac	Mixed-IUPAC	closest_blast_genus	Ensifer	31	0.2694629288086021	0.27545972719999995	0.0088747348	0.5597099245999999	0.297276339314157	0.9064392054553588
nifD	iupac	Mixed-IUPAC	closest_blast_genus	Microvirga	564	0.27061497414056984	0.2622482990999999	0	0.9294076736000001	0.30054127262310465	0.9004253285369426
nifD	iupac	Mixed-IUPAC	closest_blast_genus	Mesorhizobium	455	0.2733635129880698	0.26929357740000004	4.4787e-6	0.8030232490000001	0.3096239030144803	0.8828889188677572
nifD	iupac	Mixed-IUPAC	closest_blast_genus	Rhizobium	82	0.38122602038280623	0.38150240020000004	4.6267e-6	0.8153036991000001	0.3700284332774557	1.0302614234429772
nifD	iupac	Mixed-IUPAC	site	SRER	54	0.059522140114465404	0.0398618139	2.2608e-6	0.18859679659999998	0.291096865778873	0.2044753726743332
nifD	iupac	Mixed-IUPAC	site	JORN	12	0.09545203685909091	0.09524322164999999	0.0169156903	0.20521324759999993	0.2705429586351814	0.3528165631832428
nifD	iupac	Mixed-IUPAC	site	CPER	15	0.13937086027238094	0.0206593728	3.4471000000000004e-6	0.357426651	0.30212036447947543	0.4613090564500795
nifD	iupac	Mixed-IUPAC	site	NOGP	21	0.15194656226571426	0.1760884358	7.883024e-4	0.3435391803999999	0.29685131531001546	0.5118608354725648
nifD	iupac	Mixed-IUPAC	site	KONA	9	0.15918599081666676	4.0672e-6	0	0.4351207458000001	0.2713252091487285	0.5866981225817761
nifD	iupac	Mixed-IUPAC	site	DCFS	23	0.19170881680395255	0.20185193809999996	4.9685e-6	0.44027034790000014	0.30334851795981066	0.6319754521739619
nifD	iupac	Mixed-IUPAC	site	OAES	112	0.2145888791518018	0.20411253474999996	4.4787e-6	0.5612983154	0.299609388140016	0.7162288220805628
nifD	iupac	Mixed-IUPAC	site	WOOD	33	0.2158112312094697	0.23223691985	8.029465000000001e-4	0.4651937765000002	0.28228450048915144	0.7645167582191202
nifD	iupac	Mixed-IUPAC	site	UKFS	6	0.21783355269333332	0.22184394279999994	0.07507191510000001	0.45570413730000014	0.27233664733365354	0.7998686729313161
nifD	iupac	Mixed-IUPAC	site	TOOL	66	0.22689936225589738	0.2591609629	5.1324e-6	0.5368853560999999	0.3146253651280963	0.7211731392461563
nifD	iupac	Mixed-IUPAC	site	DSNY	138	0.25038757719749283	0.24161008999999997	0.0040286264	0.7692488151	0.2911583490681163	0.8599704525007965
nifD	iupac	Mixed-IUPAC	site	KONZ	38	0.255332508759744	0.26858211239999996	0.0031798054000000005	0.6524064302000002	0.2986879838416293	0.8548469391896485
nifD	iupac	Mixed-IUPAC	site	NIWO	5	0.26116071634	0.18643300490000003	0.0890324558	0.4695911302	0.32094985865173403	0.8137118908140357
nifD	iupac	Mixed-IUPAC	site	JERC	279	0.2614827837611511	0.24826362629999987	4.6367e-6	0.8071808040000001	0.2893466623590392	0.903700708448771
nifD	iupac	Mixed-IUPAC	site	OSBS	112	0.2620331294003861	0.2559675953999999	3.5821e-6	0.6790880275	0.2841692719706535	0.9221022652563454
nifD	iupac	Mixed-IUPAC	site	YELL	14	0.27242824865054943	0.282799665	0.0348035976	0.490674628	0.2837011016052512	0.9602650363677928
nifD	iupac	Mixed-IUPAC	site	TEAK	5	0.27718557272	0.22913566255	0.06482169319999999	0.49619798660000003	0.31139014396485265	0.8901552540830792
nifD	iupac	Mixed-IUPAC	site	RMNP	11	0.2809929566	0.33086877889999994	0.0044927628	0.5368046768	0.3048943541446537	0.9216076086036216
nifD	iupac	Mixed-IUPAC	site	LAJA	52	0.2842853272188537	0.2905692061	0.0040368899	0.6405491756000001	0.32151983503583337	0.8841921904667875
nifD	iupac	Mixed-IUPAC	site	TALL	87	0.2969411398372093	0.28448491659999997	9.838092999999999e-4	0.8651524332000001	0.30513821564515237	0.9731365152325742
nifD	iupac	Mixed-IUPAC	site	DELA	61	0.30136273620349724	0.3034714694999999	0.0019644808	0.7709892542000001	0.3057195504192984	0.9857489839631594
nifD	iupac	Mixed-IUPAC	site	LENO	28	0.3016993411661376	0.30505710029999994	0.0031797836	0.6750980590000003	0.3105789918409968	0.9714093647409185
nifD	iupac	Mixed-IUPAC	site	HEAL	17	0.30636958108382356	0.30199466804999997	0.0215960564	0.5721893567000002	0.3050161070502947	1.0044373854437323
nifD	iupac	Mixed-IUPAC	site	BONA	6	0.3080336993666667	0.3664702674	0.036040619399999994	0.5403392069999999	0.38218527560267485	0.8059800286155002
nifD	iupac	Mixed-IUPAC	site	HARV	7	0.31368423183809524	0.32959272210000007	0.0757225969	0.5991989810000001	0.30596473686663395	1.0252300152315466
nifD	iupac	Mixed-IUPAC	site	UNDE	7	0.31932048195238105	0.3875772707	0.027512478	0.5290618439000002	0.3626360671521129	0.880553565617723
nifD	iupac	Mixed-IUPAC	site	CLBJ	92	0.3203514522231247	0.31600305784999994	4.920012e-4	0.7917176088	0.31189115501244435	1.0271258003784776
nifD	iupac	Mixed-IUPAC	site	ORNL	21	0.3378555846638095	0.33206930629999987	0.038906516099999996	0.8207805495	0.3204588512262878	1.0542869493881983
nifD	iupac	Mixed-IUPAC	site	GUAN	10	0.34889181596	0.37646313029999995	0.0451450279	0.6094916493000003	0.32249539868722155	1.0818505236981057
nifD	iupac	Mixed-IUPAC	site	SERC	7	0.3545681165047619	0.38342633940000004	0.1355820426	0.5694850567	0.3604559654475928	0.9836655527797419
nifD	iupac	Mixed-IUPAC	site	DEJU	54	0.3571591562034941	0.34990407799999995	0.0037746571000000003	0.7182971047	0.34098226204450216	1.047442040128412
nifD	iupac	Mixed-IUPAC	site	BLAN	12	0.36477883554848484	0.41322948819999994	0.0020801642	0.6064167173999999	0.3554786201895201	1.026162516761223
nifD	iupac	Mixed-IUPAC	site	SCBI	24	0.3659964932800725	0.3534804968	0.0586632062	0.8433141955000001	0.3383164766492823	1.081816933378284
nifD	iupac	Mixed-IUPAC	site	SJER	10	0.4520313845355556	0.4836055732999999	0.014396178999999999	0.6810971697000001	0.4381079158693398	1.0317809109625133
nifD	iupac	Mixed-IUPAC	state	Arizona	54	0.059522140114465404	0.0398618139	2.2608e-6	0.18859679659999998	0.291096865778873	0.2044753726743332
nifD	iupac	Mixed-IUPAC	state	New Mexico	12	0.09545203685909091	0.09524322164999999	0.0169156903	0.20521324759999993	0.2705429586351814	0.3528165631832428
nifD	iupac	Mixed-IUPAC	state	ND	77	0.19607042019747092	0.21541949144999997	4.9685e-6	0.4651937765000002	0.2960795614546634	0.6622220704264783
nifD	iupac	Mixed-IUPAC	state	OK	112	0.2145888791518018	0.20411253474999996	4.4787e-6	0.5612983154	0.299609388140016	0.7162288220805628
nifD	iupac	Mixed-IUPAC	state	Florida	134	0.250783451816575	0.24274812159999995	0.0040286264	0.7692488151	0.2904898075092182	0.8633123962830153
nifD	iupac	Mixed-IUPAC	state	FL	100	0.2566741763091515	0.24923618539999998	3.5821e-6	0.6790880275	0.2815608935920617	0.9116115985944866
nifD	iupac	Mixed-IUPAC	state	KS	53	0.25896495677460096	0.26257962899999987	0	0.6524064302000002	0.2912960907887165	0.8890093789910624
nifD	iupac	Mixed-IUPAC	state	Georgia	271	0.26062939275234115	0.24576688389999998	4.6367e-6	0.8071808040000001	0.2891360510643574	0.9014074578141378
nifD	iupac	Mixed-IUPAC	state	CO	31	0.26753634710236557	0.27508361420000005	3.4471000000000004e-6	0.5368046768	0.3060944402792382	0.8740320368390305
nifD	iupac	Mixed-IUPAC	state	WY	14	0.27242824865054943	0.282799665	0.0348035976	0.490674628	0.2837011016052512	0.9602650363677928
nifD	iupac	Mixed-IUPAC	state	Fl	12	0.29945117903787877	0.32444281979999995	0.0917169934	0.5028095635000001	0.30430072982891415	0.9840632955636948
nifD	iupac	Mixed-IUPAC	state	P.R	62	0.30275554195282917	0.30397499510000003	0.0040368899	0.7505108582000001	0.32139177852075856	0.9420139598663514
nifD	iupac	Mixed-IUPAC	state	Alaska	128	0.30457775010262056	0.31135573904999997	5.1324e-6	0.6645621076000001	0.3265865848732516	0.9326094953374381
nifD	iupac	Mixed-IUPAC	state	AL	176	0.3067880580644676	0.3032621333499999	9.048751e-4	0.8651524332000001	0.30575559014969467	1.0033767752676817
nifD	iupac	Mixed-IUPAC	state	MA	7	0.31368423183809524	0.32959272210000007	0.0757225969	0.5991989810000001	0.30596473686663395	1.0252300152315466
nifD	iupac	Mixed-IUPAC	state	MI	7	0.31932048195238105	0.3875772707	0.027512478	0.5290618439000002	0.3626360671521129	0.880553565617723
nifD	iupac	Mixed-IUPAC	state	TX	92	0.3203514522231247	0.31600305784999994	4.920012e-4	0.7917176088	0.31189115501244435	1.0271258003784776
nifD	iupac	Mixed-IUPAC	state	VA	40	0.34923315186871795	0.33577696189999995	0.0020801642	0.8433141955000001	0.33541039475725076	1.0412114750393209
nifD	iupac	Mixed-IUPAC	state	TN	22	0.3528874617121212	0.3380398476999999	0.038906516099999996	0.8869334983	0.32753356173592857	1.0774085557578188
nifD	iupac	Mixed-IUPAC	state	MD	7	0.3545681165047619	0.38342633940000004	0.1355820426	0.5694850567	0.3604559654475928	0.9836655527797419
nifD	iupac	Mixed-IUPAC	state	CA	15	0.4218856002838095	0.46270723919999995	0.014396178999999999	0.6937756454	0.3956434670792178	1.0663277303637049
nifH	iupac	Mixed-IUPAC	closest_blast_genus	Bradyrhizobium	253	0.1514306609880794	0.13457555464999998	9.6911e-6	0.4164134073000001	0.2200765520876733	0.6880817586044015
nifH	iupac	Mixed-IUPAC	closest_blast_genus	Neorhizobium	25	0.19235431579666665	0.2205227117	4.0524e-6	0.47785725689999997	0.2795512209846452	0.6880825457286485
nifH	iupac	Mixed-IUPAC	closest_blast_genus	Microvirga	291	0.19473783066400757	0.19258004869999995	4.8487e-6	0.5194058209	0.2194242277110178	0.8874946613483253
nifH	iupac	Mixed-IUPAC	closest_blast_genus	Mesorhizobium	638	0.21531128923920143	0.2216021485	0	0.5999122108999999	0.2349703278720191	0.9163339524149392
nifH	iupac	Mixed-IUPAC	closest_blast_genus	Sinorhizobium	129	0.2627025013424177	0.30733375385000006	4.5572999999999995e-6	0.5756454552	0.2779136405074334	0.9452666693968594
nifH	iupac	Mixed-IUPAC	closest_blast_genus	Rhizobium	149	0.26434225386767635	0.26971785695	4.4444999999999995e-6	0.5260367392000002	0.25202995531498107	1.0488525204764159
nifH	iupac	Mixed-IUPAC	closest_blast_genus	Burkholderia	28	0.28002147319603177	0.33100116395	0.0086322766	0.46897217750000003	0.286472173560965	0.9774822793964649
nifH	iupac	Mixed-IUPAC	closest_blast_genus	Ensifer	22	0.28976649308961033	0.3023998636	4.9137e-6	0.5183541729	0.26768808559962826	1.0824781104490544
nifH	iupac	Mixed-IUPAC	site	SRER	52	0.040214079816063356	0.03462911715	4.4271e-6	0.10358777880000003	0.2270964248372684	0.17707931705609084
nifH	iupac	Mixed-IUPAC	site	JORN	12	0.0828294184060606	0.04934245185000001	0.006727416400000001	0.27536080389999995	0.20879695059953043	0.39669841043285275
nifH	iupac	Mixed-IUPAC	site	KONA	9	0.08449883472222218	5.3259e-6	0	0.25622926829999987	0.19100339453964105	0.44239441359606413
nifH	iupac	Mixed-IUPAC	site	CPER	15	0.13660108135619048	0.05947112649999999	5.69e-6	0.36347485279999997	0.27953765959374044	0.4886679009716132
nifH	iupac	Mixed-IUPAC	site	KONZ	39	0.17108928474520918	0.1724937064	0.0012958019	0.36887860409999995	0.20820320690244454	0.8217418323694436
nifH	iupac	Mixed-IUPAC	site	OAES	89	0.1739418370107763	0.1783334628	4.0524e-6	0.40621148110000005	0.2514239581036275	0.69182681842549
nifH	iupac	Mixed-IUPAC	site	UKFS	7	0.17684331984761903	0.20039650290000002	0.013240214	0.3571091411999999	0.20824236471990296	0.8492187460773541
nifH	iupac	Mixed-IUPAC	site	LENO	32	0.17753448838205646	0.19667431105	4.3561000000000005e-6	0.36551354099999983	0.20807460295	0.8532251695547761
nifH	iupac	Mixed-IUPAC	site	TOOL	73	0.18132469693934553	0.2159872443	3.5235e-6	0.3749361611	0.23542630515165355	0.7701972675591301
nifH	iupac	Mixed-IUPAC	site	OSBS	127	0.18469943596445443	0.18231995360000003	6.8837e-6	0.5138530973	0.21411312823473624	0.8626254610691828
nifH	iupac	Mixed-IUPAC	site	UNDE	7	0.18769731569523807	0.19321380589999998	0.0052205006000000005	0.33471479869999987	0.21042193580421759	0.892004509785885
nifH	iupac	Mixed-IUPAC	site	GUAN	15	0.19490102983809524	0.18929012539999995	0.0277162027	0.3547450495	0.2154509185679229	0.9046191640006904
nifH	iupac	Mixed-IUPAC	site	DSNY	136	0.1997018990271133	0.20671671214999998	0.0051683911	0.5476374902	0.22240236998558247	0.8979306247503533
nifH	iupac	Mixed-IUPAC	site	NOGP	20	0.20577233462684213	0.19469655195	0.003722024	0.3893040373999999	0.2679540500855138	0.7679388856454036
nifH	iupac	Mixed-IUPAC	site	RMNP	12	0.20652449697575756	0.21452303634999997	2.1188e-6	0.31837513189999994	0.2223944707325579	0.9286404302025796
nifH	iupac	Mixed-IUPAC	site	JERC	308	0.20691715343745717	0.21410176595	4.5685e-6	0.4943508615000001	0.22647627521531438	0.9136372153804541
nifH	iupac	Mixed-IUPAC	site	DEJU	55	0.20772498219474747	0.21460395790000003	0.006075425999999999	0.4237931234999998	0.2267727969202819	0.9160048516214652
nifH	iupac	Mixed-IUPAC	site	BONA	8	0.20917134346071428	0.1704407431	0.05490757710000001	0.3582208242	0.22538597005017974	0.9280584031656653
nifH	iupac	Mixed-IUPAC	site	ORNL	27	0.21275700077037035	0.20616597950000004	0.0278429642	0.4755556472	0.22245083134206922	0.956422592295048
nifH	iupac	Mixed-IUPAC	site	WOOD	33	0.21976652174772726	0.24738062004999997	0.0024806054	0.43744813829999996	0.24540877766295363	0.8955120670115408
nifH	iupac	Mixed-IUPAC	site	DELA	78	0.23058968702510824	0.2370476543	3.6385999999999998e-6	0.47917899219999993	0.23438263483154204	0.9838172831824341
nifH	iupac	Mixed-IUPAC	site	DCFS	20	0.23400197316578947	0.26433253719999994	4.5572999999999995e-6	0.4415287233	0.2494453510182147	0.9380891333938008
nifH	iupac	Mixed-IUPAC	site	CLBJ	86	0.23857893197638852	0.242000018	4.9137e-6	0.5030145667999999	0.23723354042045455	1.0056711692349636
nifH	iupac	Mixed-IUPAC	site	TALL	110	0.23881340799653047	0.2538979903	0.0014990887	0.49431621820000005	0.24342117634563543	0.9810707991051594
nifH	iupac	Mixed-IUPAC	site	YELL	11	0.24135770941454546	0.25504548149999995	0.0740495484	0.37795352150000006	0.235692653025826	1.0240357784427787
nifH	iupac	Mixed-IUPAC	site	HEAL	19	0.24635412358011693	0.2746900015999999	0.0267528009	0.41041123249999995	0.2535108145601746	0.9717696817294597
nifH	iupac	Mixed-IUPAC	site	LAJA	66	0.25505671339911423	0.2691586911	4.9081e-6	0.4743094399999999	0.25665936360456815	0.9937557306191911
nifH	iupac	Mixed-IUPAC	site	HARV	6	0.26251728774	0.262771834	0.1224458028	0.39095299429999997	0.2467611041913838	1.0638519737551342
nifH	iupac	Mixed-IUPAC	site	SCBI	20	0.2698037819436842	0.2856528434500001	0.0102138465	0.5112551825	0.2539941187496376	1.0622442097158564
nifH	iupac	Mixed-IUPAC	site	SJER	6	0.28501099518666667	0.29358929819999996	0.0636247389	0.4699660784	0.2703211227401654	1.0543423033227828
nifH	iupac	Mixed-IUPAC	site	BLAN	10	0.3221830201377777	0.3485668891	0.0066326295	0.5001224126999999	0.30218372741229055	1.0661825601820072
nifH	iupac	Mixed-IUPAC	state	Arizona	52	0.040214079816063356	0.03462911715	4.4271e-6	0.10358777880000003	0.2270964248372684	0.17707931705609084
nifH	iupac	Mixed-IUPAC	state	New Mexico	12	0.0828294184060606	0.04934245185000001	0.006727416400000001	0.27536080389999995	0.20879695059953043	0.39669841043285275
nifH	iupac	Mixed-IUPAC	state	FL	111	0.173288006789353	0.167472793	6.8837e-6	0.4933798848	0.20896608954454285	0.8292637679493697
nifH	iupac	Mixed-IUPAC	state	KS	54	0.17343118477861633	0.17844610779999998	0	0.3890427763999999	0.20604242152821206	0.8417256188909114
nifH	iupac	Mixed-IUPAC	state	OK	89	0.1739418370107763	0.1783334628	4.0524e-6	0.40621148110000005	0.2514239581036275	0.69182681842549
nifH	iupac	Mixed-IUPAC	state	MI	7	0.18769731569523807	0.19321380589999998	0.0052205006000000005	0.33471479869999987	0.21042193580421759	0.892004509785885
nifH	iupac	Mixed-IUPAC	state	Florida	133	0.20092458410751884	0.20747531460000002	0.0051683911	0.5476374902	0.2226811166546138	0.9022973619229686
nifH	iupac	Mixed-IUPAC	state	Georgia	301	0.20427455493688143	0.21234900334999995	4.5685e-6	0.4915584500000001	0.2252622727904305	0.9068298583976612
nifH	iupac	Mixed-IUPAC	state	TN	28	0.21512479981031746	0.20760766074999998	0.0278429642	0.4755556472	0.22348811587697254	0.9625782514929833
nifH	iupac	Mixed-IUPAC	state	Alaska	139	0.21651170943017414	0.2295506503	3.5235e-6	0.4577255301999999	0.23316049408735842	0.9285951733703803
nifH	iupac	Mixed-IUPAC	state	ND	73	0.2210914220166666	0.24891446479999996	4.5572999999999995e-6	0.4527750452	0.25371549796574877	0.8714147294483116
nifH	iupac	Mixed-IUPAC	state	CO	31	0.22921624795655912	0.25623798729999997	2.1188e-6	0.39251189929999997	0.25841000910418055	0.8870254242518459
nifH	iupac	Mixed-IUPAC	state	AL	220	0.23372419168824002	0.2391799148	3.6385999999999998e-6	0.49431621820000005	0.23492620078438964	0.9948834608820291
nifH	iupac	Mixed-IUPAC	state	TX	86	0.23857893197638852	0.242000018	4.9137e-6	0.5030145667999999	0.23723354042045455	1.0056711692349636
nifH	iupac	Mixed-IUPAC	state	WY	11	0.24135770941454546	0.25504548149999995	0.0740495484	0.37795352150000006	0.235692653025826	1.0240357784427787
nifH	iupac	Mixed-IUPAC	state	P.R	81	0.24730982467277776	0.25703690100000004	4.9081e-6	0.4743094399999999	0.24902769584435958	0.9931016862772747
nifH	iupac	Mixed-IUPAC	state	Fl	16	0.2481740398625	0.27307551469999997	0.0150207974	0.48163988139999997	0.24839769203889614	0.9990996205537968
nifH	iupac	Mixed-IUPAC	state	MA	6	0.26251728774	0.262771834	0.1224458028	0.39095299429999997	0.2467611041913838	1.0638519737551342
nifH	iupac	Mixed-IUPAC	state	CA	10	0.2716831514111111	0.2975431017	0.0476335647	0.4699660784	0.2686119230804057	1.0114337006916334
nifH	iupac	Mixed-IUPAC	state	VA	34	0.28511105908003564	0.30110544829999997	0.0066326295	0.5327923378999999	0.26363962605717306	1.0814423588137174
nifJ	iupac	Mixed-IUPAC	closest_blast_genus	Candidatus	325	0.06362703981747382	0.050080155949999997	2.0872e-6	0.3940747553999999	NA	NA
nifJ	iupac	Mixed-IUPAC	site	UNDE	6	0.00145385346	0.0012261484000000002	5.1001000000000005e-6	0.0028630386	0.04135209907016721	0.03515791199699603
nifJ	iupac	Mixed-IUPAC	site	LAJA	9	0.012906067677777779	0.011955516200000004	0.0015968169000000001	0.0265737211	0.041698286837728554	0.30951074148447716
nifJ	iupac	Mixed-IUPAC	site	DEJU	70	0.016356332980910968	0.0068905254999999995	3.106e-6	0.24623551199999996	0.04962101689534451	0.3296251065432223
nifJ	iupac	Mixed-IUPAC	site	BONA	36	0.018339464722222223	0.0075780771	2.0872e-6	0.12805063700000002	0.046016386542618304	0.3985420433922389
nifJ	iupac	Mixed-IUPAC	site	HEAL	38	0.03407211140526315	0.015893670200000005	4.2724e-6	0.1870115742	0.05318141777112606	0.6406770039846892
nifJ	iupac	Mixed-IUPAC	site	DELA	9	0.059806809877777783	0.0694180642	0.0143545022	0.11097864350000002	0.07112382595798172	0.840882911910704
nifJ	iupac	Mixed-IUPAC	site	OSBS	17	0.06007701958235293	0.05851988504999999	0.0016785396	0.12357736779999998	0.06288830248611535	0.955297204843729
nifJ	iupac	Mixed-IUPAC	site	OAES	5	0.07518603356	0.07280276475000001	0.050770747699999993	0.10899075049999998	0.068321390487625	1.100475751786966
nifJ	iupac	Mixed-IUPAC	site	DSNY	12	0.0780272637969697	0.07144575439999999	0.0018686386000000001	0.23351960469999997	0.07216520212145904	1.0812311405384052
nifJ	iupac	Mixed-IUPAC	site	TALL	53	0.09173595100595067	0.0821486218	7.262907999999999e-4	0.3396362062	0.09272694438502359	0.9893127786573223
nifJ	iupac	Mixed-IUPAC	site	JERC	15	0.0942901930895238	0.0693842543	0.0054031227	0.3152865204	0.07870975165643009	1.1979480446222561
nifJ	iupac	Mixed-IUPAC	site	HARV	8	0.09514940280714285	0.14038718295	5.1761e-6	0.19211097489999995	0.09179287514684537	1.0365663201520585
nifJ	iupac	Mixed-IUPAC	site	MLBS	6	0.10402427353333332	0.122340598	0.017958879	0.1684287621	0.09086608370982235	1.144808593991254
nifJ	iupac	Mixed-IUPAC	site	SERC	5	0.1104236166	0.1193635954	0.024455579900000003	0.1791394136	0.12043827254374999	0.9168482266290219
nifJ	iupac	Mixed-IUPAC	site	ORNL	18	0.11425734357058823	0.12388295510000003	0.0051062758	0.22715765719999995	0.09895721254869703	1.15461360145287
nifJ	iupac	Mixed-IUPAC	state	MI	6	0.00145385346	0.0012261484000000002	5.1001000000000005e-6	0.0028630386	0.04135209907016721	0.03515791199699603
nifJ	iupac	Mixed-IUPAC	state	P.R	11	0.01550129169818182	0.015515703100000004	0.0015968169000000001	0.038165786800000004	0.043124163255558755	0.3594572167422561
nifJ	iupac	Mixed-IUPAC	state	Alaska	135	0.023180775731166392	0.0090971782	2.0872e-6	0.252809215	0.06137116952811698	0.3777144204583914
nifJ	iupac	Mixed-IUPAC	state	FL	17	0.06007701958235293	0.05851988504999999	0.0016785396	0.12357736779999998	0.06288830248611535	0.955297204843729
nifJ	iupac	Mixed-IUPAC	state	OK	5	0.07518603356	0.07280276475000001	0.050770747699999993	0.10899075049999998	0.068321390487625	1.100475751786966
nifJ	iupac	Mixed-IUPAC	state	Florida	11	0.08167298462181817	0.0716261533	0.0018686386000000001	0.23351960469999997	0.0747713144092646	1.092303716566716
nifJ	iupac	Mixed-IUPAC	state	VA	9	0.08326784001111111	0.0634306342	0.016220682500000003	0.1684287621	0.07707639462700419	1.0803286844703774
nifJ	iupac	Mixed-IUPAC	state	AL	65	0.09238676799201924	0.0815634799	7.262907999999999e-4	0.35808122219999994	0.08822272503526031	1.047199210351921
nifJ	iupac	Mixed-IUPAC	state	Georgia	15	0.0942901930895238	0.0693842543	0.0054031227	0.3152865204	0.07870975165643009	1.1979480446222561
nifJ	iupac	Mixed-IUPAC	state	MA	8	0.09514940280714285	0.14038718295	5.1761e-6	0.19211097489999995	0.09179287514684537	1.0365663201520585
nifJ	iupac	Mixed-IUPAC	state	MD	5	0.1104236166	0.1193635954	0.024455579900000003	0.1791394136	0.12043827254374999	0.9168482266290219
nifJ	iupac	Mixed-IUPAC	state	TN	18	0.11425734357058823	0.12388295510000003	0.0051062758	0.22715765719999995	0.09895721254869703	1.15461360145287
nifK	iupac	Mixed-IUPAC	closest_blast_genus	Microvirga	176	0.19659219530001296	0.18384123080000006	0	0.6489764895000001	0.3146181321251238	0.62485971158785
nifK	iupac	Mixed-IUPAC	closest_blast_genus	Mesorhizobium	382	0.22726541222029922	0.23036005760000003	4.5732000000000005e-6	0.7212795250999997	0.34483595679037315	0.6590536971133047
nifK	iupac	Mixed-IUPAC	closest_blast_genus	Sinorhizobium	354	0.2348154915822235	0.20555307239999998	3.3434e-6	0.7506330774999995	0.3721545279071427	0.6309623394957402
nifK	iupac	Mixed-IUPAC	closest_blast_genus	Rhizobium	140	0.46684840427655705	0.5038356474500001	2.22e-6	0.9243129927999998	0.4234358414485213	1.1025245351917465
nifK	iupac	Mixed-IUPAC	site	KONA	8	0.025954659546428577	0	0	0.10381505390000001	0.2432841725773709	0.10668453796834769
nifK	iupac	Mixed-IUPAC	site	NOGP	18	0.08403199290784313	0.0704974003	1.17e-5	0.2866626753	0.3227871622129485	0.2603325123952907
nifK	iupac	Mixed-IUPAC	site	SRER	54	0.09473212231369671	0.0479336546	0.0014336095000000001	0.36985258529999976	0.28125288635453116	0.33682186711599776
nifK	iupac	Mixed-IUPAC	site	CPER	15	0.10502106408190473	0.021218720400000002	3.3567e-6	0.47707767709999993	0.31929101529392495	0.3289195719623587
nifK	iupac	Mixed-IUPAC	site	WOOD	31	0.16119476002236557	0.0978293724	4.4247e-6	0.5248188657999999	0.32567801114673783	0.49495131542589005
nifK	iupac	Mixed-IUPAC	site	DCFS	23	0.18537278299367582	0.16725028940000006	6.545557e-4	0.5517074866999999	0.33107303462216603	0.5599150749478307
nifK	iupac	Mixed-IUPAC	site	JORN	12	0.19017492257878787	0.2194945136	0.0161281959	0.4085071085000001	0.2825365905008494	0.6730983843249009
nifK	iupac	Mixed-IUPAC	site	TOOL	66	0.19751033070797203	0.08788705039999999	4.5732000000000005e-6	0.6465244256999999	0.31994445568199925	0.6173269365989028
nifK	iupac	Mixed-IUPAC	site	LENO	19	0.198092269174269	0.19260029959999997	9.024443e-4	0.48342848569999997	0.3041115563300967	0.6513802749384852
nifK	iupac	Mixed-IUPAC	site	RMNP	10	0.22630046923333327	0.28478029089999995	0.0019227603	0.3781723068999998	0.29118823853896353	0.7771621215499481
nifK	iupac	Mixed-IUPAC	site	SJER	6	0.23696623074666662	0.13151916619999998	0.043694882500000004	0.5815905164999999	0.3868143729187699	0.6126096839644295
nifK	iupac	Mixed-IUPAC	site	SERC	5	0.27709536216	0.21877583130000003	0.0795939843	0.49769795330000005	0.33750970654357204	0.8209996832320062
nifK	iupac	Mixed-IUPAC	site	OAES	108	0.27786429383956385	0.29463940235	4.4652e-6	0.7287843895999998	0.31311918279061124	0.8874074445492437
nifK	iupac	Mixed-IUPAC	site	KONZ	33	0.27890372546553027	0.27096506215000005	0.0163784331	0.6258457587999999	0.36279882001281116	0.768755878135661
nifK	iupac	Mixed-IUPAC	site	BLAN	11	0.2859538039345455	0.12856174939999998	0.017827433	0.7298438868999999	0.37387111011743945	0.7648459487675376
nifK	iupac	Mixed-IUPAC	site	YELL	6	0.2891145139	0.30555914860000005	0.0535540058	0.5194450099	0.3070561318331421	0.9415689313024636
nifK	iupac	Mixed-IUPAC	site	DSNY	90	0.29253262099056176	0.2973471080000001	0.00463843	0.7624378194	0.3138828613658375	0.9319802289224338
nifK	iupac	Mixed-IUPAC	site	CLBJ	76	0.29723968671280704	0.300150113	7.365836e-4	0.6602431819	0.32112408349450217	0.9256225303260257
nifK	iupac	Mixed-IUPAC	site	SCBI	18	0.29734270388888884	0.3423833097000001	0.019963633999999994	0.7253365192	0.34358058763348376	0.8654234685868825
nifK	iupac	Mixed-IUPAC	site	OSBS	67	0.3007545217630936	0.3164212516000001	0.0024039387000000002	0.6752613074999999	0.31685377962366257	0.9491902609472086
nifK	iupac	Mixed-IUPAC	site	JERC	188	0.3220861517880134	0.32037240479999995	8.255671e-4	0.7674847686	0.32564046239828814	0.989085169010946
nifK	iupac	Mixed-IUPAC	site	ORNL	20	0.3311432284721053	0.3331585268499999	0.04345552080000001	0.6400792064999999	0.34744538379578505	0.9530799484351143
nifK	iupac	Mixed-IUPAC	site	TALL	37	0.3505616420708708	0.3887409401499999	3.2717e-6	0.7754383615	0.3508530664661749	0.9991693833597085
nifK	iupac	Mixed-IUPAC	site	LAJA	27	0.37248922721823363	0.3531162406999999	0.0101210518	0.7929010641999998	0.357935725850327	1.040659538338434
nifK	iupac	Mixed-IUPAC	site	DEJU	20	0.37489902511473683	0.3798281009	0.0335612223	0.7591828379	0.34901997114995154	1.0741477740643866
nifK	iupac	Mixed-IUPAC	site	DELA	45	0.3949680429135353	0.42725099730000005	0.004071262699999999	0.7067702267999998	0.3863990181557541	1.0221766214590304
nifK	iupac	Mixed-IUPAC	site	HEAL	8	0.400139179875	0.4393148761	0.0524063772	0.7157560136999997	0.3934484995436542	1.0170052251796768
nifK	iupac	Mixed-IUPAC	site	NIWO	5	0.41242698754	0.2947274934	0.099644291	0.8340845698999998	0.4366660053808977	0.9444907147746608
nifK	iupac	Mixed-IUPAC	state	Arizona	54	0.09473212231369671	0.0479336546	0.0014336095000000001	0.36985258529999976	0.28125288635453116	0.33682186711599776
nifK	iupac	Mixed-IUPAC	state	ND	72	0.15086709925121283	0.11223233019999998	4.4247e-6	0.6391187237000001	0.33516788318861684	0.45012397314426417
nifK	iupac	Mixed-IUPAC	state	New Mexico	12	0.19017492257878787	0.2194945136	0.0161281959	0.4085071085000001	0.2825365905008494	0.6730983843249009
nifK	iupac	Mixed-IUPAC	state	CA	10	0.20965039577111108	0.16381547709999997	0.0406165432	0.5815905164999999	0.3728198248707485	0.5623370373176748
nifK	iupac	Mixed-IUPAC	state	Fl	11	0.23669336630181814	0.19616077350000002	0.0153998977	0.4464019101999998	0.3128285015442668	0.7566234059025624
nifK	iupac	Mixed-IUPAC	state	CO	30	0.25622930126068955	0.21336967219999997	3.3567e-6	0.8340845698999998	0.3298907449440378	0.7767095779063335
nifK	iupac	Mixed-IUPAC	state	KS	42	0.2647609254060395	0.2549084596	0	0.6258457587999999	0.3431507390199247	0.7715586630010621
nifK	iupac	Mixed-IUPAC	state	MD	5	0.27709536216	0.21877583130000003	0.0795939843	0.49769795330000005	0.33750970654357204	0.8209996832320062
nifK	iupac	Mixed-IUPAC	state	OK	108	0.27786429383956385	0.29463940235	4.4652e-6	0.7287843895999998	0.31311918279061124	0.8874074445492437
nifK	iupac	Mixed-IUPAC	state	Alaska	89	0.28202332684627157	0.30071842229999995	4.5732000000000005e-6	0.7881035369999999	0.3345079908967323	0.8430989229591722
nifK	iupac	Mixed-IUPAC	state	FL	56	0.2887958598342857	0.30030371545	0.0024039387000000002	0.6752613074999999	0.3181112842752043	0.9078453802488903
nifK	iupac	Mixed-IUPAC	state	WY	6	0.2891145139	0.30555914860000005	0.0535540058	0.5194450099	0.3070561318331421	0.9415689313024636
nifK	iupac	Mixed-IUPAC	state	Florida	89	0.2921822341004597	0.2966750027500001	0.00463843	0.7624378194	0.313663548462455	0.9315147888006292
nifK	iupac	Mixed-IUPAC	state	TX	76	0.29723968671280704	0.300150113	7.365836e-4	0.6602431819	0.32112408349450217	0.9256225303260257
nifK	iupac	Mixed-IUPAC	state	VA	32	0.29780870915907254	0.2744831884	0.0133776458	0.7932608228	0.3488045106641851	0.853798331311692
nifK	iupac	Mixed-IUPAC	state	Georgia	181	0.32179028639156537	0.3174280108	8.255671e-4	0.7674847686	0.3265052006392259	0.985559451309107
nifK	iupac	Mixed-IUPAC	state	TN	20	0.3311432284721053	0.3331585268499999	0.04345552080000001	0.6400792064999999	0.34744538379578505	0.9530799484351143
nifK	iupac	Mixed-IUPAC	state	P.R	31	0.3743875311294624	0.35581433	0.0101210518	0.7999599906	0.3591764856475373	1.042349780928732
nifK	iupac	Mixed-IUPAC	state	AL	101	0.37936911274158414	0.3737268402999999	3.2717e-6	0.8048147607999998	0.3554347199355633	1.0673383647223882
nodL	iupac	Mixed-IUPAC	closest_blast_genus	Sinorhizobium	211	0.038768629040243655	0.01622707010000001	0	0.2408089503	0.16500998370922923	0.23494717209692853
nodL	iupac	Mixed-IUPAC	closest_blast_genus	Rhizobium	19	0.10853322535672515	0.1588141555	0	0.29414763890000006	0.1650099837092292	0.657737325445568
nodL	iupac	Mixed-IUPAC	site	CPER	12	0.006868669671212124	0.007196172700000001	0	0.014412910900000003	0.03800253099350151	0.18074242666591542
nodL	iupac	Mixed-IUPAC	site	WOOD	24	0.008885548141666668	0.008975603799999999	0	0.025573001400000003	0.039375911163309026	0.22565949280041891
nodL	iupac	Mixed-IUPAC	site	NOGP	17	0.011056446041176473	0.010951437549999998	4.357700000000001e-6	0.0238032008	0.039208163867909436	0.28199346642258355
nodL	iupac	Mixed-IUPAC	site	TOOL	5	0.012078947460000001	0.01098761685	0.005566855599999999	0.020061979700000006	0.03953289015351112	0.3055417252089576
nodL	iupac	Mixed-IUPAC	site	BLAN	9	0.013658622511111112	0.01411376715	4.2185e-6	0.037764546700000005	0.0427314161008044	0.3196388923524113
nodL	iupac	Mixed-IUPAC	site	TALL	8	0.01466897600714286	0.012874072650000006	3.0473e-6	0.026712859100000007	0.040377224879391924	0.3632982715122093
nodL	iupac	Mixed-IUPAC	site	DSNY	5	0.017623721599999996	0.016560525849999994	3.30552e-5	0.0330986199	0.040360035765777784	0.43666268539195796
nodL	iupac	Mixed-IUPAC	site	SCBI	9	0.01829250342222222	0.016354821150000004	7.5440999999999995e-6	0.036733445999999975	0.04174103299773754	0.4382379186258691
nodL	iupac	Mixed-IUPAC	site	DCFS	19	0.0412207000128655	0.009168561	4.3672e-6	0.2123236958	0.051301428208056846	0.8035000477119626
nodL	iupac	Mixed-IUPAC	site	OSBS	9	0.05040383879444445	0.0182849652	2.0316e-6	0.1517154858	0.053958817423780746	0.9341168172494169
nodL	iupac	Mixed-IUPAC	site	JERC	16	0.05534319493916666	0.020122987700000004	6.770000000000001e-6	0.27016675739999996	0.05730800157038553	0.9657149686365228
nodL	iupac	Mixed-IUPAC	site	OAES	57	0.09962177075827067	0.13382854160000002	0	0.2131271005	0.08129989088815537	1.2253616784716328
nodL	iupac	Mixed-IUPAC	site	CLBJ	8	0.14854308947857142	0.18373310295000006	0.0018941091	0.21332927950000005	0.10962507216813064	1.3550101864539956
nodL	iupac	Mixed-IUPAC	state	AL	12	0.012303787063636367	0.012716919350000005	3.0473e-6	0.026712859100000007	0.03914440060703366	0.3143179323947947
nodL	iupac	Mixed-IUPAC	state	Alaska	9	0.013589381705555556	0.013650461250000004	7.3335e-6	0.027345989399999996	0.04082282296576171	0.33288686862623473
nodL	iupac	Mixed-IUPAC	state	VA	18	0.01675206762156863	0.0159621238	4.2185e-6	0.0451649762	0.04328879707337536	0.3869839023979702
nodL	iupac	Mixed-IUPAC	state	Florida	5	0.017623721599999996	0.016560525849999994	3.30552e-5	0.0330986199	0.040360035765777784	0.43666268539195796
nodL	iupac	Mixed-IUPAC	state	ND	60	0.01995943458706215	0.009168274550000001	0	0.2123236958	0.04839881850066666	0.4123950791647367
nodL	iupac	Mixed-IUPAC	state	CO	17	0.04250231204117647	0.012355985900000008	0	0.17297929590000002	0.05232232370850592	0.8123169811410148
nodL	iupac	Mixed-IUPAC	state	FL	7	0.05978209406666667	0.05027890909999999	0.001906095	0.1517154858	0.05786847903235105	1.0330683485433552
nodL	iupac	Mixed-IUPAC	state	Georgia	14	0.06171728508901098	0.021922904299999997	6.770000000000001e-6	0.27016675739999996	0.05992542220376982	1.0299015479465148
nodL	iupac	Mixed-IUPAC	state	OK	57	0.09962177075827067	0.13382854160000002	0	0.2131271005	0.08129989088815537	1.2253616784716328
nodL	iupac	Mixed-IUPAC	state	TX	8	0.14854308947857142	0.18373310295000006	0.0018941091	0.21332927950000005	0.10962507216813064	1.3550101864539956
nodX	iupac	Mixed-IUPAC	closest_blast_genus	Rhizobium	133	0.03687544825586698	0.03574230505000001	0	0.2104096223	NA	NA
nodX	iupac	Mixed-IUPAC	site	BLAN	10	0.005939225242222222	0.005626779199999999	3.9336e-6	0.0123259002	0.03185178542138212	0.18646443719400474
nodX	iupac	Mixed-IUPAC	site	SCBI	6	0.008088069433333333	0.0093594443	9.227723e-4	0.0132912121	0.0317191430269029	0.2549901624540536
nodX	iupac	Mixed-IUPAC	site	ORNL	11	0.012180521410909093	1.4750999999999998e-5	0	0.035779525200000016	0.02971627697749629	0.40989392514187517
nodX	iupac	Mixed-IUPAC	site	OSBS	11	0.01225294235636364	1.1800799999999999e-5	0	0.03858503430000001	0.0301663505032787	0.4061791417238853
nodX	iupac	Mixed-IUPAC	site	JERC	15	0.021621491148571433	0.015462993100000001	4.917e-6	0.04358834540000002	0.032144375346045195	0.672636842863135
nodX	iupac	Mixed-IUPAC	site	DEJU	8	0.023054450675000008	0.039528674200000016	2.9502e-6	0.04045771750000002	0.030402769756500008	0.7583009988776119
nodX	iupac	Mixed-IUPAC	site	CLBJ	11	0.027003151294545457	0.0019748073	0	0.0851082959	0.03745608346758571	0.7209283191050617
nodX	iupac	Mixed-IUPAC	site	DELA	11	0.05092563985818182	0.0640565915	4.917e-6	0.09523399220000002	0.053693622452533535	0.9484485779144687
nodX	iupac	Mixed-IUPAC	site	DSNY	9	0.06051271315555555	0.045194719800000005	4.917e-6	0.1664180841	0.0472543173920251	1.2805753314250183
nodX	iupac	Mixed-IUPAC	site	TALL	8	0.08032547786785714	0.04042736210000001	8.8506e-6	0.18130935310000001	0.0605790830369	1.3259606095214282
nodX	iupac	Mixed-IUPAC	state	VA	16	0.006719261434999999	0.006529668349999999	3.9336e-6	0.0142638795	0.033393286680128205	0.2012159359862748
nodX	iupac	Mixed-IUPAC	state	FL	11	0.01225294235636364	1.1800799999999999e-5	0	0.03858503430000001	0.0301663505032787	0.4061791417238853
nodX	iupac	Mixed-IUPAC	state	TN	12	0.015413642401515154	0.005272540599999997	0	0.03762883030000001	0.029773768529545448	0.5176920209552819
nodX	iupac	Mixed-IUPAC	state	Alaska	13	0.02079615015128206	0.039519963000000005	0	0.04045771750000002	0.030623377039487185	0.6790939524555555
nodX	iupac	Mixed-IUPAC	state	Georgia	15	0.021621491148571433	0.015462993100000001	4.917e-6	0.04358834540000002	0.032144375346045195	0.672636842863135
nodX	iupac	Mixed-IUPAC	state	TX	11	0.027003151294545457	0.0019748073	0	0.0851082959	0.03745608346758571	0.7209283191050617
nodX	iupac	Mixed-IUPAC	state	Florida	9	0.06051271315555555	0.045194719800000005	4.917e-6	0.1664180841	0.0472543173920251	1.2805753314250183
nodX	iupac	Mixed-IUPAC	state	AL	19	0.06584581521403508	0.06406347529999999	2.9502e-6	0.18133626659999996	0.055501709469067406	1.1863745431252477
nodX	iupac	Mixed-IUPAC	state	ND	6	0.07281493810666666	0.008445542099999996	0.0028129902	0.20566671959999994	0.0558172430207349	1.3045240890815313
noeA	iupac	Mixed-IUPAC	closest_blast_genus	Sinorhizobium	194	0.003374242866855404	0.0028874576000000006	0	0.012745202899999999	0.01765014402989691	0.19117367320855294
noeA	iupac	Mixed-IUPAC	site	BLAN	10	0.0015947940422222223	0.0014318056999999998	2e-6	0.0043238155000000006	0.003285067256270271	0.48546769907928317
noeA	iupac	Mixed-IUPAC	site	SCBI	8	0.0017909039964285715	0.0014336637499999996	2e-6	0.005009091100000002	0.0032108313806818176	0.5577695568828889
noeA	iupac	Mixed-IUPAC	site	CPER	12	0.0018276817	0.0014162708999999997	3e-6	0.005124464900000001	0.0029456722794171226	0.6204633532287082
noeA	iupac	Mixed-IUPAC	site	TALL	7	0.002115040942857144	0.002856697400000001	6.999999999999999e-6	0.0035818286000000024	0.00287128090775076	0.736619303652173
noeA	iupac	Mixed-IUPAC	site	OSBS	6	0.002480475986666668	0.0028633443000000013	4.9999999999999996e-6	0.004287297900000003	0.003029877094356262	0.8186721472257206
noeA	iupac	Mixed-IUPAC	site	CLBJ	6	0.002552597693333334	0.0025014565	4.9999999999999996e-6	0.005343413400000002	0.003686256532804234	0.6924633895166011
noeA	iupac	Mixed-IUPAC	site	JERC	7	0.0027290363333333347	0.003575204200000001	2e-6	0.0050027479000000034	0.003125699498556233	0.8730961932181522
noeA	iupac	Mixed-IUPAC	site	DSNY	7	0.0028704036476190483	0.002159002200000001	6.999999999999999e-6	0.005739560700000002	0.0032142375534954413	0.8930278487031931
noeA	iupac	Mixed-IUPAC	site	WOOD	27	0.0029632753601139604	0.0028633193000000006	2e-6	0.010034790099999998	0.0034869680725749547	0.8498143081435577
noeA	iupac	Mixed-IUPAC	site	OAES	41	0.0037059539121951216	0.0035770881000000017	2e-6	0.010863312099999996	0.0036790044217611655	1.0073252128414283
noeA	iupac	Mixed-IUPAC	site	DCFS	20	0.004445446357368421	0.0043074941999999995	3e-6	0.012745202899999999	0.004023116626142857	1.104975761448524
noeA	iupac	Mixed-IUPAC	site	NOGP	19	0.004493955409356726	0.0035640695000000015	2e-6	0.019263491799999997	0.00403648796743421	1.1133330374358341
noeA	iupac	Mixed-IUPAC	state	VA	18	0.0016779960653594773	0.0014318056999999996	2e-6	0.005761044300000001	0.003330550364469556	0.5038194537636801
noeA	iupac	Mixed-IUPAC	state	AL	11	0.0024202269854545462	0.0021487114000000016	6.077599999999999e-6	0.0057121090000000025	0.0030070983734189725	0.8048379816396986
noeA	iupac	Mixed-IUPAC	state	Georgia	5	0.0024397147200000014	0.0032214792000000016	2e-6	0.004295278600000002	0.0031406291028421057	0.7768235726377836
noeA	iupac	Mixed-IUPAC	state	TX	6	0.002552597693333334	0.0025014565	4.9999999999999996e-6	0.005343413400000002	0.003686256532804234	0.6924633895166011
noeA	iupac	Mixed-IUPAC	state	Florida	7	0.0028704036476190483	0.002159002200000001	6.999999999999999e-6	0.005739560700000002	0.0032142375534954413	0.8930278487031931
noeA	iupac	Mixed-IUPAC	state	CO	16	0.0031157066908333335	0.0029310645000000003	3e-6	0.008013323199999998	0.003396868130970671	0.9172292154723727
noeA	iupac	Mixed-IUPAC	state	Alaska	6	0.0034809475533333334	0.003569298600000001	2.28215e-5	0.007999735899999996	0.0034755406773368607	1.0015556934872694
noeA	iupac	Mixed-IUPAC	state	OK	41	0.0037059539121951216	0.0035770881000000017	2e-6	0.010863312099999996	0.0036790044217611655	1.0073252128414283
noeA	iupac	Mixed-IUPAC	state	ND	66	0.003918026289510489	0.0035620554000000016	2e-6	0.023622064600000003	0.0037460535610054045	1.0459077067918188
noeB	iupac	Mixed-IUPAC	closest_blast_genus	Sinorhizobium	149	0.01369706077984763	0.0146742657	0	0.07360669269999999	NA	NA
noeB	iupac	Mixed-IUPAC	site	BLAN	8	0.006984562535714284	0.0045630780999999995	7.9404e-6	0.01728410649999999	0.011978852220390067	0.5830744387868277
noeB	iupac	Mixed-IUPAC	site	CPER	12	0.007426720689393937	0.00384312655	4.968e-6	0.023882507999999993	0.012218814013199505	0.6078102736788646
noeB	iupac	Mixed-IUPAC	site	SCBI	6	0.01048640443333333	0.015922798199999987	4.0512e-6	0.019688703100000003	0.012321573626223777	0.8510604855710403
noeB	iupac	Mixed-IUPAC	site	WOOD	25	0.012807198238666667	0.0120915735	2.9807999999999995e-6	0.034455865700000005	0.013799124812677421	0.9281167039594092
noeB	iupac	Mixed-IUPAC	site	DCFS	17	0.015069368538235296	0.0147287329	4.3225e-6	0.031881858000000006	0.01491542633168449	1.010321006126643
noeB	iupac	Mixed-IUPAC	site	NOGP	17	0.01561950884117647	0.012574929799999999	2.9807999999999995e-6	0.060941448800000006	0.014821615497549016	1.0538330888262077
noeB	iupac	Mixed-IUPAC	site	OAES	37	0.016203984058858856	0.016582722099999996	0	0.042660624700000004	0.01486202945798745	1.0902941690880708
noeB	iupac	Mixed-IUPAC	state	VA	14	0.008201456379120876	0.004898575	3.214e-6	0.019688703100000003	0.012326517486719576	0.6653506465193445
noeB	iupac	Mixed-IUPAC	state	CO	14	0.009304990652747251	0.0069550787	4.968e-6	0.023882507999999993	0.012643376812804233	0.7359577105480141
noeB	iupac	Mixed-IUPAC	state	AL	6	0.009364158266666665	0.015211165200000001	0	0.015917788099999993	0.011268684534032633	0.8309894769337011
noeB	iupac	Mixed-IUPAC	state	ND	59	0.014876028743074228	0.013617478	0	0.0670037251	0.014055203769435025	1.0584000763777044
noeB	iupac	Mixed-IUPAC	state	OK	37	0.016203984058858856	0.016582722099999996	0	0.042660624700000004	0.01486202945798745	1.0902941690880708
nolF	iupac	Mixed-IUPAC	closest_blast_genus	Sinorhizobium	209	0.007538047809771807	0.007324166899999998	0	0.0566348374	NA	NA
nolF	iupac	Mixed-IUPAC	site	SCBI	9	9.490325722222224e-4	9.7335075e-4	4.1829e-6	0.002038042300000001	0.007843091975888896	0.12100235151388289
nolF	iupac	Mixed-IUPAC	site	TOOL	7	0.002864798333333333	0.0030764436999999997	0.0010109488999999995	0.006259964199999999	0.007009188710820369	0.40872038855378906
nolF	iupac	Mixed-IUPAC	site	DSNY	8	0.004137366460714287	0.00115452935	5.4605e-6	0.014598676900000003	0.008128238798445278	0.5090114308041317
nolF	iupac	Mixed-IUPAC	site	DCFS	20	0.005139841887894737	0.004289216950000001	1.962e-6	0.0147105324	0.007879410462301588	0.6523130013959676
nolF	iupac	Mixed-IUPAC	site	WOOD	30	0.005434670295632184	0.0041408278	1.962e-6	0.016522548200000015	0.0072088005762756075	0.7538938327019139
nolF	iupac	Mixed-IUPAC	site	CPER	13	0.005999890953846156	0.0036739961000000006	4.2193e-6	0.014558185800000002	0.007295977848822607	0.8223559717652366
nolF	iupac	Mixed-IUPAC	site	OAES	39	0.006022571226180837	0.004142519199999998	1.962e-6	0.017883939200000004	0.007466774272202116	0.8065827366178902
nolF	iupac	Mixed-IUPAC	site	BLAN	12	0.006098182228787881	0.0032953367999999997	4.7289e-6	0.015832553300000003	0.007960253515439933	0.7660788964773138
nolF	iupac	Mixed-IUPAC	site	CLBJ	5	0.0066355329200000045	0.010409477400000006	1.962e-6	0.011381150600000008	0.006891130403627453	0.9629092081187575
nolF	iupac	Mixed-IUPAC	site	TALL	9	0.006662263727777781	0.006238313700000003	4.9362e-6	0.013508787400000008	0.007358967922555558	0.9053258280087961
nolF	iupac	Mixed-IUPAC	site	JERC	10	0.0067529032688888905	0.005143060499999998	7.9652e-6	0.016579167400000008	0.007595246978140707	0.8890959422812581
nolF	iupac	Mixed-IUPAC	site	OSBS	6	0.00789949068666667	0.012383932400000004	3.924e-6	0.015454072900000008	0.007791038319950741	1.0139201428952302
nolF	iupac	Mixed-IUPAC	site	NOGP	18	0.01122677069738562	0.0072244679999999995	0	0.05340956959999999	0.009336764574432811	1.20242623747077
nolF	iupac	Mixed-IUPAC	state	VA	21	0.004076913780952382	0.0019869858000000004	2.9663000000000003e-6	0.015832553300000003	0.008129835734169205	0.5014755419740354
nolF	iupac	Mixed-IUPAC	state	Florida	8	0.004137366460714287	0.00115452935	5.4605e-6	0.014598676900000003	0.008128238798445278	0.5090114308041317
nolF	iupac	Mixed-IUPAC	state	Alaska	10	0.004905581493333334	0.003190497300000001	7.9652e-6	0.015518243000000006	0.007441548073165833	0.6592151854830884
nolF	iupac	Mixed-IUPAC	state	OK	39	0.006022571226180837	0.004142519199999998	1.962e-6	0.017883939200000004	0.007466774272202116	0.8065827366178902
nolF	iupac	Mixed-IUPAC	state	TX	5	0.0066355329200000045	0.010409477400000006	1.962e-6	0.011381150600000008	0.006891130403627453	0.9629092081187575
nolF	iupac	Mixed-IUPAC	state	CO	18	0.006746472173202616	0.0063077898000000006	4.2193e-6	0.01676885360000001	0.007402171816259455	0.9114179379602426
nolF	iupac	Mixed-IUPAC	state	Georgia	8	0.006761807750000002	0.00468030685	0.0010101325999999995	0.013504998500000007	0.00720802946131841	0.9380938002940973
nolF	iupac	Mixed-IUPAC	state	AL	12	0.007502335601515154	0.00724622435	4.9362e-6	0.015549491800000008	0.0074099082636632846	1.0124734793688492
nolF	iupac	Mixed-IUPAC	state	ND	68	0.008130309013169449	0.0074538064000000005	0	0.055502742599999995	0.0076835872228827725	1.0581397434984896
nolG	iupac	Mixed-IUPAC	closest_blast_genus	Sinorhizobium	229	0.007963405515421731	0.008304215299999999	0	0.0389212735	NA	NA
nolG	iupac	Mixed-IUPAC	site	BLAN	11	0.0032928718545454545	0.0027245169999999997	9.4975e-6	0.009512090500000002	0.006863524654378646	0.4797639726470186
nolG	iupac	Mixed-IUPAC	site	DSNY	10	0.003920926177777778	0.0027311239	3.9241689999999996e-4	0.012302393299999997	0.008011728429680363	0.489398288046342
nolG	iupac	Mixed-IUPAC	site	WOOD	30	0.00463006620413793	0.0027247607999999995	0	0.011176524799999997	0.006959065108475717	0.6653287664313978
nolG	iupac	Mixed-IUPAC	site	SCBI	10	0.004833852797777778	0.004478641199999999	1.47046e-5	0.010859781000000004	0.007309751790547946	0.6612882265069944
nolG	iupac	Mixed-IUPAC	site	TALL	11	0.005146612254545454	0.0035942358999999998	1.10178e-5	0.015729649800000002	0.007430998530150127	0.6925869025089793
nolG	iupac	Mixed-IUPAC	site	TOOL	8	0.006587576853571429	0.006911834949999999	3.871203e-4	0.013517577800000003	0.007905545365441177	0.8332855671626144
nolG	iupac	Mixed-IUPAC	site	CPER	13	0.0071959236102564095	0.00781683255	4.1674e-6	0.0144429257	0.007417065109045583	0.9701847704532784
nolG	iupac	Mixed-IUPAC	site	JERC	16	0.0073698761483333335	0.008201458049999999	8.897600000000001e-6	0.0160390819	0.00856734551948357	0.8602286591071888
nolG	iupac	Mixed-IUPAC	site	OAES	42	0.00787332858641115	0.0079261146	0	0.0220170265	0.00912809755893812	0.8625377342403274
nolG	iupac	Mixed-IUPAC	site	OSBS	8	0.008321316846428572	0.00983136405	3.2202e-6	0.016135716300000002	0.008481020489423077	0.9811692893333206
nolG	iupac	Mixed-IUPAC	site	NOGP	19	0.008336321243274852	0.007910285900000003	0	0.0305503679	0.008190626243233082	1.01778801714486
nolG	iupac	Mixed-IUPAC	site	DCFS	21	0.008834591729523809	0.0063576591	4.715400000000001e-6	0.022023504399999998	0.008700435373969782	1.015419499115573
nolG	iupac	Mixed-IUPAC	site	CLBJ	5	0.00927915004	0.0135130742	7.917879e-4	0.015850192399999997	0.008439404329732142	1.0995029598604988
nolG	iupac	Mixed-IUPAC	state	Florida	10	0.003920926177777778	0.0027311239	3.9241689999999996e-4	0.012302393299999997	0.008011728429680363	0.489398288046342
nolG	iupac	Mixed-IUPAC	state	VA	21	0.003989616462857143	0.00316891895	5.5413e-6	0.010859781000000004	0.007231848050343408	0.551673159486211
nolG	iupac	Mixed-IUPAC	state	Alaska	10	0.00659243954	0.006838305899999999	3.871203e-4	0.013517577800000003	0.007654840919589042	0.8612118278160015
nolG	iupac	Mixed-IUPAC	state	AL	14	0.00690451192967033	0.007517852700000001	1.10178e-5	0.0173830575	0.007547399130697676	0.914820034041592
nolG	iupac	Mixed-IUPAC	state	ND	70	0.00726119628662526	0.007118878999999999	0	0.032971638600000006	0.007883903777753814	0.9210153359702764
nolG	iupac	Mixed-IUPAC	state	OK	42	0.00787332858641115	0.0079261146	0	0.0220170265	0.00912809755893812	0.8625377342403274
nolG	iupac	Mixed-IUPAC	state	Georgia	12	0.008047441486363636	0.009853758050000001	8.897600000000001e-6	0.0158661285	0.008465386855645159	0.9506289108331989
nolG	iupac	Mixed-IUPAC	state	CO	19	0.008694914265497075	0.0090844147	4.1674e-6	0.0177011407	0.008247086213433582	1.0543013666249823
nolG	iupac	Mixed-IUPAC	state	TX	5	0.00927915004	0.0135130742	7.917879e-4	0.015850192399999997	0.008439404329732142	1.0995029598604988
nifD	strict	Strict single-dominant	closest_blast_genus	Bradyrhizobium	6	0.06024921482666666	0.06267252069999998	0.0150785285	0.1079040817	0.20729002232524366	0.29065178415647047
nifD	strict	Strict single-dominant	closest_blast_genus	Azorhizobium	16	0.0678799248575	0.058100099749999995	0.0066090022	0.1936996097	0.22316070227492474	0.30417508174837493
nifD	strict	Strict single-dominant	closest_blast_genus	Microvirga	107	0.19258783442997712	0.22069643599999997	3.5436999999999996e-6	0.44270693010000006	0.24468082477452974	0.7870981904995799
nifD	strict	Strict single-dominant	closest_blast_genus	Mesorhizobium	104	0.19399036467141523	0.19695329945	7.2669e-6	0.503650767	0.24771759082034991	0.78311097741985225
nifD	strict	Strict single-dominant	closest_blast_genus	Sinorhizobium	88	0.22798126857228318	0.21536965209999998	4.2068e-6	0.5825466859	0.2931348073269143	0.7777352360548244
nifD	strict	Strict single-dominant	closest_blast_genus	Rhizobium	19	0.2424211866269006	0.204515286	5.3721e-6	0.6877460564	0.2963508565593665	0.8180208737758029
nifD	strict	Strict single-dominant	site	CPER	6	0.012591940266666667	0.013037321400000001	4.2068e-6	0.023708167699999998	0.2565777594726121	0.04907650722552502
nifD	strict	Strict single-dominant	site	NOGP	11	0.021368112352727273	0.0084110148	0.0015353357	0.0889189754	0.26310013704094953	0.08121665230984464
nifD	strict	Strict single-dominant	site	SRER	23	0.05009856983083004	0.0356235181	3.5436999999999996e-6	0.15325930880000002	0.22890305716090975	0.21886369912313025
nifD	strict	Strict single-dominant	site	OAES	53	0.16752330371756166	0.19176672790000002	5.3721e-6	0.4399951619000001	0.23871952064046045	0.701757875803845
nifD	strict	Strict single-dominant	site	DCFS	9	0.16913499713333335	0.0715397781	9.513694e-4	0.41367975030000004	0.26500740254087185	0.6382274438814887
nifD	strict	Strict single-dominant	site	DSNY	21	0.18190351764190477	0.1802386002	0.0092390581	0.41512661250000005	0.23669445763774574	0.7685161683012579
nifD	strict	Strict single-dominant	site	WOOD	10	0.18526565356666666	0.25179576400000003	0.0030389748999999997	0.34953186799999997	0.2448568031764497	0.7566285729588643
nifD	strict	Strict single-dominant	site	TOOL	20	0.20316088674578947	0.2499145887	7.637393e-4	0.4267394339	0.2506088006477744	0.8106694027530501
nifD	strict	Strict single-dominant	site	KONZ	10	0.2057916710977778	0.2512169069	0.0030881969000000004	0.36709789559999995	0.23377967651355028	0.8802804168729772
nifD	strict	Strict single-dominant	site	OSBS	27	0.20919934839772078	0.20517848909999997	0.0214281405	0.5449160529	0.24027844739891543	0.8706538212742966
nifD	strict	Strict single-dominant	site	JERC	64	0.2178556960450396	0.22813203180000002	0.0018640177000000002	0.5239094695000001	0.2431241439310189	0.8960677147180057
nifD	strict	Strict single-dominant	site	LENO	8	0.23375761994642855	0.28863800325	0.007419713499999999	0.36202289449999997	0.27213678370970584	0.8589710540409077
nifD	strict	Strict single-dominant	site	TALL	13	0.24439942023076924	0.25950996545000005	0.0220450166	0.38594156360000004	0.24819546409419055	0.9847054261153593
nifD	strict	Strict single-dominant	site	CLBJ	18	0.26340062875751635	0.28116791950000003	0.0031453441	0.5639516352	0.2606654796670034	1.0104929471060269
nifD	strict	Strict single-dominant	site	DEJU	13	0.283302083525641	0.31431814294999993	0.0232409637	0.4323844952	0.27752411660027554	1.0208196930636035
nifD	strict	Strict single-dominant	site	SCBI	9	0.38622531219444445	0.37076695555	0.0798278973	0.6509356140000001	0.3192974623660439	1.20960971419082
nifD	strict	Strict single-dominant	state	Arizona	23	0.05009856983083004	0.0356235181	3.5436999999999996e-6	0.15325930880000002	0.22890305716090975	0.21886369912313025
nifD	strict	Strict single-dominant	state	ND	30	0.1275681176737931	0.0359341702	8.7827e-6	0.43139345770000004	0.26537564428685534	0.48070770781021466
nifD	strict	Strict single-dominant	state	OK	53	0.16752330371756166	0.19176672790000002	5.3721e-6	0.4399951619000001	0.23871952064046045	0.701757875803845
nifD	strict	Strict single-dominant	state	Florida	21	0.18190351764190477	0.1802386002	0.0092390581	0.41512661250000005	0.23669445763774574	0.7685161683012579
nifD	strict	Strict single-dominant	state	KS	11	0.19430125744363635	0.23850298750000004	0.0030881969000000004	0.36709789559999995	0.2306925900871864	0.8422518355279788
nifD	strict	Strict single-dominant	state	CO	10	0.20410400744666668	0.2711612772	4.2068e-6	0.3996858934	0.2614557759088166	0.7806444770141491
nifD	strict	Strict single-dominant	state	Georgia	62	0.21069969298106822	0.2212407143	0.0018640177000000002	0.5239094695000001	0.241855627216693	0.871179618212024
nifD	strict	Strict single-dominant	state	FL	25	0.21432724818333335	0.21040443595	0.0214281405	0.5449160529	0.24060480502709589	0.8907854028900076
nifD	strict	Strict single-dominant	state	AL	24	0.24702366466014494	0.26398301885	0.007419713499999999	0.4257522098	0.25505106778449077	0.9685262908558818
nifD	strict	Strict single-dominant	state	Alaska	36	0.2516754112534921	0.27795111045	7.637393e-4	0.4421534839	0.2560483718968127	0.9829213495445193
nifD	strict	Strict single-dominant	state	TX	18	0.26340062875751635	0.28116791950000003	0.0031453441	0.5639516352	0.2606654796670034	1.0104929471060269
nifD	strict	Strict single-dominant	state	TN	5	0.33177959222	0.36693437779999993	0.0727386146	0.5153815345000001	0.2841876605938192	1.167466566024492
nifD	strict	Strict single-dominant	state	VA	9	0.38622531219444445	0.37076695555	0.0798278973	0.6509356140000001	0.3192974623660439	1.20960971419082
nifH	strict	Strict single-dominant	closest_blast_genus	Neorhizobium	17	0.18043446847352942	0.18672998320000003	2.1828e-6	0.4358333622000001	0.24896748189284582	0.7247310656866722
nifH	strict	Strict single-dominant	closest_blast_genus	Bradyrhizobium	43	0.18049289076057587	0.19652298879999996	0.007213252599999999	0.34825065260000004	0.24509912154241487	0.7364077424053159
nifH	strict	Strict single-dominant	closest_blast_genus	Ensifer	5	0.18200478334	0.24479909275	0.0050319323	0.2613305735	0.24874686265544504	0.7316867493203575
nifH	strict	Strict single-dominant	closest_blast_genus	Mesorhizobium	187	0.18924528780686564	0.17799968439999997	2.1828e-6	0.455124777	0.23894130489195992	0.7920157960652098
nifH	strict	Strict single-dominant	closest_blast_genus	Microvirga	54	0.20684274648392736	0.19839284699999996	0.0036862109	0.5135362085	0.22792327918059727	0.9075104009890691
nifH	strict	Strict single-dominant	closest_blast_genus	Sinorhizobium	42	0.22172520797049938	0.2598138519	0.0024459602	0.5180077663999998	0.28215671495436867	0.7858228998957459
nifH	strict	Strict single-dominant	closest_blast_genus	Burkholderia	5	0.28071639302	0.28987895275000003	0.027488992900000002	0.42496821809999996	0.27238351837219893	1.0305924334100665
nifH	strict	Strict single-dominant	closest_blast_genus	Rhizobium	34	0.3097155375493761	0.3171367295	0.0012193947	0.5271810512999998	0.2806888198148642	1.1034124471137012
nifH	strict	Strict single-dominant	site	NOGP	8	0.0296875728	0.025777414499999998	0.006215893399999999	0.0706493852	0.28387043896424796	0.10458141717158156
nifH	strict	Strict single-dominant	site	SRER	26	0.04018498633107692	0.0375660343	5.148100000000001e-6	0.091174278	0.19482503034764553	0.20626192773778032
nifH	strict	Strict single-dominant	site	CPER	6	0.08817348378666667	0.03518530680000001	0.003683124	0.2224302121	0.26851821546754145	0.3283705860816176
nifH	strict	Strict single-dominant	site	TOOL	28	0.11370698740767196	0.15012239714999995	2.1828e-6	0.3245689343	0.21122323322706918	0.5383261380410491
nifH	strict	Strict single-dominant	site	RMNP	5	0.11587013755999999	0.12412865289999998	2.1828e-6	0.22030732440000003	0.1935093975027225	0.5987829999748193
nifH	strict	Strict single-dominant	site	OAES	50	0.14710937215044897	0.1693422008	2.1828e-6	0.3111104898999999	0.22678421498019602	0.6486755357435054
nifH	strict	Strict single-dominant	site	DEJU	13	0.15806149093333333	0.13676374274999997	0.021980670700000003	0.3834146747	0.256358649722501	0.6165639080422259
nifH	strict	Strict single-dominant	site	GUAN	7	0.17240060255238096	0.19178446810000002	0.0265734391	0.2825045356	0.22004278535304514	0.7834867308908801
nifH	strict	Strict single-dominant	site	LENO	13	0.1796006275025641	0.1851072737499999	0.0012101925	0.33911710510000015	0.22469316500664333	0.79931504590829
nifH	strict	Strict single-dominant	site	KONZ	6	0.19442107775333334	0.1878462741	0.031805079	0.31554465610000004	0.21858334747379704	0.8894596958107241
nifH	strict	Strict single-dominant	site	OSBS	26	0.19873964215815385	0.19197399749999994	0.0242072451	0.4999428403	0.22241428905768162	0.8935560885056808
nifH	strict	Strict single-dominant	site	WOOD	11	0.2050192626472727	0.2312199457	0.0061533142	0.36428677610000004	0.2510216987481624	0.8167392048962203
nifH	strict	Strict single-dominant	site	DSNY	23	0.22345416767193677	0.2209196014	0.0253328996	0.5292637692	0.2399171022285117	0.93138073774793
nifH	strict	Strict single-dominant	site	JERC	69	0.22432947867357209	0.22564746855	0.0036862109	0.46947617430000005	0.24667341907404527	0.9094189374584941
nifH	strict	Strict single-dominant	site	TALL	23	0.24176219752727277	0.23958565179999997	0.0111207606	0.45944818190000003	0.25563477710662924	0.9457328156349791
nifH	strict	Strict single-dominant	site	CLBJ	21	0.259426543712381	0.25356272245	0.0050319323	0.5260568442	0.25077603648376273	1.0344949515508368
nifH	strict	Strict single-dominant	site	LAJA	8	0.26880905556785717	0.2808161536	0.027488992900000002	0.38561451720000006	0.25603661968235486	1.0498851918188425
nifH	strict	Strict single-dominant	site	DELA	14	0.2808039534054945	0.28279643520000003	4.7194999999999995e-6	0.517511777	0.25817893839856376	1.0876330778462007
nifH	strict	Strict single-dominant	state	Arizona	26	0.04018498633107692	0.0375660343	5.148100000000001e-6	0.091174278	0.19482503034764553	0.20626192773778032
nifH	strict	Strict single-dominant	state	OK	50	0.14710937215044897	0.1693422008	2.1828e-6	0.3111104898999999	0.22678421498019602	0.6486755357435054
nifH	strict	Strict single-dominant	state	Alaska	38	0.15267245797467993	0.18799508619999997	2.1828e-6	0.3245689343	0.22259028699431457	0.6858900270818175
nifH	strict	Strict single-dominant	state	ND	23	0.16619522855652172	0.17135527209999998	0.0061533142	0.39624755629999997	0.2715249742694457	0.612080818730137
nifH	strict	Strict single-dominant	state	CO	12	0.17165282689090908	0.1974776938	2.1828e-6	0.3439924082999999	0.24028407574186678	0.7143745433855254
nifH	strict	Strict single-dominant	state	FL	23	0.18036737043794468	0.1585665423	0.0242072451	0.4999428403	0.2166659796784998	0.8324674261533035
nifH	strict	Strict single-dominant	state	KS	8	0.2049263915857143	0.19187139269999998	0.031805079	0.33131905210000007	0.23286134520791557	0.880036106476758
nifH	strict	Strict single-dominant	state	Florida	22	0.22017266136277056	0.21490775149999994	0.0253328996	0.5292637692	0.23748008556550435	0.9271205239735361
nifH	strict	Strict single-dominant	state	Georgia	68	0.2230585961653644	0.22455274069999998	0.0036862109	0.4609755978	0.2451778397942329	0.9097828594646553
nifH	strict	Strict single-dominant	state	P.R	15	0.2292632149904762	0.2413732127	0.0265734391	0.38561451720000006	0.23938453354605732	0.957719413173225
nifH	strict	Strict single-dominant	state	AL	50	0.2438600624742041	0.23418068879999998	4.7194999999999995e-6	0.5538209274	0.2483585444993175	0.981887146125042
nifH	strict	Strict single-dominant	state	TN	5	0.25421128043999996	0.25901472859999997	0.11571355850000001	0.4048150331	0.24932983283643978	1.0195782732777205
nifH	strict	Strict single-dominant	state	TX	21	0.259426543712381	0.25356272245	0.0050319323	0.5260568442	0.25077603648376273	1.0344949515508368
nifJ	strict	Strict single-dominant	closest_blast_genus	Candidatus	181	0.05545364977938616	0.023819132049999997	1.9978e-6	0.31591614360000003	NA	NA
nifJ	strict	Strict single-dominant	site	BONA	25	0.014341648987333332	0.0042366038000000005	1.9978e-6	0.09511746669999999	0.039757076520794896	0.36073198138278473
nifJ	strict	Strict single-dominant	site	DEJU	51	0.015078298771294114	0.0041976949	3.0023e-6	0.22587884049999998	0.045163400710859745	0.33386101431614446
nifJ	strict	Strict single-dominant	site	HEAL	23	0.031044658588142288	0.007609881799999999	3.9043e-6	0.1223587613	0.04666153583662633	0.6653158330843927
nifJ	strict	Strict single-dominant	site	OSBS	13	0.04636448671025641	0.0329592853	0.0014384326	0.0986014183	0.05329927930801279	0.8698895615889908
nifJ	strict	Strict single-dominant	site	DSNY	7	0.0877127623047619	0.0760813398	0.0020107894000000004	0.2268868955	0.07002596927044334	1.252574769311816
nifJ	strict	Strict single-dominant	site	TALL	22	0.09835974760216451	0.0983546079	0.001891445	0.25528826769999996	0.09520261005428816	1.033162300341094
nifJ	strict	Strict single-dominant	site	HARV	5	0.09983979874	0.15037268175000001	3.215561e-4	0.16695877869999998	0.08730473081204544	1.1435783354620355
nifJ	strict	Strict single-dominant	site	JERC	5	0.10489029713999999	0.11594704150000001	0.0057143851	0.1733438729	0.08072992213602273	1.2992741026464658
nifJ	strict	Strict single-dominant	site	ORNL	6	0.11459102950000001	0.11472716150000001	0.0050359159	0.17303038540000001	0.15420192131419047	0.7431232278002411
nifJ	strict	Strict single-dominant	state	P.R	6	0.012143558233333334	0.0120361521	0.0026610946000000003	0.024948786000000004	0.03638461379171428	0.33375531489353716
nifJ	strict	Strict single-dominant	state	Alaska	92	0.020267210132632593	0.0061562556	1.9978e-6	0.2320417951	0.05870579790881773	0.34523353492463843
nifJ	strict	Strict single-dominant	state	FL	13	0.04636448671025641	0.0329592853	0.0014384326	0.0986014183	0.05329927930801279	0.8698895615889908
nifJ	strict	Strict single-dominant	state	Florida	6	0.09676654407999999	0.0760813398	0.0020107894000000004	0.2268868955	0.07530316265466666	1.2850262946293824
nifJ	strict	Strict single-dominant	state	MA	5	0.09983979874	0.15037268175000001	3.215561e-4	0.16695877869999998	0.08730473081204544	1.1435783354620355
nifJ	strict	Strict single-dominant	state	AL	25	0.10444902922266666	0.09836956010000002	0.001891445	0.25528826769999996	0.09232097234	1.1313683833181631
nifJ	strict	Strict single-dominant	state	Georgia	5	0.10489029713999999	0.11594704150000001	0.0057143851	0.1733438729	0.08072992213602273	1.2992741026464658
nifJ	strict	Strict single-dominant	state	TN	6	0.11459102950000001	0.11472716150000001	0.0050359159	0.17303038540000001	0.15420192131419047	0.7431232278002411
nifK	strict	Strict single-dominant	closest_blast_genus	Microvirga	62	0.17878544817451084	0.1672667218	0.0035947647999999997	0.6203133922000003	0.31011656681840255	0.576510471558276
nifK	strict	Strict single-dominant	closest_blast_genus	Sinorhizobium	180	0.2170140388452946	0.17278217875000002	2.1192e-6	0.7002777545999997	0.41256562568708083	0.5260109551877536
nifK	strict	Strict single-dominant	closest_blast_genus	Mesorhizobium	165	0.22798800693416116	0.2267278693	7.211963999999999e-4	0.6775455972999999	0.38490663916160966	0.5923202764981055
nifK	strict	Strict single-dominant	closest_blast_genus	Rhizobium	48	0.4353161046919326	0.47094123525	2.1192e-6	0.8913896897999999	0.41726140054799854	1.043269528694057
nifK	strict	Strict single-dominant	site	NOGP	12	0.04752885744696969	0.02699254365	2.1192e-6	0.11247362779999999	0.3270608124328631	0.14532116242671567
nifK	strict	Strict single-dominant	site	SRER	22	0.057226175532034636	0.039223881200000005	0.0035947647999999997	0.2152699548	0.25867013120813587	0.22123225153501883
nifK	strict	Strict single-dominant	site	WOOD	15	0.08285342773333333	0.09071622079999997	6.571833999999999e-4	0.18501592660000002	0.33939856311483324	0.24411838097646993
nifK	strict	Strict single-dominant	site	LENO	6	0.11726752748666668	0.09891143320000001	8.613896e-4	0.22489700680000002	0.32358090963827013	0.362405580779656
nifK	strict	Strict single-dominant	site	CPER	8	0.13705073988571426	0.0195201255	0.0013145758000000002	0.5144020752999999	0.331444185021868	0.41349568367498113
nifK	strict	Strict single-dominant	site	DCFS	10	0.15174438539333332	0.1265907308	6.566766e-4	0.4557032733	0.3406162904413708	0.44549949503795855
nifK	strict	Strict single-dominant	site	KONZ	11	0.20188316234545456	0.15515223739999998	0.016746083199999998	0.4387132989	0.3363087351788083	0.6002911647183874
nifK	strict	Strict single-dominant	site	DELA	5	0.20776303618	0.2108509657	0.0949780014	0.2807629487	0.35359896247999995	0.5875668715847868
nifK	strict	Strict single-dominant	site	TOOL	28	0.23811596017328043	0.11202027384999999	7.059425e-4	0.6117671572000001	0.3387612330410923	0.7029020352644559
nifK	strict	Strict single-dominant	site	RMNP	7	0.2436546725714286	0.324821313	0.0014030872	0.4137070035	0.29564553002519134	0.8241446185594867
nifK	strict	Strict single-dominant	site	SCBI	10	0.25960351836444445	0.2691198614	0.014161560299999999	0.5155027018	0.3355659671340225	0.7736288652322146
nifK	strict	Strict single-dominant	site	DSNY	24	0.2774637355007246	0.2633531336499999	0.0320229542	0.5231151995	0.30809752855259087	0.9005711172180428
nifK	strict	Strict single-dominant	site	TALL	14	0.28303772965714286	0.2562096245	0.0050101134	0.5785810096999999	0.33342943998853253	0.8488684432510736
nifK	strict	Strict single-dominant	site	OSBS	40	0.31836509424166665	0.30360545975000003	0.0170979294	0.6892512415999996	0.3322160626076205	0.9583073489667079
nifK	strict	Strict single-dominant	site	OAES	60	0.3260726121827118	0.3462263349	2.1192e-6	0.6948070090999997	0.3426307345900506	0.9516735635898215
nifK	strict	Strict single-dominant	site	JERC	98	0.3414530985783295	0.32001391850000005	7.482005e-4	0.8187093719999998	0.34153541734548104	0.9997589744343608
nifK	strict	Strict single-dominant	site	DEJU	8	0.35169778322142853	0.3884740984999999	0.0971508175	0.5597478551999998	0.3439695447736018	1.0224677985747646
nifK	strict	Strict single-dominant	site	CLBJ	32	0.37277462044012094	0.37816240439999993	0.0294794066	0.7651301384999999	0.3580786661793809	1.0410411332725922
nifK	strict	Strict single-dominant	site	ORNL	10	0.4317136438933333	0.4371118393	0.08206679459999999	0.7520202544999999	0.3903999852307865	1.1058239247578967
nifK	strict	Strict single-dominant	state	Arizona	22	0.057226175532034636	0.039223881200000005	0.0035947647999999997	0.2152699548	0.25867013120813587	0.22123225153501883
nifK	strict	Strict single-dominant	state	ND	37	0.08966677593333336	0.0816011082	2.1192e-6	0.48569380830000003	0.3499497068449696	0.2562276069374061
nifK	strict	Strict single-dominant	state	KS	11	0.24054141242545454	0.16782444239999997	0.016746083199999998	0.5109356654999999	0.3463018763792383	0.6946003727742887
nifK	strict	Strict single-dominant	state	AL	25	0.25072217783	0.20789214435000003	8.613896e-4	0.5854393184	0.3381089158402326	0.7415426393206216
nifK	strict	Strict single-dominant	state	Fl	7	0.2620969159238095	0.21382768189999998	0.0170979294	0.5973586851000002	0.32368337257404334	0.8097324055898306
nifK	strict	Strict single-dominant	state	CO	18	0.2654257281862745	0.2053087952	0.0013145758000000002	0.5658071463	0.3242270640284643	0.8186414942923225
nifK	strict	Strict single-dominant	state	Florida	23	0.2849615005715415	0.2692111449	0.0413323658	0.5231151995	0.3110615871633957	0.9160935079452796
nifK	strict	Strict single-dominant	state	CA	6	0.28968449067333335	0.1728892865	0.048796554699999994	0.6148843545	0.3895134537169634	0.7437085623333312
nifK	strict	Strict single-dominant	state	Alaska	38	0.29745874335803696	0.34896095010000006	7.059425e-4	0.6142194536999996	0.3430992001319133	0.8669759161305864
nifK	strict	Strict single-dominant	state	VA	14	0.300409123278022	0.2920348782	0.014161560299999999	0.6068769435000001	0.35071700162291863	0.8565570585055745
nifK	strict	Strict single-dominant	state	FL	33	0.3022649888034091	0.27925002695	0.037770159899999996	0.6881143290999996	0.3350685933696754	0.9020988382218362
nifK	strict	Strict single-dominant	state	OK	60	0.3260726121827118	0.3462263349	2.1192e-6	0.6948070090999997	0.3426307345900506	0.9516735635898215
nifK	strict	Strict single-dominant	state	Georgia	92	0.3417858612792642	0.31881008790000004	7.482005e-4	0.8187093719999998	0.34448709570215597	0.9921586774756078
nifK	strict	Strict single-dominant	state	P.R	5	0.35809626918	0.45702179335000004	0.07921221549999999	0.490355593	0.387419340344311	0.9243118034885642
nifK	strict	Strict single-dominant	state	TX	32	0.37277462044012094	0.37816240439999993	0.0294794066	0.7651301384999999	0.3580786661793809	1.0410411332725922
nifK	strict	Strict single-dominant	state	TN	10	0.4317136438933333	0.4371118393	0.08206679459999999	0.7520202544999999	0.3903999852307865	1.1058239247578967
nodL	strict	Strict single-dominant	closest_blast_genus	Sinorhizobium	196	0.04014890035562001	0.01789596215	0	0.2645349657	0.19646057044928572	0.20436111054652584
nodL	strict	Strict single-dominant	closest_blast_genus	Rhizobium	20	0.10946019157052632	0.15685002015	1.9982e-6	0.30342327859999996	0.19646057044928572	0.5571611205251099
nodL	strict	Strict single-dominant	site	CPER	12	0.008072217381818183	0.008198300649999999	0	0.016553246	0.044184281946160156	0.18269432083686268
nodL	strict	Strict single-dominant	site	BLAN	8	0.009327105364285715	0.0063989042	7.0802e-6	0.026584891599999997	0.045528283332932684	0.20486398083757737
nodL	strict	Strict single-dominant	site	WOOD	24	0.010358042258695651	0.0094798545	0	0.030532346100000007	0.04650941107239591	0.2227085232830075
nodL	strict	Strict single-dominant	site	NOGP	17	0.012661206835294118	0.01270404805	1.9982e-6	0.028716955300000006	0.045689560196659776	0.2771137822469068
nodL	strict	Strict single-dominant	site	TOOL	5	0.01366237872	0.0133142238	0.0055878226	0.0233085958	0.04637519842473929	0.2946052886905099
nodL	strict	Strict single-dominant	site	DSNY	5	0.01892144942	0.02164906405	0.0036335758999999994	0.03993874940000001	0.0467200650651185	0.40499621294677685
nodL	strict	Strict single-dominant	site	SCBI	9	0.019728039655555557	0.0201274486	0.0018717500000000001	0.043718614	0.04755267896162103	0.41486705031861043
nodL	strict	Strict single-dominant	site	TALL	8	0.020081565167857144	0.0201565945	0.0018746226	0.032501918000000005	0.0471364386605769	0.42603059837553214
nodL	strict	Strict single-dominant	site	DCFS	18	0.0367683363856209	0.012352368999999998	0	0.2575136508	0.05564412491111106	0.6607766128833302
nodL	strict	Strict single-dominant	site	JERC	16	0.05961409680416666	0.02594037125	1.9982e-6	0.3372145734	0.06439144860362504	0.9258076669641901
nodL	strict	Strict single-dominant	site	OSBS	9	0.062197125122222224	0.025002877099999998	1.9982e-6	0.1929662014	0.06355812586188944	0.9785865186990466
nodL	strict	Strict single-dominant	site	OAES	48	0.12417322046374114	0.1618656973	0	0.2376364383	0.10499999334712302	1.1826021745852182
nodL	strict	Strict single-dominant	site	CLBJ	7	0.14403226915238096	0.15975325860000003	0.0018835962	0.24201895710000002	0.10711053707785374	1.344706814864447
nodL	strict	Strict single-dominant	state	Alaska	9	0.014803777883333334	0.01364982515	0	0.0342571331	0.04722960736570046	0.3134427472307186
nodL	strict	Strict single-dominant	state	AL	12	0.016062332743939395	0.016107714849999996	0	0.032501918000000005	0.046152369084885604	0.34802834745919103
nodL	strict	Strict single-dominant	state	VA	17	0.01707939136029412	0.0145466849	1.9982e-6	0.05553802240000002	0.047782100702660354	0.3574432917166238
nodL	strict	Strict single-dominant	state	Florida	5	0.01892144942	0.02164906405	0.0036335758999999994	0.03993874940000001	0.0467200650651185	0.40499621294677685
nodL	strict	Strict single-dominant	state	ND	59	0.019473687023962592	0.012339088199999997	0	0.2575136508	0.05624230282566111	0.34624626029852973
nodL	strict	Strict single-dominant	state	CO	16	0.03321355759833333	0.01289951385	0	0.1925602804	0.05344217106031247	0.6214859340360627
nodL	strict	Strict single-dominant	state	Georgia	14	0.06625853071538462	0.028772711500000006	1.9982e-6	0.3372145734	0.06684547033231968	0.9912194556487207
nodL	strict	Strict single-dominant	state	FL	7	0.07493318526666667	0.0737218527	0.0018297041	0.1929662014	0.06878281636042378	1.0894172299374134
nodL	strict	Strict single-dominant	state	OK	48	0.12417322046374114	0.1618656973	0	0.2376364383	0.10499999334712302	1.1826021745852182
nodL	strict	Strict single-dominant	state	TX	7	0.14403226915238096	0.15975325860000003	0.0018835962	0.24201895710000002	0.10711053707785374	1.344706814864447
nodX	strict	Strict single-dominant	closest_blast_genus	Rhizobium	129	0.0418415165859981	0.04214377789999999	0	0.23161538760000006	NA	NA
nodX	strict	Strict single-dominant	site	BLAN	9	0.006751947155555556	0.0065920057	2.6802e-6	0.0144267023	0.03781439932509259	0.1785549228882012
nodX	strict	Strict single-dominant	site	SCBI	6	0.00997240642	0.0102982604	4.744e-6	0.017216702100000002	0.03758806571720867	0.2653077839925773
nodX	strict	Strict single-dominant	site	OSBS	11	0.013442423778181818	1.65615e-5	0	0.04126060139999999	0.03422819352503854	0.3927295715547607
nodX	strict	Strict single-dominant	site	ORNL	11	0.014456182818181815	1.7454900000000005e-5	0	0.04212909949999999	0.034020198446918316	0.42492940894327186
nodX	strict	Strict single-dominant	site	JERC	15	0.02528003619428571	0.0188120233	5.3603999999999995e-6	0.04973950689999999	0.03687022211374269	0.6856491429939894
nodX	strict	Strict single-dominant	site	DEJU	8	0.026929144789285712	0.0464072885	1.7868e-6	0.046863825599999985	0.03461920709018594	0.77786717411329
nodX	strict	Strict single-dominant	site	CLBJ	10	0.031690636304444436	0.04402324219999999	0	0.09474395079999999	0.042495377960420154	0.7457431331464056
nodX	strict	Strict single-dominant	site	DELA	11	0.05555945202181817	0.06731382469999998	3.5736e-6	0.10321640689999996	0.058721007363405235	0.946159722328651
nodX	strict	Strict single-dominant	site	DSNY	8	0.06593051815357143	0.04873434909999999	3.5736e-6	0.17564834000000001	0.053902138308987595	1.2231521832331136
nodX	strict	Strict single-dominant	site	TALL	8	0.08734416019285712	0.048691256399999994	8.040599999999999e-6	0.19572075679999998	0.06641131168471073	1.315200046153667
nodX	strict	Strict single-dominant	state	VA	15	0.008211200973333334	0.008448341300000002	2.6802e-6	0.017216702100000002	0.03955585026538011	0.20758499484259357
nodX	strict	Strict single-dominant	state	FL	11	0.013442423778181818	1.65615e-5	0	0.04126060139999999	0.03422819352503854	0.3927295715547607
nodX	strict	Strict single-dominant	state	TN	12	0.018444111275757572	0.006698521100000001	0	0.04589770709999999	0.03413676582350428	0.5403004892472326
nodX	strict	Strict single-dominant	state	Alaska	13	0.024081541620512816	0.045930079299999996	0	0.0468663893	0.03476614952877983	0.6926720947506089
nodX	strict	Strict single-dominant	state	Georgia	15	0.02528003619428571	0.0188120233	5.3603999999999995e-6	0.04973950689999999	0.03687022211374269	0.6856491429939894
nodX	strict	Strict single-dominant	state	TX	10	0.031690636304444436	0.04402324219999999	0	0.09474395079999999	0.042495377960420154	0.7457431331464056
nodX	strict	Strict single-dominant	state	Florida	8	0.06593051815357143	0.04873434909999999	3.5736e-6	0.17564834000000001	0.053902138308987595	1.2231521832331136
nodX	strict	Strict single-dominant	state	AL	19	0.07150148250877192	0.067323238999999993	1.7868e-6	0.19572075679999998	0.06079202054722488	1.1761655866204948
nodX	strict	Strict single-dominant	state	ND	6	0.07827583216666668	0.0095573786	0.0028198828	0.2211409895	0.06197752911151762	1.262971165336765
noeA	strict	Strict single-dominant	closest_blast_genus	Sinorhizobium	192	0.004662538032106239	0.0047911564000000005	0	0.0172192108	0.023224101319270832	0.20076290436424207
noeA	strict	Strict single-dominant	site	CPER	11	0.002448442941818182	0.0024107642	0	0.004820456800000001	0.0038769341883616365	0.6315410122689948
noeA	strict	Strict single-dominant	site	TALL	7	0.002521177952380953	0.0024126597	1.3604799999999999e-5	0.004811471300000003	0.0038487585986943175	0.6550626358421796
noeA	strict	Strict single-dominant	site	BLAN	10	0.002634852917777778	0.002418613099999999	5.2174e-6	0.0064695466999999994	0.004430276237540988	0.5947378394716636
noeA	strict	Strict single-dominant	site	CLBJ	6	0.002869974586666667	0.0028412700000000008	8.3734e-6	0.006033607200000001	0.004540894316755794	0.632028491849398
noeA	strict	Strict single-dominant	site	DSNY	7	0.0029864476095238096	0.0016439700999999998	7.5677e-6	0.006424869099999999	0.004217567437403993	0.7080971801513231
noeA	strict	Strict single-dominant	site	JERC	7	0.0034372098285714294	0.0040092496	2.2276e-6	0.005602226300000003	0.004118019135407066	0.8346755358706368
noeA	strict	Strict single-dominant	site	SCBI	8	0.003646761582142857	0.0024045480499999996	6.1035e-6	0.010575100099999998	0.004699609605202703	0.775971173883403
noeA	strict	Strict single-dominant	site	OSBS	6	0.0036775221866666673	0.004010749100000003	6.683200000000001e-6	0.006383604999999999	0.004346785945454546	0.8460325014421907
noeA	strict	Strict single-dominant	site	WOOD	27	0.004418658381766382	0.004007694600000002	2.2276e-6	0.010436646099999999	0.0050166126041945565	0.8808051827784739
noeA	strict	Strict single-dominant	site	OAES	41	0.005118296275121951	0.0055766824	0	0.0130660006	0.005044878655343391	1.0145529010297996
noeA	strict	Strict single-dominant	site	NOGP	18	0.006283393189542484	0.0047916861	2.2276e-6	0.0262407712	0.005521381462095238	1.1380110634772336
noeA	strict	Strict single-dominant	site	DCFS	20	0.006464690597368421	0.006149468299999999	7.974157e-4	0.0172192108	0.005645133862803468	1.1451793269182013
noeA	strict	Strict single-dominant	state	TX	6	0.002869974586666667	0.0028412700000000008	8.3734e-6	0.006033607200000001	0.004540894316755794	0.632028491849398
noeA	strict	Strict single-dominant	state	Florida	7	0.0029864476095238096	0.0016439700999999998	7.5677e-6	0.006424869099999999	0.004217567437403993	0.7080971801513231
noeA	strict	Strict single-dominant	state	Georgia	5	0.0030524030400000007	0.0036177605499999998	2.2276e-6	0.005597693400000003	0.004109311357021278	0.7428015973490507
noeA	strict	Strict single-dominant	state	VA	18	0.0031650174810457514	0.002415873399999999	5.2174e-6	0.0106269387	0.004614504061079365	0.6858846452733279
noeA	strict	Strict single-dominant	state	AL	11	0.0032941298400000004	0.0032196085000000003	5.5693e-6	0.0056150521	0.00419579613996004	0.7851024525780161
noeA	strict	Strict single-dominant	state	CO	15	0.004298536622857143	0.0047892996	0	0.0105066074	0.004653564646479402	0.9237083718411753
noeA	strict	Strict single-dominant	state	Alaska	6	0.004754909486666667	0.004012253000000002	4.4554000000000006e-6	0.0089625815	0.004734446969964349	1.0043220500371286
noeA	strict	Strict single-dominant	state	OK	41	0.005118296275121951	0.0055766824	0	0.0130660006	0.005044878655343391	1.0145529010297996
noeA	strict	Strict single-dominant	state	ND	65	0.005684634089903846	0.004815962700000001	0	0.031427051399999996	0.005197367016334135	1.0937526774688686
noeB	strict	Strict single-dominant	closest_blast_genus	Sinorhizobium	132	0.015468135819153362	0.015194421500000003	0	0.08334754370000001	NA	NA
noeB	strict	Strict single-dominant	site	BLAN	8	0.006489663121428573	0.0035232756	7.489199999999999e-6	0.020127426400000002	0.013335863115524194	0.48663240355804166
noeB	strict	Strict single-dominant	site	SCBI	6	0.009548913420000001	0.0110005881	6.951221000000001e-4	0.0167859911	0.012952619155026455	0.7372187281747108
noeB	strict	Strict single-dominant	site	CPER	5	0.012022445080000001	0.0145195277	5.1521999999999996e-6	0.022435280400000004	0.013428682964094496	0.8952810273461305
noeB	strict	Strict single-dominant	site	DCFS	14	0.015561175098901097	0.0083938655	5.9862e-6	0.040944548799999994	0.016395091545520577	0.949136212853455
noeB	strict	Strict single-dominant	site	OAES	36	0.017181975294126985	0.015897159500000004	0	0.04250463959999999	0.016205837967939816	1.0602336841895046
noeB	strict	Strict single-dominant	site	WOOD	21	0.01734090809142857	0.01665057875000001	3.0763e-6	0.04141525039999999	0.017323858619648223	1.000984161332338
noeB	strict	Strict single-dominant	site	NOGP	15	0.019753425230476192	0.0145190025	2.0508e-6	0.08247250669999999	0.017366634696182347	1.1374354085318858
noeB	strict	Strict single-dominant	state	VA	14	0.0077881395659340664	0.0042633045	0	0.020127426400000002	0.013470825319733657	0.5781486568996689
noeB	strict	Strict single-dominant	state	AL	6	0.00870676926	0.013803003000000001	0	0.0145190025	0.01190155668915344	0.7315655831757681
noeB	strict	Strict single-dominant	state	CO	7	0.014533200704761905	0.0145200529	5.1521999999999996e-6	0.030315211800000002	0.014770895319771424	0.98390790741768
noeB	strict	Strict single-dominant	state	OK	36	0.017181975294126985	0.015897159500000004	0	0.04250463959999999	0.016205837967939816	1.0602336841895046
noeB	strict	Strict single-dominant	state	ND	50	0.018650551431673466	0.016638703200000007	0	0.08320981770000001	0.01622310564014634	1.1496289209582702
nolF	strict	Strict single-dominant	closest_blast_genus	Sinorhizobium	208	0.00717129822844668	0.0067349319	0	0.0959785304	NA	NA
nolF	strict	Strict single-dominant	site	TOOL	7	0.0031297724571428573	0.0029125504000000004	5.489700000000001e-6	0.006079073000000001	0.006470929386069653	0.4836666065125824
nolF	strict	Strict single-dominant	site	SCBI	9	0.0031592201500000006	0.00333560425	2.9948000000000005e-6	0.007792773300000005	0.006908761303629258	0.45727736292472904
nolF	strict	Strict single-dominant	site	DSNY	8	0.0046356854178571435	0.00423383695	1.7294900000000003e-5	0.0097841308	0.008056866026874998	0.575370795839729
nolF	strict	Strict single-dominant	site	WOOD	30	0.004703325053793103	0.0029354411999999996	0	0.015610130499999994	0.006501117274307117	0.7234641147577789
nolF	strict	Strict single-dominant	site	CLBJ	5	0.0050095750000000005	0.0067914240000000025	1.9966e-6	0.008650220799999997	0.006178551606502462	0.8108008671041605
nolF	strict	Strict single-dominant	site	TALL	9	0.005838315211111109	0.00532822275	3.2621000000000005e-6	0.012577280299999995	0.0068201984031267425	0.856033045671298
nolF	strict	Strict single-dominant	site	CPER	13	0.005867064702564102	0.006383636749999999	0	0.012676009600000001	0.006744001369783037	0.8699678990060545
nolF	strict	Strict single-dominant	site	OAES	39	0.006140109665317139	0.0058273655	0	0.014508350799999993	0.006983668939402217	0.8792097275222093
nolF	strict	Strict single-dominant	site	DCFS	20	0.006211611027894736	0.006761865650000001	0	0.014939232799999997	0.007377014033031912	0.8420223955222433
nolF	strict	Strict single-dominant	site	JERC	10	0.006317223315555555	0.006021209499999999	7.9215e-6	0.0127469743	0.006939872477777777	0.9102794519328687
nolF	strict	Strict single-dominant	site	BLAN	12	0.006404960948484848	0.004953283100000001	3.9930000000000006e-6	0.014729352099999997	0.007343842044132652	0.87215396382362
nolF	strict	Strict single-dominant	site	OSBS	6	0.0068119694666666656	0.009641431	8.2543e-6	0.011527012899999996	0.006729979748184818	1.012182758574268
nolF	strict	Strict single-dominant	site	NOGP	17	0.014972513085294119	0.005885163299999999	0	0.09096813790000008	0.010904214335571295	1.3730941656613793
nolF	strict	Strict single-dominant	state	Alaska	10	0.004328700242222222	0.0031797409000000002	5.489700000000001e-6	0.0127460916	0.006613367187474746	0.6545380166430917
nolF	strict	Strict single-dominant	state	Florida	8	0.0046356854178571435	0.00423383695	1.7294900000000003e-5	0.0097841308	0.008056866026874998	0.575370795839729
nolF	strict	Strict single-dominant	state	VA	21	0.005005298454285715	0.0038743176999999998	0	0.014729352099999997	0.007287242507715814	0.6868576761355271
nolF	strict	Strict single-dominant	state	TX	5	0.0050095750000000005	0.0067914240000000025	1.9966e-6	0.008650220799999997	0.006178551606502462	0.8108008671041605
nolF	strict	Strict single-dominant	state	OK	39	0.006140109665317139	0.0058273655	0	0.014508350799999993	0.006983668939402217	0.8792097275222093
nolF	strict	Strict single-dominant	state	AL	12	0.00653414264242424	0.008638018599999998	2.9948000000000005e-6	0.012615335500000002	0.0067503512992346925	0.9679707548205729
nolF	strict	Strict single-dominant	state	CO	18	0.0065434744228758165	0.006729320899999999	0	0.016834944100000002	0.006967779321169591	0.9391047163326992
nolF	strict	Strict single-dominant	state	Georgia	8	0.0069883257392857135	0.00748999335	9.727283999999999e-4	0.0127469743	0.00694840497525	1.0057453133744954
nolF	strict	Strict single-dominant	state	ND	67	0.008464988251379466	0.005995992899999999	0	0.0959785304	0.007510550805080977	1.1270795539593181
nolG	strict	Strict single-dominant	closest_blast_genus	Sinorhizobium	201	0.008604372630059701	0.008616393699999999	0	0.038816670100000006	NA	NA
nolG	strict	Strict single-dominant	site	BLAN	10	0.0023323223866666665	0.0026161218999999998	3.173173e-4	0.0058035909	0.007373149720523561	0.31632646495357625
nolG	strict	Strict single-dominant	site	DSNY	9	0.0035654633111111113	0.00222022185	6.331311e-4	0.010941385199999997	0.008139391519155093	0.4380503509040222
nolG	strict	Strict single-dominant	site	TALL	10	0.0036106169711111113	0.0022480808	1.4367399999999997e-5	0.012958617399999999	0.007310190575130888	0.4939155736095791
nolG	strict	Strict single-dominant	site	WOOD	29	0.004421866749261083	0.0027894274500000005	0	0.012314334199999999	0.007324314428789097	0.603724320173968
nolG	strict	Strict single-dominant	site	SCBI	10	0.0052174035199999995	0.0042455587	1.9388e-6	0.016118306499999995	0.008016989606806281	0.6507933496097484
nolG	strict	Strict single-dominant	site	OSBS	8	0.005516864796428571	0.004445668850000001	4.8469999999999995e-6	0.012275911799999999	0.007711146409650258	0.7154402864824857
nolG	strict	Strict single-dominant	site	CPER	5	0.005608368159999999	0.00443415665	1.9388e-6	0.011613979699999999	0.007470647329693878	0.7507205082092681
nolG	strict	Strict single-dominant	site	JERC	16	0.007081458071666666	0.008432238849999999	3.8776e-6	0.019557228299999996	0.008934864375540539	0.7925646964549761
nolG	strict	Strict single-dominant	site	DCFS	18	0.00858945723856209	0.0046329778	3.156779e-4	0.021518929	0.009037005551760773	0.9504760387016159
nolG	strict	Strict single-dominant	site	TOOL	8	0.008623318699999999	0.008001486450000001	0.0012638901	0.020866953899999995	0.009250409113989637	0.9322094400083049
nolG	strict	Strict single-dominant	site	NOGP	16	0.0088567702225	0.008285296599999999	0	0.030295305600000003	0.0088121779085473	1.0050603056832803
nolG	strict	Strict single-dominant	site	OAES	33	0.009836784047348484	0.010001122699999998	0	0.0225250418	0.011471833547330449	0.8574726966499223
nolG	strict	Strict single-dominant	site	CLBJ	5	0.011803517239999997	0.017811355599999988	9.724448e-4	0.0195621521	0.009844159781530611	1.199037551396259
nolG	strict	Strict single-dominant	state	Florida	9	0.0035654633111111113	0.00222022185	6.331311e-4	0.010941385199999997	0.008139391519155093	0.4380503509040222
nolG	strict	Strict single-dominant	state	VA	20	0.0037334798242105263	0.00258388415	0	0.016118306499999995	0.007915999755138126	0.4716371828823258
nolG	strict	Strict single-dominant	state	AL	12	0.006247698389393939	0.0036023494000000005	1.4367399999999997e-5	0.017001530999999997	0.007713453744576716	0.8099741822898283
nolG	strict	Strict single-dominant	state	ND	63	0.007054469335688684	0.0057777703	0	0.03614026630000001	0.008416772557073841	0.8381442278322924
nolG	strict	Strict single-dominant	state	Georgia	12	0.008179827687878786	0.009599087	3.8776e-6	0.019557228299999996	0.008950507538271603	0.9138954023447882
nolG	strict	Strict single-dominant	state	Alaska	10	0.008195170637777777	0.0073716336	0.0012638901	0.020866953899999995	0.00881558696790576	0.9296227996630644
nolG	strict	Strict single-dominant	state	CO	11	0.009575586199999998	0.0096304343	1.9388e-6	0.0193140676	0.008952949793636365	1.069545392380754
nolG	strict	Strict single-dominant	state	OK	33	0.009836784047348484	0.010001122699999998	0	0.0225250418	0.011471833547330449	0.8574726966499223
nolG	strict	Strict single-dominant	state	TX	5	0.011803517239999997	0.017811355599999988	9.724448e-4	0.0195621521	0.009844159781530611	1.199037551396259
