gene	tree_set_label	label_type	group	n_tips	mean_within_tree_distance	mean_between_group_distance	within_between_ratio	interpretation
nifJ	Mixed-IUPAC	site	UNDE	6	0.00145385346	0.04135209907016721	0.03515791199699603	strong close grouping
nifJ	Mixed-IUPAC	state	MI	6	0.00145385346	0.04135209907016721	0.03515791199699603	strong close grouping
nifD	Strict single-dominant	site	CPER	6	0.012591940266666667	0.2565777594726121	0.04907650722552502	strong close grouping
nifD	Strict single-dominant	site	NOGP	11	0.021368112352727273	0.26310013704094953	0.08121665230984464	strong close grouping
nifH	Strict single-dominant	site	NOGP	8	0.0296875728	0.28387043896424796	0.10458141717158156	strong close grouping
nifK	Mixed-IUPAC	site	KONA	8	0.025954659546428577	0.2432841725773709	0.10668453796834769	strong close grouping
nolF	Mixed-IUPAC	site	SCBI	9	9.490325722222224e-4	0.007843091975888896	0.12100235151388289	strong close grouping
nifK	Strict single-dominant	site	NOGP	12	0.04752885744696969	0.3270608124328631	0.14532116242671567	strong close grouping
nifH	Mixed-IUPAC	site	SRER	52	0.040214079816063356	0.2270964248372684	0.17707931705609084	strong close grouping
nifH	Mixed-IUPAC	state	Arizona	52	0.040214079816063356	0.2270964248372684	0.17707931705609084	strong close grouping
nodX	Strict single-dominant	site	BLAN	9	0.006751947155555556	0.03781439932509259	0.1785549228882012	strong close grouping
nodL	Mixed-IUPAC	site	CPER	12	0.006868669671212124	0.03800253099350151	0.18074242666591542	strong close grouping
nodL	Strict single-dominant	site	CPER	12	0.008072217381818183	0.044184281946160156	0.18269432083686268	strong close grouping
nodX	Mixed-IUPAC	site	BLAN	10	0.005939225242222222	0.03185178542138212	0.18646443719400474	strong close grouping
noeA	Mixed-IUPAC	closest_blast_genus	Sinorhizobium	194	0.003374242866855404	0.01765014402989691	0.19117367320855294	strong close grouping
noeA	Strict single-dominant	closest_blast_genus	Sinorhizobium	192	0.004662538032106239	0.023224101319270832	0.20076290436424207	strong close grouping
nodX	Mixed-IUPAC	state	VA	16	0.006719261434999999	0.033393286680128205	0.2012159359862748	strong close grouping
nodL	Strict single-dominant	closest_blast_genus	Sinorhizobium	196	0.04014890035562001	0.19646057044928572	0.20436111054652584	strong close grouping
nifD	Mixed-IUPAC	site	SRER	54	0.059522140114465404	0.291096865778873	0.2044753726743332	strong close grouping
nifD	Mixed-IUPAC	state	Arizona	54	0.059522140114465404	0.291096865778873	0.2044753726743332	strong close grouping
nodL	Strict single-dominant	site	BLAN	8	0.009327105364285715	0.045528283332932684	0.20486398083757737	strong close grouping
nifH	Strict single-dominant	site	SRER	26	0.04018498633107692	0.19482503034764553	0.20626192773778032	strong close grouping
nifH	Strict single-dominant	state	Arizona	26	0.04018498633107692	0.19482503034764553	0.20626192773778032	strong close grouping
nodX	Strict single-dominant	state	VA	15	0.008211200973333334	0.03955585026538011	0.20758499484259357	strong close grouping
nifD	Strict single-dominant	site	SRER	23	0.05009856983083004	0.22890305716090975	0.21886369912313025	strong close grouping
nifD	Strict single-dominant	state	Arizona	23	0.05009856983083004	0.22890305716090975	0.21886369912313025	strong close grouping
nifK	Strict single-dominant	site	SRER	22	0.057226175532034636	0.25867013120813587	0.22123225153501883	strong close grouping
nifK	Strict single-dominant	state	Arizona	22	0.057226175532034636	0.25867013120813587	0.22123225153501883	strong close grouping
nodL	Strict single-dominant	site	WOOD	24	0.010358042258695651	0.04650941107239591	0.2227085232830075	strong close grouping
nodL	Mixed-IUPAC	site	WOOD	24	0.008885548141666668	0.039375911163309026	0.22565949280041891	strong close grouping
nodL	Mixed-IUPAC	closest_blast_genus	Sinorhizobium	211	0.038768629040243655	0.16500998370922923	0.23494717209692853	strong close grouping
nifK	Strict single-dominant	site	WOOD	15	0.08285342773333333	0.33939856311483324	0.24411838097646993	strong close grouping
nodX	Mixed-IUPAC	site	SCBI	6	0.008088069433333333	0.0317191430269029	0.2549901624540536	strong close grouping
nifK	Strict single-dominant	state	ND	37	0.08966677593333336	0.3499497068449696	0.2562276069374061	strong close grouping
nifK	Mixed-IUPAC	site	NOGP	18	0.08403199290784313	0.3227871622129485	0.2603325123952907	strong close grouping
nodX	Strict single-dominant	site	SCBI	6	0.00997240642	0.03758806571720867	0.2653077839925773	strong close grouping
nodL	Strict single-dominant	site	NOGP	17	0.012661206835294118	0.045689560196659776	0.2771137822469068	strong close grouping
nodL	Mixed-IUPAC	site	NOGP	17	0.011056446041176473	0.039208163867909436	0.28199346642258355	strong close grouping
nifD	Strict single-dominant	closest_blast_genus	Bradyrhizobium	6	0.06024921482666666	0.20729002232524366	0.29065178415647047	strong close grouping
nodL	Strict single-dominant	site	TOOL	5	0.01366237872	0.04637519842473929	0.2946052886905099	strong close grouping
nifD	Strict single-dominant	closest_blast_genus	Azorhizobium	16	0.0678799248575	0.22316070227492474	0.30417508174837493	strong close grouping
nodL	Mixed-IUPAC	site	TOOL	5	0.012078947460000001	0.03953289015351112	0.3055417252089576	strong close grouping
nifJ	Mixed-IUPAC	site	LAJA	9	0.012906067677777779	0.041698286837728554	0.30951074148447716	strong close grouping
nodL	Strict single-dominant	state	Alaska	9	0.014803777883333334	0.04722960736570046	0.3134427472307186	strong close grouping
nodL	Mixed-IUPAC	state	AL	12	0.012303787063636367	0.03914440060703366	0.3143179323947947	strong close grouping
nolG	Strict single-dominant	site	BLAN	10	0.0023323223866666665	0.007373149720523561	0.31632646495357625	strong close grouping
nodL	Mixed-IUPAC	site	BLAN	9	0.013658622511111112	0.0427314161008044	0.3196388923524113	strong close grouping
nifH	Strict single-dominant	site	CPER	6	0.08817348378666667	0.26851821546754145	0.3283705860816176	strong close grouping
nifK	Mixed-IUPAC	site	CPER	15	0.10502106408190473	0.31929101529392495	0.3289195719623587	strong close grouping
nifJ	Mixed-IUPAC	site	DEJU	70	0.016356332980910968	0.04962101689534451	0.3296251065432223	strong close grouping
nodL	Mixed-IUPAC	state	Alaska	9	0.013589381705555556	0.04082282296576171	0.33288686862623473	strong close grouping
nifJ	Strict single-dominant	state	P.R	6	0.012143558233333334	0.03638461379171428	0.33375531489353716	strong close grouping
nifJ	Strict single-dominant	site	DEJU	51	0.015078298771294114	0.045163400710859745	0.33386101431614446	strong close grouping
nifK	Mixed-IUPAC	site	SRER	54	0.09473212231369671	0.28125288635453116	0.33682186711599776	strong close grouping
nifK	Mixed-IUPAC	state	Arizona	54	0.09473212231369671	0.28125288635453116	0.33682186711599776	strong close grouping
nifJ	Strict single-dominant	state	Alaska	92	0.020267210132632593	0.05870579790881773	0.34523353492463843	strong close grouping
nodL	Strict single-dominant	state	ND	59	0.019473687023962592	0.05624230282566111	0.34624626029852973	strong close grouping
nodL	Strict single-dominant	state	AL	12	0.016062332743939395	0.046152369084885604	0.34802834745919103	strong close grouping
nifD	Mixed-IUPAC	site	JORN	12	0.09545203685909091	0.2705429586351814	0.3528165631832428	strong close grouping
nifD	Mixed-IUPAC	state	New Mexico	12	0.09545203685909091	0.2705429586351814	0.3528165631832428	strong close grouping
nodL	Strict single-dominant	state	VA	17	0.01707939136029412	0.047782100702660354	0.3574432917166238	strong close grouping
nifJ	Mixed-IUPAC	state	P.R	11	0.01550129169818182	0.043124163255558755	0.3594572167422561	strong close grouping
nifJ	Strict single-dominant	site	BONA	25	0.014341648987333332	0.039757076520794896	0.36073198138278473	strong close grouping
nifK	Strict single-dominant	site	LENO	6	0.11726752748666668	0.32358090963827013	0.362405580779656	strong close grouping
nodL	Mixed-IUPAC	site	TALL	8	0.01466897600714286	0.040377224879391924	0.3632982715122093	strong close grouping
nifJ	Mixed-IUPAC	state	Alaska	135	0.023180775731166392	0.06137116952811698	0.3777144204583914	strong close grouping
nodL	Mixed-IUPAC	state	VA	18	0.01675206762156863	0.04328879707337536	0.3869839023979702	strong close grouping
nodX	Strict single-dominant	site	OSBS	11	0.013442423778181818	0.03422819352503854	0.3927295715547607	strong close grouping
nodX	Strict single-dominant	state	FL	11	0.013442423778181818	0.03422819352503854	0.3927295715547607	strong close grouping
nifH	Mixed-IUPAC	site	JORN	12	0.0828294184060606	0.20879695059953043	0.39669841043285275	strong close grouping
nifH	Mixed-IUPAC	state	New Mexico	12	0.0828294184060606	0.20879695059953043	0.39669841043285275	strong close grouping
nifJ	Mixed-IUPAC	site	BONA	36	0.018339464722222223	0.046016386542618304	0.3985420433922389	strong close grouping
nodL	Strict single-dominant	site	DSNY	5	0.01892144942	0.0467200650651185	0.40499621294677685	strong close grouping
nodL	Strict single-dominant	state	Florida	5	0.01892144942	0.0467200650651185	0.40499621294677685	strong close grouping
nodX	Mixed-IUPAC	site	OSBS	11	0.01225294235636364	0.0301663505032787	0.4061791417238853	strong close grouping
nodX	Mixed-IUPAC	state	FL	11	0.01225294235636364	0.0301663505032787	0.4061791417238853	strong close grouping
nolF	Mixed-IUPAC	site	TOOL	7	0.002864798333333333	0.007009188710820369	0.40872038855378906	strong close grouping
nodX	Mixed-IUPAC	site	ORNL	11	0.012180521410909093	0.02971627697749629	0.40989392514187517	strong close grouping
nifD	Mixed-IUPAC	closest_blast_genus	Azorhizobium	37	0.1038925963900901	0.25335072879453774	0.4100741958960176	strong close grouping
nodL	Mixed-IUPAC	state	ND	60	0.01995943458706215	0.04839881850066666	0.4123950791647367	strong close grouping
nifK	Strict single-dominant	site	CPER	8	0.13705073988571426	0.331444185021868	0.41349568367498113	strong close grouping
nodL	Strict single-dominant	site	SCBI	9	0.019728039655555557	0.04755267896162103	0.41486705031861043	strong close grouping
nodX	Strict single-dominant	site	ORNL	11	0.014456182818181815	0.034020198446918316	0.42492940894327186	strong close grouping
nodL	Strict single-dominant	site	TALL	8	0.020081565167857144	0.0471364386605769	0.42603059837553214	strong close grouping
nodL	Mixed-IUPAC	site	DSNY	5	0.017623721599999996	0.040360035765777784	0.43666268539195796	strong close grouping
nodL	Mixed-IUPAC	state	Florida	5	0.017623721599999996	0.040360035765777784	0.43666268539195796	strong close grouping
nolG	Strict single-dominant	site	DSNY	9	0.0035654633111111113	0.008139391519155093	0.4380503509040222	strong close grouping
nolG	Strict single-dominant	state	Florida	9	0.0035654633111111113	0.008139391519155093	0.4380503509040222	strong close grouping
nodL	Mixed-IUPAC	site	SCBI	9	0.01829250342222222	0.04174103299773754	0.4382379186258691	strong close grouping
nifH	Mixed-IUPAC	site	KONA	9	0.08449883472222218	0.19100339453964105	0.44239441359606413	strong close grouping
nifK	Strict single-dominant	site	DCFS	10	0.15174438539333332	0.3406162904413708	0.44549949503795855	strong close grouping
nifK	Mixed-IUPAC	state	ND	72	0.15086709925121283	0.33516788318861684	0.45012397314426417	strong close grouping
nolF	Strict single-dominant	site	SCBI	9	0.0031592201500000006	0.006908761303629258	0.45727736292472904	strong close grouping
nifD	Mixed-IUPAC	site	CPER	15	0.13937086027238094	0.30212036447947543	0.4613090564500795	strong close grouping
nolG	Strict single-dominant	state	VA	20	0.0037334798242105263	0.007915999755138126	0.4716371828823258	strong close grouping
nolG	Mixed-IUPAC	site	BLAN	11	0.0032928718545454545	0.006863524654378646	0.4797639726470186	strong close grouping
nifD	Strict single-dominant	state	ND	30	0.1275681176737931	0.26537564428685534	0.48070770781021466	strong close grouping
nolF	Strict single-dominant	site	TOOL	7	0.0031297724571428573	0.006470929386069653	0.4836666065125824	strong close grouping
noeA	Mixed-IUPAC	site	BLAN	10	0.0015947940422222223	0.003285067256270271	0.48546769907928317	strong close grouping
noeB	Strict single-dominant	site	BLAN	8	0.006489663121428573	0.013335863115524194	0.48663240355804166	strong close grouping
nifH	Mixed-IUPAC	site	CPER	15	0.13660108135619048	0.27953765959374044	0.4886679009716132	strong close grouping
nolG	Mixed-IUPAC	site	DSNY	10	0.003920926177777778	0.008011728429680363	0.489398288046342	strong close grouping
nolG	Mixed-IUPAC	state	Florida	10	0.003920926177777778	0.008011728429680363	0.489398288046342	strong close grouping
nolG	Strict single-dominant	site	TALL	10	0.0036106169711111113	0.007310190575130888	0.4939155736095791	strong close grouping
nifK	Mixed-IUPAC	site	WOOD	31	0.16119476002236557	0.32567801114673783	0.49495131542589005	strong close grouping
nolF	Mixed-IUPAC	state	VA	21	0.004076913780952382	0.008129835734169205	0.5014755419740354	moderate close grouping
noeA	Mixed-IUPAC	state	VA	18	0.0016779960653594773	0.003330550364469556	0.5038194537636801	moderate close grouping
nolF	Mixed-IUPAC	site	DSNY	8	0.004137366460714287	0.008128238798445278	0.5090114308041317	moderate close grouping
nolF	Mixed-IUPAC	state	Florida	8	0.004137366460714287	0.008128238798445278	0.5090114308041317	moderate close grouping
nifD	Mixed-IUPAC	site	NOGP	21	0.15194656226571426	0.29685131531001546	0.5118608354725648	moderate close grouping
nodX	Mixed-IUPAC	state	TN	12	0.015413642401515154	0.029773768529545448	0.5176920209552819	moderate close grouping
nifK	Strict single-dominant	closest_blast_genus	Sinorhizobium	180	0.2170140388452946	0.41256562568708083	0.5260109551877536	moderate close grouping
nifH	Strict single-dominant	site	TOOL	28	0.11370698740767196	0.21122323322706918	0.5383261380410491	moderate close grouping
nodX	Strict single-dominant	state	TN	12	0.018444111275757572	0.03413676582350428	0.5403004892472326	moderate close grouping
nolG	Mixed-IUPAC	state	VA	21	0.003989616462857143	0.007231848050343408	0.551673159486211	moderate close grouping
nodL	Strict single-dominant	closest_blast_genus	Rhizobium	20	0.10946019157052632	0.19646057044928572	0.5571611205251099	moderate close grouping
noeA	Mixed-IUPAC	site	SCBI	8	0.0017909039964285715	0.0032108313806818176	0.5577695568828889	moderate close grouping
nifK	Mixed-IUPAC	site	DCFS	23	0.18537278299367582	0.33107303462216603	0.5599150749478307	moderate close grouping
nifK	Mixed-IUPAC	state	CA	10	0.20965039577111108	0.3728198248707485	0.5623370373176748	moderate close grouping
nolF	Strict single-dominant	site	DSNY	8	0.0046356854178571435	0.008056866026874998	0.575370795839729	moderate close grouping
nolF	Strict single-dominant	state	Florida	8	0.0046356854178571435	0.008056866026874998	0.575370795839729	moderate close grouping
nifK	Strict single-dominant	closest_blast_genus	Microvirga	62	0.17878544817451084	0.31011656681840255	0.576510471558276	moderate close grouping
noeB	Strict single-dominant	state	VA	14	0.0077881395659340664	0.013470825319733657	0.5781486568996689	moderate close grouping
noeB	Mixed-IUPAC	site	BLAN	8	0.006984562535714284	0.011978852220390067	0.5830744387868277	moderate close grouping
nifD	Mixed-IUPAC	site	KONA	9	0.15918599081666676	0.2713252091487285	0.5866981225817761	moderate close grouping
nifK	Strict single-dominant	site	DELA	5	0.20776303618	0.35359896247999995	0.5875668715847868	moderate close grouping
nifK	Strict single-dominant	closest_blast_genus	Mesorhizobium	165	0.22798800693416116	0.38490663916160966	0.5923202764981055	moderate close grouping
noeA	Strict single-dominant	site	BLAN	10	0.002634852917777778	0.004430276237540988	0.5947378394716636	moderate close grouping
nifH	Strict single-dominant	site	RMNP	5	0.11587013755999999	0.1935093975027225	0.5987829999748193	moderate close grouping
nifK	Strict single-dominant	site	KONZ	11	0.20188316234545456	0.3363087351788083	0.6002911647183874	moderate close grouping
nolG	Strict single-dominant	site	WOOD	29	0.004421866749261083	0.007324314428789097	0.603724320173968	moderate close grouping
noeB	Mixed-IUPAC	site	CPER	12	0.007426720689393937	0.012218814013199505	0.6078102736788646	moderate close grouping
nifD	Mixed-IUPAC	closest_blast_genus	Methylobacterium	17	0.1718586506632353	0.2821939763485915	0.6090089267211712	moderate close grouping
nifH	Strict single-dominant	state	ND	23	0.16619522855652172	0.2715249742694457	0.612080818730137	moderate close grouping
nifK	Mixed-IUPAC	site	SJER	6	0.23696623074666662	0.3868143729187699	0.6126096839644295	moderate close grouping
nifH	Strict single-dominant	site	DEJU	13	0.15806149093333333	0.256358649722501	0.6165639080422259	moderate close grouping
nifK	Mixed-IUPAC	site	TOOL	66	0.19751033070797203	0.31994445568199925	0.6173269365989028	moderate close grouping
noeA	Mixed-IUPAC	site	CPER	12	0.0018276817	0.0029456722794171226	0.6204633532287082	moderate close grouping
nodL	Strict single-dominant	state	CO	16	0.03321355759833333	0.05344217106031247	0.6214859340360627	moderate close grouping
nifK	Mixed-IUPAC	closest_blast_genus	Microvirga	176	0.19659219530001296	0.3146181321251238	0.62485971158785	moderate close grouping
nifK	Mixed-IUPAC	closest_blast_genus	Sinorhizobium	354	0.2348154915822235	0.3721545279071427	0.6309623394957402	moderate close grouping
noeA	Strict single-dominant	site	CPER	11	0.002448442941818182	0.0038769341883616365	0.6315410122689948	moderate close grouping
nifD	Mixed-IUPAC	site	DCFS	23	0.19170881680395255	0.30334851795981066	0.6319754521739619	moderate close grouping
noeA	Strict single-dominant	site	CLBJ	6	0.002869974586666667	0.004540894316755794	0.632028491849398	moderate close grouping
noeA	Strict single-dominant	state	TX	6	0.002869974586666667	0.004540894316755794	0.632028491849398	moderate close grouping
nifD	Strict single-dominant	site	DCFS	9	0.16913499713333335	0.26500740254087185	0.6382274438814887	moderate close grouping
nifJ	Mixed-IUPAC	site	HEAL	38	0.03407211140526315	0.05318141777112606	0.6406770039846892	moderate close grouping
nifH	Strict single-dominant	site	OAES	50	0.14710937215044897	0.22678421498019602	0.6486755357435054	moderate close grouping
nifH	Strict single-dominant	state	OK	50	0.14710937215044897	0.22678421498019602	0.6486755357435054	moderate close grouping
nolG	Strict single-dominant	site	SCBI	10	0.0052174035199999995	0.008016989606806281	0.6507933496097484	moderate close grouping
nifK	Mixed-IUPAC	site	LENO	19	0.198092269174269	0.3041115563300967	0.6513802749384852	moderate close grouping
nolF	Mixed-IUPAC	site	DCFS	20	0.005139841887894737	0.007879410462301588	0.6523130013959676	moderate close grouping
nolF	Strict single-dominant	state	Alaska	10	0.004328700242222222	0.006613367187474746	0.6545380166430917	moderate close grouping
noeA	Strict single-dominant	site	TALL	7	0.002521177952380953	0.0038487585986943175	0.6550626358421796	moderate close grouping
nodL	Mixed-IUPAC	closest_blast_genus	Rhizobium	19	0.10853322535672515	0.1650099837092292	0.657737325445568	moderate close grouping
nifK	Mixed-IUPAC	closest_blast_genus	Mesorhizobium	382	0.22726541222029922	0.34483595679037315	0.6590536971133047	moderate close grouping
nolF	Mixed-IUPAC	state	Alaska	10	0.004905581493333334	0.007441548073165833	0.6592151854830884	moderate close grouping
nodL	Strict single-dominant	site	DCFS	18	0.0367683363856209	0.05564412491111106	0.6607766128833302	moderate close grouping
nolG	Mixed-IUPAC	site	SCBI	10	0.004833852797777778	0.007309751790547946	0.6612882265069944	moderate close grouping
nifD	Mixed-IUPAC	state	ND	77	0.19607042019747092	0.2960795614546634	0.6622220704264783	moderate close grouping
nifJ	Strict single-dominant	site	HEAL	23	0.031044658588142288	0.04666153583662633	0.6653158330843927	moderate close grouping
nolG	Mixed-IUPAC	site	WOOD	30	0.00463006620413793	0.006959065108475717	0.6653287664313978	moderate close grouping
noeB	Mixed-IUPAC	state	VA	14	0.008201456379120876	0.012326517486719576	0.6653506465193445	moderate close grouping
nodX	Mixed-IUPAC	site	JERC	15	0.021621491148571433	0.032144375346045195	0.672636842863135	moderate close grouping
nodX	Mixed-IUPAC	state	Georgia	15	0.021621491148571433	0.032144375346045195	0.672636842863135	moderate close grouping
nifK	Mixed-IUPAC	site	JORN	12	0.19017492257878787	0.2825365905008494	0.6730983843249009	moderate close grouping
nifK	Mixed-IUPAC	state	New Mexico	12	0.19017492257878787	0.2825365905008494	0.6730983843249009	moderate close grouping
nodX	Mixed-IUPAC	state	Alaska	13	0.02079615015128206	0.030623377039487185	0.6790939524555555	moderate close grouping
nodX	Strict single-dominant	site	JERC	15	0.02528003619428571	0.03687022211374269	0.6856491429939894	moderate close grouping
nodX	Strict single-dominant	state	Georgia	15	0.02528003619428571	0.03687022211374269	0.6856491429939894	moderate close grouping
noeA	Strict single-dominant	state	VA	18	0.0031650174810457514	0.004614504061079365	0.6858846452733279	moderate close grouping
nifH	Strict single-dominant	state	Alaska	38	0.15267245797467993	0.22259028699431457	0.6858900270818175	moderate close grouping
nolF	Strict single-dominant	state	VA	21	0.005005298454285715	0.007287242507715814	0.6868576761355271	moderate close grouping
nifH	Mixed-IUPAC	closest_blast_genus	Bradyrhizobium	253	0.1514306609880794	0.2200765520876733	0.6880817586044015	moderate close grouping
nifH	Mixed-IUPAC	closest_blast_genus	Neorhizobium	25	0.19235431579666665	0.2795512209846452	0.6880825457286485	moderate close grouping
nifH	Mixed-IUPAC	site	OAES	89	0.1739418370107763	0.2514239581036275	0.69182681842549	moderate close grouping
nifH	Mixed-IUPAC	state	OK	89	0.1739418370107763	0.2514239581036275	0.69182681842549	moderate close grouping
noeA	Mixed-IUPAC	site	CLBJ	6	0.002552597693333334	0.003686256532804234	0.6924633895166011	moderate close grouping
noeA	Mixed-IUPAC	state	TX	6	0.002552597693333334	0.003686256532804234	0.6924633895166011	moderate close grouping
nolG	Mixed-IUPAC	site	TALL	11	0.005146612254545454	0.007430998530150127	0.6925869025089793	moderate close grouping
nodX	Strict single-dominant	state	Alaska	13	0.024081541620512816	0.03476614952877983	0.6926720947506089	moderate close grouping
nifK	Strict single-dominant	state	KS	11	0.24054141242545454	0.3463018763792383	0.6946003727742887	moderate close grouping
nifD	Strict single-dominant	site	OAES	53	0.16752330371756166	0.23871952064046045	0.701757875803845	moderate close grouping
nifD	Strict single-dominant	state	OK	53	0.16752330371756166	0.23871952064046045	0.701757875803845	moderate close grouping
nifK	Strict single-dominant	site	TOOL	28	0.23811596017328043	0.3387612330410923	0.7029020352644559	moderate close grouping
noeA	Strict single-dominant	site	DSNY	7	0.0029864476095238096	0.004217567437403993	0.7080971801513231	moderate close grouping
noeA	Strict single-dominant	state	Florida	7	0.0029864476095238096	0.004217567437403993	0.7080971801513231	moderate close grouping
nifH	Strict single-dominant	state	CO	12	0.17165282689090908	0.24028407574186678	0.7143745433855254	moderate close grouping
nolG	Strict single-dominant	site	OSBS	8	0.005516864796428571	0.007711146409650258	0.7154402864824857	moderate close grouping
nifD	Mixed-IUPAC	site	OAES	112	0.2145888791518018	0.299609388140016	0.7162288220805628	moderate close grouping
nifD	Mixed-IUPAC	state	OK	112	0.2145888791518018	0.299609388140016	0.7162288220805628	moderate close grouping
nodX	Mixed-IUPAC	site	CLBJ	11	0.027003151294545457	0.03745608346758571	0.7209283191050617	moderate close grouping
nodX	Mixed-IUPAC	state	TX	11	0.027003151294545457	0.03745608346758571	0.7209283191050617	moderate close grouping
nifD	Mixed-IUPAC	site	TOOL	66	0.22689936225589738	0.3146253651280963	0.7211731392461563	moderate close grouping
nolF	Strict single-dominant	site	WOOD	30	0.004703325053793103	0.006501117274307117	0.7234641147577789	moderate close grouping
nifH	Strict single-dominant	closest_blast_genus	Neorhizobium	17	0.18043446847352942	0.24896748189284582	0.7247310656866722	moderate close grouping
nifD	Mixed-IUPAC	closest_blast_genus	Bradyrhizobium	23	0.21529507587747035	0.29586797339672954	0.7276727974500338	moderate close grouping
noeB	Strict single-dominant	state	AL	6	0.00870676926	0.01190155668915344	0.7315655831757681	moderate close grouping
nifH	Strict single-dominant	closest_blast_genus	Ensifer	5	0.18200478334	0.24874686265544504	0.7316867493203575	moderate close grouping
noeB	Mixed-IUPAC	state	CO	14	0.009304990652747251	0.012643376812804233	0.7359577105480141	moderate close grouping
nifH	Strict single-dominant	closest_blast_genus	Bradyrhizobium	43	0.18049289076057587	0.24509912154241487	0.7364077424053159	moderate close grouping
noeA	Mixed-IUPAC	site	TALL	7	0.002115040942857144	0.00287128090775076	0.736619303652173	moderate close grouping
noeB	Strict single-dominant	site	SCBI	6	0.009548913420000001	0.012952619155026455	0.7372187281747108	moderate close grouping
nifD	Mixed-IUPAC	closest_blast_genus	Burkholderia	6	0.22551835334	0.3048475187612939	0.7397742788144149	moderate close grouping
nifK	Strict single-dominant	state	AL	25	0.25072217783	0.3381089158402326	0.7415426393206216	moderate close grouping
noeA	Strict single-dominant	state	Georgia	5	0.0030524030400000007	0.004109311357021278	0.7428015973490507	moderate close grouping
nifJ	Strict single-dominant	site	ORNL	6	0.11459102950000001	0.15420192131419047	0.7431232278002411	moderate close grouping
nifJ	Strict single-dominant	state	TN	6	0.11459102950000001	0.15420192131419047	0.7431232278002411	moderate close grouping
nifK	Strict single-dominant	state	CA	6	0.28968449067333335	0.3895134537169634	0.7437085623333312	moderate close grouping
nodX	Strict single-dominant	site	CLBJ	10	0.031690636304444436	0.042495377960420154	0.7457431331464056	moderate close grouping
nodX	Strict single-dominant	state	TX	10	0.031690636304444436	0.042495377960420154	0.7457431331464056	moderate close grouping
nolG	Strict single-dominant	site	CPER	5	0.005608368159999999	0.007470647329693878	0.7507205082092681	weak close grouping
nolF	Mixed-IUPAC	site	WOOD	30	0.005434670295632184	0.0072088005762756075	0.7538938327019139	weak close grouping
nifK	Mixed-IUPAC	state	Fl	11	0.23669336630181814	0.3128285015442668	0.7566234059025624	weak close grouping
nifD	Strict single-dominant	site	WOOD	10	0.18526565356666666	0.2448568031764497	0.7566285729588643	weak close grouping
nodX	Mixed-IUPAC	site	DEJU	8	0.023054450675000008	0.030402769756500008	0.7583009988776119	weak close grouping
nifD	Mixed-IUPAC	closest_blast_genus	Sinorhizobium	247	0.2496032168040486	0.32847595849933503	0.7598827565474747	weak close grouping
nifD	Mixed-IUPAC	site	WOOD	33	0.2158112312094697	0.28228450048915144	0.7645167582191202	weak close grouping
nifK	Mixed-IUPAC	site	BLAN	11	0.2859538039345455	0.37387111011743945	0.7648459487675376	weak close grouping
nolF	Mixed-IUPAC	site	BLAN	12	0.006098182228787881	0.007960253515439933	0.7660788964773138	weak close grouping
nifH	Mixed-IUPAC	site	NOGP	20	0.20577233462684213	0.2679540500855138	0.7679388856454036	weak close grouping
nifD	Strict single-dominant	site	DSNY	21	0.18190351764190477	0.23669445763774574	0.7685161683012579	weak close grouping
nifD	Strict single-dominant	state	Florida	21	0.18190351764190477	0.23669445763774574	0.7685161683012579	weak close grouping
nifK	Mixed-IUPAC	site	KONZ	33	0.27890372546553027	0.36279882001281116	0.768755878135661	weak close grouping
nifH	Mixed-IUPAC	site	TOOL	73	0.18132469693934553	0.23542630515165355	0.7701972675591301	weak close grouping
nifK	Mixed-IUPAC	state	KS	42	0.2647609254060395	0.3431507390199247	0.7715586630010621	weak close grouping
nifK	Strict single-dominant	site	SCBI	10	0.25960351836444445	0.3355659671340225	0.7736288652322146	weak close grouping
noeA	Strict single-dominant	site	SCBI	8	0.003646761582142857	0.004699609605202703	0.775971173883403	weak close grouping
nifK	Mixed-IUPAC	state	CO	30	0.25622930126068955	0.3298907449440378	0.7767095779063335	weak close grouping
noeA	Mixed-IUPAC	state	Georgia	5	0.0024397147200000014	0.0031406291028421057	0.7768235726377836	weak close grouping
nifK	Mixed-IUPAC	site	RMNP	10	0.22630046923333327	0.29118823853896353	0.7771621215499481	weak close grouping
nifD	Strict single-dominant	closest_blast_genus	Sinorhizobium	88	0.22798126857228318	0.2931348073269143	0.7777352360548244	weak close grouping
nodX	Strict single-dominant	site	DEJU	8	0.026929144789285712	0.03461920709018594	0.77786717411329	weak close grouping
nifD	Strict single-dominant	state	CO	10	0.20410400744666668	0.2614557759088166	0.7806444770141491	weak close grouping
nifD	Strict single-dominant	closest_blast_genus	Mesorhizobium	104	0.19399036467141523	0.24771759082034991	0.78311097741985225	weak close grouping
nifH	Strict single-dominant	site	GUAN	7	0.17240060255238096	0.22004278535304514	0.7834867308908801	weak close grouping
noeA	Strict single-dominant	state	AL	11	0.0032941298400000004	0.00419579613996004	0.7851024525780161	weak close grouping
nifH	Strict single-dominant	closest_blast_genus	Sinorhizobium	42	0.22172520797049938	0.28215671495436867	0.7858228998957459	weak close grouping
nifD	Strict single-dominant	closest_blast_genus	Microvirga	107	0.19258783442997712	0.24468082477452974	0.7870981904995799	weak close grouping
nifH	Strict single-dominant	closest_blast_genus	Mesorhizobium	187	0.18924528780686564	0.23894130489195992	0.7920157960652098	weak close grouping
nolG	Strict single-dominant	site	JERC	16	0.007081458071666666	0.008934864375540539	0.7925646964549761	weak close grouping
nifH	Strict single-dominant	site	LENO	13	0.1796006275025641	0.22469316500664333	0.79931504590829	weak close grouping
nifD	Mixed-IUPAC	site	UKFS	6	0.21783355269333332	0.27233664733365354	0.7998686729313161	weak close grouping
nodL	Mixed-IUPAC	site	DCFS	19	0.0412207000128655	0.051301428208056846	0.8035000477119626	weak close grouping
noeA	Mixed-IUPAC	state	AL	11	0.0024202269854545462	0.0030070983734189725	0.8048379816396986	weak close grouping
nifD	Mixed-IUPAC	site	BONA	6	0.3080336993666667	0.38218527560267485	0.8059800286155002	weak close grouping
nolF	Mixed-IUPAC	site	OAES	39	0.006022571226180837	0.007466774272202116	0.8065827366178902	weak close grouping
nolF	Mixed-IUPAC	state	OK	39	0.006022571226180837	0.007466774272202116	0.8065827366178902	weak close grouping
nifK	Strict single-dominant	state	Fl	7	0.2620969159238095	0.32368337257404334	0.8097324055898306	weak close grouping
nolG	Strict single-dominant	state	AL	12	0.006247698389393939	0.007713453744576716	0.8099741822898283	weak close grouping
nifD	Strict single-dominant	site	TOOL	20	0.20316088674578947	0.2506088006477744	0.8106694027530501	weak close grouping
nolF	Strict single-dominant	site	CLBJ	5	0.0050095750000000005	0.006178551606502462	0.8108008671041605	weak close grouping
nolF	Strict single-dominant	state	TX	5	0.0050095750000000005	0.006178551606502462	0.8108008671041605	weak close grouping
nodL	Mixed-IUPAC	state	CO	17	0.04250231204117647	0.05232232370850592	0.8123169811410148	weak close grouping
nifD	Mixed-IUPAC	site	NIWO	5	0.26116071634	0.32094985865173403	0.8137118908140357	weak close grouping
nifH	Strict single-dominant	site	WOOD	11	0.2050192626472727	0.2510216987481624	0.8167392048962203	weak close grouping
nifD	Strict single-dominant	closest_blast_genus	Rhizobium	19	0.2424211866269006	0.2963508565593665	0.8180208737758029	weak close grouping
nifK	Strict single-dominant	state	CO	18	0.2654257281862745	0.3242270640284643	0.8186414942923225	weak close grouping
noeA	Mixed-IUPAC	site	OSBS	6	0.002480475986666668	0.003029877094356262	0.8186721472257206	weak close grouping
nifK	Mixed-IUPAC	site	SERC	5	0.27709536216	0.33750970654357204	0.8209996832320062	weak close grouping
nifK	Mixed-IUPAC	state	MD	5	0.27709536216	0.33750970654357204	0.8209996832320062	weak close grouping
nifH	Mixed-IUPAC	site	KONZ	39	0.17108928474520918	0.20820320690244454	0.8217418323694436	weak close grouping
nolF	Mixed-IUPAC	site	CPER	13	0.005999890953846156	0.007295977848822607	0.8223559717652366	weak close grouping
nifK	Strict single-dominant	site	RMNP	7	0.2436546725714286	0.29564553002519134	0.8241446185594867	weak close grouping
nifH	Mixed-IUPAC	state	FL	111	0.173288006789353	0.20896608954454285	0.8292637679493697	weak close grouping
noeB	Mixed-IUPAC	state	AL	6	0.009364158266666665	0.011268684534032633	0.8309894769337011	weak close grouping
nifH	Strict single-dominant	state	FL	23	0.18036737043794468	0.2166659796784998	0.8324674261533035	weak close grouping
nolG	Mixed-IUPAC	site	TOOL	8	0.006587576853571429	0.007905545365441177	0.8332855671626144	weak close grouping
noeA	Strict single-dominant	site	JERC	7	0.0034372098285714294	0.004118019135407066	0.8346755358706368	weak close grouping
nolG	Strict single-dominant	state	ND	63	0.007054469335688684	0.008416772557073841	0.8381442278322924	weak close grouping
nifJ	Mixed-IUPAC	site	DELA	9	0.059806809877777783	0.07112382595798172	0.840882911910704	weak close grouping
nifH	Mixed-IUPAC	state	KS	54	0.17343118477861633	0.20604242152821206	0.8417256188909114	weak close grouping
nolF	Strict single-dominant	site	DCFS	20	0.006211611027894736	0.007377014033031912	0.8420223955222433	weak close grouping
nifD	Strict single-dominant	state	KS	11	0.19430125744363635	0.2306925900871864	0.8422518355279788	weak close grouping
nifK	Mixed-IUPAC	state	Alaska	89	0.28202332684627157	0.3345079908967323	0.8430989229591722	weak close grouping
noeA	Strict single-dominant	site	OSBS	6	0.0036775221866666673	0.004346785945454546	0.8460325014421907	weak close grouping
nifK	Strict single-dominant	site	TALL	14	0.28303772965714286	0.33342943998853253	0.8488684432510736	weak close grouping
nifH	Mixed-IUPAC	site	UKFS	7	0.17684331984761903	0.20824236471990296	0.8492187460773541	weak close grouping
noeA	Mixed-IUPAC	site	WOOD	27	0.0029632753601139604	0.0034869680725749547	0.8498143081435577	weak close grouping
noeB	Mixed-IUPAC	site	SCBI	6	0.01048640443333333	0.012321573626223777	0.8510604855710403	weak close grouping
nifH	Mixed-IUPAC	site	LENO	32	0.17753448838205646	0.20807460295	0.8532251695547761	weak close grouping
nifK	Mixed-IUPAC	state	VA	32	0.29780870915907254	0.3488045106641851	0.853798331311692	weak close grouping
nifD	Mixed-IUPAC	site	KONZ	38	0.255332508759744	0.2986879838416293	0.8548469391896485	weak close grouping
nolF	Strict single-dominant	site	TALL	9	0.005838315211111109	0.0068201984031267425	0.856033045671298	weak close grouping
nifK	Strict single-dominant	state	VA	14	0.300409123278022	0.35071700162291863	0.8565570585055745	weak close grouping
nolG	Strict single-dominant	site	OAES	33	0.009836784047348484	0.011471833547330449	0.8574726966499223	weak close grouping
nolG	Strict single-dominant	state	OK	33	0.009836784047348484	0.011471833547330449	0.8574726966499223	weak close grouping
nifD	Strict single-dominant	site	LENO	8	0.23375761994642855	0.27213678370970584	0.8589710540409077	weak close grouping
nifD	Mixed-IUPAC	site	DSNY	138	0.25038757719749283	0.2911583490681163	0.8599704525007965	weak close grouping
nolG	Mixed-IUPAC	site	JERC	16	0.0073698761483333335	0.00856734551948357	0.8602286591071888	weak close grouping
nolG	Mixed-IUPAC	state	Alaska	10	0.00659243954	0.007654840919589042	0.8612118278160015	weak close grouping
nolG	Mixed-IUPAC	site	OAES	42	0.00787332858641115	0.00912809755893812	0.8625377342403274	weak close grouping
nolG	Mixed-IUPAC	state	OK	42	0.00787332858641115	0.00912809755893812	0.8625377342403274	weak close grouping
nifH	Mixed-IUPAC	site	OSBS	127	0.18469943596445443	0.21411312823473624	0.8626254610691828	weak close grouping
nifD	Mixed-IUPAC	state	Florida	134	0.250783451816575	0.2904898075092182	0.8633123962830153	weak close grouping
nifK	Mixed-IUPAC	site	SCBI	18	0.29734270388888884	0.34358058763348376	0.8654234685868825	weak close grouping
nifK	Strict single-dominant	state	Alaska	38	0.29745874335803696	0.3430992001319133	0.8669759161305864	weak close grouping
nifJ	Strict single-dominant	site	OSBS	13	0.04636448671025641	0.05329927930801279	0.8698895615889908	weak close grouping
nifJ	Strict single-dominant	state	FL	13	0.04636448671025641	0.05329927930801279	0.8698895615889908	weak close grouping
nolF	Strict single-dominant	site	CPER	13	0.005867064702564102	0.006744001369783037	0.8699678990060545	weak close grouping
nifD	Strict single-dominant	site	OSBS	27	0.20919934839772078	0.24027844739891543	0.8706538212742966	weak close grouping
nifD	Strict single-dominant	state	Georgia	62	0.21069969298106822	0.241855627216693	0.871179618212024	weak close grouping
nifH	Mixed-IUPAC	state	ND	73	0.2210914220166666	0.25371549796574877	0.8714147294483116	weak close grouping
nolF	Strict single-dominant	site	BLAN	12	0.006404960948484848	0.007343842044132652	0.87215396382362	weak close grouping
noeA	Mixed-IUPAC	site	JERC	7	0.0027290363333333347	0.003125699498556233	0.8730961932181522	weak close grouping
nifD	Mixed-IUPAC	state	CO	31	0.26753634710236557	0.3060944402792382	0.8740320368390305	weak close grouping
nolF	Strict single-dominant	site	OAES	39	0.006140109665317139	0.006983668939402217	0.8792097275222093	weak close grouping
nolF	Strict single-dominant	state	OK	39	0.006140109665317139	0.006983668939402217	0.8792097275222093	weak close grouping
nifH	Strict single-dominant	state	KS	8	0.2049263915857143	0.23286134520791557	0.880036106476758	weak close grouping
nifD	Strict single-dominant	site	KONZ	10	0.2057916710977778	0.23377967651355028	0.8802804168729772	weak close grouping
nifD	Mixed-IUPAC	site	UNDE	7	0.31932048195238105	0.3626360671521129	0.880553565617723	weak close grouping
nifD	Mixed-IUPAC	state	MI	7	0.31932048195238105	0.3626360671521129	0.880553565617723	weak close grouping
noeA	Strict single-dominant	site	WOOD	27	0.004418658381766382	0.0050166126041945565	0.8808051827784739	weak close grouping
nifD	Mixed-IUPAC	closest_blast_genus	Mesorhizobium	455	0.2733635129880698	0.3096239030144803	0.8828889188677572	weak close grouping
nifD	Mixed-IUPAC	site	LAJA	52	0.2842853272188537	0.32151983503583337	0.8841921904667875	weak close grouping
nifH	Mixed-IUPAC	state	CO	31	0.22921624795655912	0.25841000910418055	0.8870254242518459	weak close grouping
nifK	Mixed-IUPAC	site	OAES	108	0.27786429383956385	0.31311918279061124	0.8874074445492437	weak close grouping
nifK	Mixed-IUPAC	state	OK	108	0.27786429383956385	0.31311918279061124	0.8874074445492437	weak close grouping
nifH	Mixed-IUPAC	closest_blast_genus	Microvirga	291	0.19473783066400757	0.2194242277110178	0.8874946613483253	weak close grouping
nifD	Mixed-IUPAC	state	KS	53	0.25896495677460096	0.2912960907887165	0.8890093789910624	weak close grouping
nolF	Mixed-IUPAC	site	JERC	10	0.0067529032688888905	0.007595246978140707	0.8890959422812581	weak close grouping
nifH	Strict single-dominant	site	KONZ	6	0.19442107775333334	0.21858334747379704	0.8894596958107241	weak close grouping
nifD	Mixed-IUPAC	site	TEAK	5	0.27718557272	0.31139014396485265	0.8901552540830792	weak close grouping
nifD	Strict single-dominant	state	FL	25	0.21432724818333335	0.24060480502709589	0.8907854028900076	weak close grouping
nifH	Mixed-IUPAC	site	UNDE	7	0.18769731569523807	0.21042193580421759	0.892004509785885	weak close grouping
nifH	Mixed-IUPAC	state	MI	7	0.18769731569523807	0.21042193580421759	0.892004509785885	weak close grouping
noeA	Mixed-IUPAC	site	DSNY	7	0.0028704036476190483	0.0032142375534954413	0.8930278487031931	weak close grouping
noeA	Mixed-IUPAC	state	Florida	7	0.0028704036476190483	0.0032142375534954413	0.8930278487031931	weak close grouping
nifH	Strict single-dominant	site	OSBS	26	0.19873964215815385	0.22241428905768162	0.8935560885056808	weak close grouping
noeB	Strict single-dominant	site	CPER	5	0.012022445080000001	0.013428682964094496	0.8952810273461305	weak close grouping
nifH	Mixed-IUPAC	site	WOOD	33	0.21976652174772726	0.24540877766295363	0.8955120670115408	weak close grouping
nifD	Strict single-dominant	site	JERC	64	0.2178556960450396	0.2431241439310189	0.8960677147180057	weak close grouping
nifH	Mixed-IUPAC	site	DSNY	136	0.1997018990271133	0.22240236998558247	0.8979306247503533	weak close grouping
nifD	Mixed-IUPAC	closest_blast_genus	Microvirga	564	0.27061497414056984	0.30054127262310465	0.9004253285369426	weak close grouping
nifK	Strict single-dominant	site	DSNY	24	0.2774637355007246	0.30809752855259087	0.9005711172180428	weak close grouping
nifD	Mixed-IUPAC	state	Georgia	271	0.26062939275234115	0.2891360510643574	0.9014074578141378	weak close grouping
nifK	Strict single-dominant	state	FL	33	0.3022649888034091	0.3350685933696754	0.9020988382218362	weak close grouping
nifH	Mixed-IUPAC	state	Florida	133	0.20092458410751884	0.2226811166546138	0.9022973619229686	weak close grouping
nifD	Mixed-IUPAC	site	JERC	279	0.2614827837611511	0.2893466623590392	0.903700708448771	weak close grouping
nifH	Mixed-IUPAC	site	GUAN	15	0.19490102983809524	0.2154509185679229	0.9046191640006904	weak close grouping
nolF	Mixed-IUPAC	site	TALL	9	0.006662263727777781	0.007358967922555558	0.9053258280087961	weak close grouping
nifD	Mixed-IUPAC	closest_blast_genus	Ensifer	31	0.2694629288086021	0.297276339314157	0.9064392054553588	weak close grouping
nifH	Mixed-IUPAC	state	Georgia	301	0.20427455493688143	0.2252622727904305	0.9068298583976612	weak close grouping
nifH	Strict single-dominant	closest_blast_genus	Microvirga	54	0.20684274648392736	0.22792327918059727	0.9075104009890691	weak close grouping
nifK	Mixed-IUPAC	state	FL	56	0.2887958598342857	0.3181112842752043	0.9078453802488903	weak close grouping
nifH	Strict single-dominant	site	JERC	69	0.22432947867357209	0.24667341907404527	0.9094189374584941	weak close grouping
nifH	Strict single-dominant	state	Georgia	68	0.2230585961653644	0.2451778397942329	0.9097828594646553	weak close grouping
nolF	Strict single-dominant	site	JERC	10	0.006317223315555555	0.006939872477777777	0.9102794519328687	weak close grouping
nolF	Mixed-IUPAC	state	CO	18	0.006746472173202616	0.007402171816259455	0.9114179379602426	weak close grouping
nifD	Mixed-IUPAC	state	FL	100	0.2566741763091515	0.2815608935920617	0.9116115985944866	weak close grouping
nifH	Mixed-IUPAC	site	JERC	308	0.20691715343745717	0.22647627521531438	0.9136372153804541	weak close grouping
nolG	Strict single-dominant	state	Georgia	12	0.008179827687878786	0.008950507538271603	0.9138954023447882	weak close grouping
nolG	Mixed-IUPAC	state	AL	14	0.00690451192967033	0.007547399130697676	0.914820034041592	weak close grouping
nifH	Mixed-IUPAC	site	DEJU	55	0.20772498219474747	0.2267727969202819	0.9160048516214652	weak close grouping
nifK	Strict single-dominant	state	Florida	23	0.2849615005715415	0.3110615871633957	0.9160935079452796	weak close grouping
nifH	Mixed-IUPAC	closest_blast_genus	Mesorhizobium	638	0.21531128923920143	0.2349703278720191	0.9163339524149392	weak close grouping
nifJ	Mixed-IUPAC	site	SERC	5	0.1104236166	0.12043827254374999	0.9168482266290219	weak close grouping
nifJ	Mixed-IUPAC	state	MD	5	0.1104236166	0.12043827254374999	0.9168482266290219	weak close grouping
noeA	Mixed-IUPAC	state	CO	16	0.0031157066908333335	0.003396868130970671	0.9172292154723727	weak close grouping
nolG	Mixed-IUPAC	state	ND	70	0.00726119628662526	0.007883903777753814	0.9210153359702764	weak close grouping
nifD	Mixed-IUPAC	site	RMNP	11	0.2809929566	0.3048943541446537	0.9216076086036216	weak close grouping
nifD	Mixed-IUPAC	site	OSBS	112	0.2620331294003861	0.2841692719706535	0.9221022652563454	weak close grouping
noeA	Strict single-dominant	state	CO	15	0.004298536622857143	0.004653564646479402	0.9237083718411753	weak close grouping
nifK	Strict single-dominant	state	P.R	5	0.35809626918	0.387419340344311	0.9243118034885642	weak close grouping
nifK	Mixed-IUPAC	site	CLBJ	76	0.29723968671280704	0.32112408349450217	0.9256225303260257	weak close grouping
nifK	Mixed-IUPAC	state	TX	76	0.29723968671280704	0.32112408349450217	0.9256225303260257	weak close grouping
nodL	Strict single-dominant	site	JERC	16	0.05961409680416666	0.06439144860362504	0.9258076669641901	weak close grouping
nifH	Strict single-dominant	state	Florida	22	0.22017266136277056	0.23748008556550435	0.9271205239735361	weak close grouping
nifH	Mixed-IUPAC	site	BONA	8	0.20917134346071428	0.22538597005017974	0.9280584031656653	weak close grouping
noeB	Mixed-IUPAC	site	WOOD	25	0.012807198238666667	0.013799124812677421	0.9281167039594092	weak close grouping
nifH	Mixed-IUPAC	state	Alaska	139	0.21651170943017414	0.23316049408735842	0.9285951733703803	weak close grouping
nifH	Mixed-IUPAC	site	RMNP	12	0.20652449697575756	0.2223944707325579	0.9286404302025796	weak close grouping
nolG	Strict single-dominant	state	Alaska	10	0.008195170637777777	0.00881558696790576	0.9296227996630644	weak close grouping
nifH	Strict single-dominant	site	DSNY	23	0.22345416767193677	0.2399171022285117	0.93138073774793	weak close grouping
nifK	Mixed-IUPAC	state	Florida	89	0.2921822341004597	0.313663548462455	0.9315147888006292	weak close grouping
nifK	Mixed-IUPAC	site	DSNY	90	0.29253262099056176	0.3138828613658375	0.9319802289224338	weak close grouping
nolG	Strict single-dominant	site	TOOL	8	0.008623318699999999	0.009250409113989637	0.9322094400083049	weak close grouping
nifD	Mixed-IUPAC	state	Alaska	128	0.30457775010262056	0.3265865848732516	0.9326094953374381	weak close grouping
nodL	Mixed-IUPAC	site	OSBS	9	0.05040383879444445	0.053958817423780746	0.9341168172494169	weak close grouping
nifH	Mixed-IUPAC	site	DCFS	20	0.23400197316578947	0.2494453510182147	0.9380891333938008	weak close grouping
nolF	Mixed-IUPAC	state	Georgia	8	0.006761807750000002	0.00720802946131841	0.9380938002940973	weak close grouping
nolF	Strict single-dominant	state	CO	18	0.0065434744228758165	0.006967779321169591	0.9391047163326992	weak close grouping
nifK	Mixed-IUPAC	site	YELL	6	0.2891145139	0.3070561318331421	0.9415689313024636	weak close grouping
nifK	Mixed-IUPAC	state	WY	6	0.2891145139	0.3070561318331421	0.9415689313024636	weak close grouping
nifD	Mixed-IUPAC	state	P.R	62	0.30275554195282917	0.32139177852075856	0.9420139598663514	weak close grouping
nifK	Mixed-IUPAC	site	NIWO	5	0.41242698754	0.4366660053808977	0.9444907147746608	weak close grouping
nifH	Mixed-IUPAC	closest_blast_genus	Sinorhizobium	129	0.2627025013424177	0.2779136405074334	0.9452666693968594	weak close grouping
nifH	Strict single-dominant	site	TALL	23	0.24176219752727277	0.25563477710662924	0.9457328156349791	weak close grouping
nodX	Strict single-dominant	site	DELA	11	0.05555945202181817	0.058721007363405235	0.946159722328651	weak close grouping
nodX	Mixed-IUPAC	site	DELA	11	0.05092563985818182	0.053693622452533535	0.9484485779144687	weak close grouping
noeB	Strict single-dominant	site	DCFS	14	0.015561175098901097	0.016395091545520577	0.949136212853455	weak close grouping
nifK	Mixed-IUPAC	site	OSBS	67	0.3007545217630936	0.31685377962366257	0.9491902609472086	weak close grouping
nolG	Strict single-dominant	site	DCFS	18	0.00858945723856209	0.009037005551760773	0.9504760387016159	weak close grouping
nolG	Mixed-IUPAC	state	Georgia	12	0.008047441486363636	0.008465386855645159	0.9506289108331989	weak close grouping
nifK	Strict single-dominant	site	OAES	60	0.3260726121827118	0.3426307345900506	0.9516735635898215	weak close grouping
nifK	Strict single-dominant	state	OK	60	0.3260726121827118	0.3426307345900506	0.9516735635898215	weak close grouping
nifK	Mixed-IUPAC	site	ORNL	20	0.3311432284721053	0.34744538379578505	0.9530799484351143	weak close grouping
nifK	Mixed-IUPAC	state	TN	20	0.3311432284721053	0.34744538379578505	0.9530799484351143	weak close grouping
nifJ	Mixed-IUPAC	site	OSBS	17	0.06007701958235293	0.06288830248611535	0.955297204843729	weak close grouping
nifJ	Mixed-IUPAC	state	FL	17	0.06007701958235293	0.06288830248611535	0.955297204843729	weak close grouping
nifH	Mixed-IUPAC	site	ORNL	27	0.21275700077037035	0.22245083134206922	0.956422592295048	weak close grouping
nifH	Strict single-dominant	state	P.R	15	0.2292632149904762	0.23938453354605732	0.957719413173225	weak close grouping
nifK	Strict single-dominant	site	OSBS	40	0.31836509424166665	0.3322160626076205	0.9583073489667079	weak close grouping
nifD	Mixed-IUPAC	site	YELL	14	0.27242824865054943	0.2837011016052512	0.9602650363677928	weak close grouping
nifD	Mixed-IUPAC	state	WY	14	0.27242824865054943	0.2837011016052512	0.9602650363677928	weak close grouping
nifH	Mixed-IUPAC	state	TN	28	0.21512479981031746	0.22348811587697254	0.9625782514929833	weak close grouping
nolF	Mixed-IUPAC	site	CLBJ	5	0.0066355329200000045	0.006891130403627453	0.9629092081187575	weak close grouping
nolF	Mixed-IUPAC	state	TX	5	0.0066355329200000045	0.006891130403627453	0.9629092081187575	weak close grouping
nodL	Mixed-IUPAC	site	JERC	16	0.05534319493916666	0.05730800157038553	0.9657149686365228	weak close grouping
nolF	Strict single-dominant	state	AL	12	0.00653414264242424	0.0067503512992346925	0.9679707548205729	weak close grouping
nifD	Strict single-dominant	state	AL	24	0.24702366466014494	0.25505106778449077	0.9685262908558818	weak close grouping
nolG	Mixed-IUPAC	site	CPER	13	0.0071959236102564095	0.007417065109045583	0.9701847704532784	weak close grouping
nifD	Mixed-IUPAC	site	LENO	28	0.3016993411661376	0.3105789918409968	0.9714093647409185	weak close grouping
nifH	Mixed-IUPAC	site	HEAL	19	0.24635412358011693	0.2535108145601746	0.9717696817294597	weak close grouping
nifD	Mixed-IUPAC	site	TALL	87	0.2969411398372093	0.30513821564515237	0.9731365152325742	weak close grouping
nifH	Mixed-IUPAC	closest_blast_genus	Burkholderia	28	0.28002147319603177	0.286472173560965	0.9774822793964649	weak close grouping
nodL	Strict single-dominant	site	OSBS	9	0.062197125122222224	0.06355812586188944	0.9785865186990466	weak close grouping
nifH	Mixed-IUPAC	site	TALL	110	0.23881340799653047	0.24342117634563543	0.9810707991051594	weak close grouping
nolG	Mixed-IUPAC	site	OSBS	8	0.008321316846428572	0.008481020489423077	0.9811692893333206	weak close grouping
nifH	Strict single-dominant	state	AL	50	0.2438600624742041	0.2483585444993175	0.981887146125042	weak close grouping
nifD	Strict single-dominant	state	Alaska	36	0.2516754112534921	0.2560483718968127	0.9829213495445193	weak close grouping
nifD	Mixed-IUPAC	site	SERC	7	0.3545681165047619	0.3604559654475928	0.9836655527797419	weak close grouping
nifD	Mixed-IUPAC	state	MD	7	0.3545681165047619	0.3604559654475928	0.9836655527797419	weak close grouping
nifH	Mixed-IUPAC	site	DELA	78	0.23058968702510824	0.23438263483154204	0.9838172831824341	weak close grouping
noeB	Strict single-dominant	state	CO	7	0.014533200704761905	0.014770895319771424	0.98390790741768	weak close grouping
nifD	Mixed-IUPAC	state	Fl	12	0.29945117903787877	0.30430072982891415	0.9840632955636948	weak close grouping
nifD	Strict single-dominant	site	TALL	13	0.24439942023076924	0.24819546409419055	0.9847054261153593	weak close grouping
nifK	Mixed-IUPAC	state	Georgia	181	0.32179028639156537	0.3265052006392259	0.985559451309107	weak close grouping
nifD	Mixed-IUPAC	site	DELA	61	0.30136273620349724	0.3057195504192984	0.9857489839631594	weak close grouping
nifK	Mixed-IUPAC	site	JERC	188	0.3220861517880134	0.32564046239828814	0.989085169010946	weak close grouping
nifJ	Mixed-IUPAC	site	TALL	53	0.09173595100595067	0.09272694438502359	0.9893127786573223	weak close grouping
nodL	Strict single-dominant	state	Georgia	14	0.06625853071538462	0.06684547033231968	0.9912194556487207	weak close grouping
nifK	Strict single-dominant	state	Georgia	92	0.3417858612792642	0.34448709570215597	0.9921586774756078	weak close grouping
nifH	Mixed-IUPAC	state	P.R	81	0.24730982467277776	0.24902769584435958	0.9931016862772747	weak close grouping
nifH	Mixed-IUPAC	site	LAJA	66	0.25505671339911423	0.25665936360456815	0.9937557306191911	weak close grouping
nifH	Mixed-IUPAC	state	AL	220	0.23372419168824002	0.23492620078438964	0.9948834608820291	weak close grouping
nifH	Mixed-IUPAC	state	Fl	16	0.2481740398625	0.24839769203889614	0.9990996205537968	weak close grouping
nifK	Mixed-IUPAC	site	TALL	37	0.3505616420708708	0.3508530664661749	0.9991693833597085	weak close grouping
nifK	Strict single-dominant	site	JERC	98	0.3414530985783295	0.34153541734548104	0.9997589744343608	weak close grouping
noeB	Strict single-dominant	site	WOOD	21	0.01734090809142857	0.017323858619648223	1.000984161332338	not closer than background
noeA	Mixed-IUPAC	state	Alaska	6	0.0034809475533333334	0.0034755406773368607	1.0015556934872694	not closer than background
nifD	Mixed-IUPAC	state	AL	176	0.3067880580644676	0.30575559014969467	1.0033767752676817	not closer than background
noeA	Strict single-dominant	state	Alaska	6	0.004754909486666667	0.004734446969964349	1.0043220500371286	not closer than background
nifD	Mixed-IUPAC	site	HEAL	17	0.30636958108382356	0.3050161070502947	1.0044373854437323	not closer than background
nolG	Strict single-dominant	site	NOGP	16	0.0088567702225	0.0088121779085473	1.0050603056832803	not closer than background
nifH	Mixed-IUPAC	site	CLBJ	86	0.23857893197638852	0.23723354042045455	1.0056711692349636	not closer than background
nifH	Mixed-IUPAC	state	TX	86	0.23857893197638852	0.23723354042045455	1.0056711692349636	not closer than background
nolF	Strict single-dominant	state	Georgia	8	0.0069883257392857135	0.00694840497525	1.0057453133744954	not closer than background
noeA	Mixed-IUPAC	site	OAES	41	0.0037059539121951216	0.0036790044217611655	1.0073252128414283	not closer than background
noeA	Mixed-IUPAC	state	OK	41	0.0037059539121951216	0.0036790044217611655	1.0073252128414283	not closer than background
noeB	Mixed-IUPAC	site	DCFS	17	0.015069368538235296	0.01491542633168449	1.010321006126643	not closer than background
nifD	Strict single-dominant	site	CLBJ	18	0.26340062875751635	0.2606654796670034	1.0104929471060269	not closer than background
nifD	Strict single-dominant	state	TX	18	0.26340062875751635	0.2606654796670034	1.0104929471060269	not closer than background
nifH	Mixed-IUPAC	state	CA	10	0.2716831514111111	0.2686119230804057	1.0114337006916334	not closer than background
nolF	Strict single-dominant	site	OSBS	6	0.0068119694666666656	0.006729979748184818	1.012182758574268	not closer than background
nolF	Mixed-IUPAC	state	AL	12	0.007502335601515154	0.0074099082636632846	1.0124734793688492	not closer than background
nolF	Mixed-IUPAC	site	OSBS	6	0.00789949068666667	0.007791038319950741	1.0139201428952302	not closer than background
noeA	Strict single-dominant	site	OAES	41	0.005118296275121951	0.005044878655343391	1.0145529010297996	not closer than background
noeA	Strict single-dominant	state	OK	41	0.005118296275121951	0.005044878655343391	1.0145529010297996	not closer than background
nolG	Mixed-IUPAC	site	DCFS	21	0.008834591729523809	0.008700435373969782	1.015419499115573	not closer than background
nifK	Mixed-IUPAC	site	HEAL	8	0.400139179875	0.3934484995436542	1.0170052251796768	not closer than background
nolG	Mixed-IUPAC	site	NOGP	19	0.008336321243274852	0.008190626243233082	1.01778801714486	not closer than background
nifH	Strict single-dominant	state	TN	5	0.25421128043999996	0.24932983283643978	1.0195782732777205	not closer than background
nifD	Strict single-dominant	site	DEJU	13	0.283302083525641	0.27752411660027554	1.0208196930636035	not closer than background
nifK	Mixed-IUPAC	site	DELA	45	0.3949680429135353	0.3863990181557541	1.0221766214590304	not closer than background
nifK	Strict single-dominant	site	DEJU	8	0.35169778322142853	0.3439695447736018	1.0224677985747646	not closer than background
nifH	Mixed-IUPAC	site	YELL	11	0.24135770941454546	0.235692653025826	1.0240357784427787	not closer than background
nifH	Mixed-IUPAC	state	WY	11	0.24135770941454546	0.235692653025826	1.0240357784427787	not closer than background
nifD	Mixed-IUPAC	site	HARV	7	0.31368423183809524	0.30596473686663395	1.0252300152315466	not closer than background
nifD	Mixed-IUPAC	state	MA	7	0.31368423183809524	0.30596473686663395	1.0252300152315466	not closer than background
nifD	Mixed-IUPAC	site	BLAN	12	0.36477883554848484	0.3554786201895201	1.026162516761223	not closer than background
nifD	Mixed-IUPAC	site	CLBJ	92	0.3203514522231247	0.31189115501244435	1.0271258003784776	not closer than background
nifD	Mixed-IUPAC	state	TX	92	0.3203514522231247	0.31189115501244435	1.0271258003784776	not closer than background
nodL	Mixed-IUPAC	state	Georgia	14	0.06171728508901098	0.05992542220376982	1.0299015479465148	not closer than background
nifD	Mixed-IUPAC	closest_blast_genus	Rhizobium	82	0.38122602038280623	0.3700284332774557	1.0302614234429772	not closer than background
nifH	Strict single-dominant	closest_blast_genus	Burkholderia	5	0.28071639302	0.27238351837219893	1.0305924334100665	not closer than background
nifD	Mixed-IUPAC	site	SJER	10	0.4520313845355556	0.4381079158693398	1.0317809109625133	not closer than background
nodL	Mixed-IUPAC	state	FL	7	0.05978209406666667	0.05786847903235105	1.0330683485433552	not closer than background
nifJ	Strict single-dominant	site	TALL	22	0.09835974760216451	0.09520261005428816	1.033162300341094	not closer than background
nifH	Strict single-dominant	site	CLBJ	21	0.259426543712381	0.25077603648376273	1.0344949515508368	not closer than background
nifH	Strict single-dominant	state	TX	21	0.259426543712381	0.25077603648376273	1.0344949515508368	not closer than background
nifJ	Mixed-IUPAC	site	HARV	8	0.09514940280714285	0.09179287514684537	1.0365663201520585	not closer than background
nifJ	Mixed-IUPAC	state	MA	8	0.09514940280714285	0.09179287514684537	1.0365663201520585	not closer than background
nifK	Mixed-IUPAC	site	LAJA	27	0.37248922721823363	0.357935725850327	1.040659538338434	not closer than background
nifK	Strict single-dominant	site	CLBJ	32	0.37277462044012094	0.3580786661793809	1.0410411332725922	not closer than background
nifK	Strict single-dominant	state	TX	32	0.37277462044012094	0.3580786661793809	1.0410411332725922	not closer than background
nifD	Mixed-IUPAC	state	VA	40	0.34923315186871795	0.33541039475725076	1.0412114750393209	not closer than background
nifK	Mixed-IUPAC	state	P.R	31	0.3743875311294624	0.3591764856475373	1.042349780928732	not closer than background
nifK	Strict single-dominant	closest_blast_genus	Rhizobium	48	0.4353161046919326	0.41726140054799854	1.043269528694057	not closer than background
noeA	Mixed-IUPAC	state	ND	66	0.003918026289510489	0.0037460535610054045	1.0459077067918188	not closer than background
nifJ	Mixed-IUPAC	state	AL	65	0.09238676799201924	0.08822272503526031	1.047199210351921	not closer than background
nifD	Mixed-IUPAC	site	DEJU	54	0.3571591562034941	0.34098226204450216	1.047442040128412	not closer than background
nifH	Mixed-IUPAC	closest_blast_genus	Rhizobium	149	0.26434225386767635	0.25202995531498107	1.0488525204764159	not closer than background
nifH	Strict single-dominant	site	LAJA	8	0.26880905556785717	0.25603661968235486	1.0498851918188425	not closer than background
noeB	Mixed-IUPAC	site	NOGP	17	0.01561950884117647	0.014821615497549016	1.0538330888262077	not closer than background
nifD	Mixed-IUPAC	site	ORNL	21	0.3378555846638095	0.3204588512262878	1.0542869493881983	not closer than background
nolG	Mixed-IUPAC	state	CO	19	0.008694914265497075	0.008247086213433582	1.0543013666249823	not closer than background
nifH	Mixed-IUPAC	site	SJER	6	0.28501099518666667	0.2703211227401654	1.0543423033227828	not closer than background
nolF	Mixed-IUPAC	state	ND	68	0.008130309013169449	0.0076835872228827725	1.0581397434984896	not closer than background
noeB	Mixed-IUPAC	state	ND	59	0.014876028743074228	0.014055203769435025	1.0584000763777044	not closer than background
noeB	Strict single-dominant	site	OAES	36	0.017181975294126985	0.016205837967939816	1.0602336841895046	not closer than background
noeB	Strict single-dominant	state	OK	36	0.017181975294126985	0.016205837967939816	1.0602336841895046	not closer than background
nifH	Mixed-IUPAC	site	SCBI	20	0.2698037819436842	0.2539941187496376	1.0622442097158564	not closer than background
nifH	Mixed-IUPAC	site	HARV	6	0.26251728774	0.2467611041913838	1.0638519737551342	not closer than background
nifH	Mixed-IUPAC	state	MA	6	0.26251728774	0.2467611041913838	1.0638519737551342	not closer than background
nifH	Mixed-IUPAC	site	BLAN	10	0.3221830201377777	0.30218372741229055	1.0661825601820072	not closer than background
nifD	Mixed-IUPAC	state	CA	15	0.4218856002838095	0.3956434670792178	1.0663277303637049	not closer than background
nifK	Mixed-IUPAC	state	AL	101	0.37936911274158414	0.3554347199355633	1.0673383647223882	not closer than background
nolG	Strict single-dominant	state	CO	11	0.009575586199999998	0.008952949793636365	1.069545392380754	not closer than background
nifK	Mixed-IUPAC	site	DEJU	20	0.37489902511473683	0.34901997114995154	1.0741477740643866	not closer than background
nifD	Mixed-IUPAC	state	TN	22	0.3528874617121212	0.32753356173592857	1.0774085557578188	not closer than background
nifJ	Mixed-IUPAC	state	VA	9	0.08326784001111111	0.07707639462700419	1.0803286844703774	not closer than background
nifJ	Mixed-IUPAC	site	DSNY	12	0.0780272637969697	0.07216520212145904	1.0812311405384052	not closer than background
nifH	Mixed-IUPAC	state	VA	34	0.28511105908003564	0.26363962605717306	1.0814423588137174	not closer than background
nifD	Mixed-IUPAC	site	SCBI	24	0.3659964932800725	0.3383164766492823	1.081816933378284	not closer than background
nifD	Mixed-IUPAC	site	GUAN	10	0.34889181596	0.32249539868722155	1.0818505236981057	not closer than background
nifH	Mixed-IUPAC	closest_blast_genus	Ensifer	22	0.28976649308961033	0.26768808559962826	1.0824781104490544	not closer than background
nifH	Strict single-dominant	site	DELA	14	0.2808039534054945	0.25817893839856376	1.0876330778462007	not closer than background
nodL	Strict single-dominant	state	FL	7	0.07493318526666667	0.06878281636042378	1.0894172299374134	not closer than background
noeB	Mixed-IUPAC	site	OAES	37	0.016203984058858856	0.01486202945798745	1.0902941690880708	not closer than background
noeB	Mixed-IUPAC	state	OK	37	0.016203984058858856	0.01486202945798745	1.0902941690880708	not closer than background
nifJ	Mixed-IUPAC	state	Florida	11	0.08167298462181817	0.0747713144092646	1.092303716566716	not closer than background
noeA	Strict single-dominant	state	ND	65	0.005684634089903846	0.005197367016334135	1.0937526774688686	not closer than background
nolG	Mixed-IUPAC	site	CLBJ	5	0.00927915004	0.008439404329732142	1.0995029598604988	not closer than background
nolG	Mixed-IUPAC	state	TX	5	0.00927915004	0.008439404329732142	1.0995029598604988	not closer than background
nifJ	Mixed-IUPAC	site	OAES	5	0.07518603356	0.068321390487625	1.100475751786966	not closer than background
nifJ	Mixed-IUPAC	state	OK	5	0.07518603356	0.068321390487625	1.100475751786966	not closer than background
nifK	Mixed-IUPAC	closest_blast_genus	Rhizobium	140	0.46684840427655705	0.4234358414485213	1.1025245351917465	not closer than background
nifH	Strict single-dominant	closest_blast_genus	Rhizobium	34	0.3097155375493761	0.2806888198148642	1.1034124471137012	not closer than background
noeA	Mixed-IUPAC	site	DCFS	20	0.004445446357368421	0.004023116626142857	1.104975761448524	not closer than background
nifK	Strict single-dominant	site	ORNL	10	0.4317136438933333	0.3903999852307865	1.1058239247578967	not closer than background
nifK	Strict single-dominant	state	TN	10	0.4317136438933333	0.3903999852307865	1.1058239247578967	not closer than background
noeA	Mixed-IUPAC	site	NOGP	19	0.004493955409356726	0.00403648796743421	1.1133330374358341	not closer than background
nolF	Strict single-dominant	state	ND	67	0.008464988251379466	0.007510550805080977	1.1270795539593181	not closer than background
nifJ	Strict single-dominant	state	AL	25	0.10444902922266666	0.09232097234	1.1313683833181631	not closer than background
noeB	Strict single-dominant	site	NOGP	15	0.019753425230476192	0.017366634696182347	1.1374354085318858	not closer than background
noeA	Strict single-dominant	site	NOGP	18	0.006283393189542484	0.005521381462095238	1.1380110634772336	not closer than background
nifJ	Strict single-dominant	site	HARV	5	0.09983979874	0.08730473081204544	1.1435783354620355	not closer than background
nifJ	Strict single-dominant	state	MA	5	0.09983979874	0.08730473081204544	1.1435783354620355	not closer than background
nifJ	Mixed-IUPAC	site	MLBS	6	0.10402427353333332	0.09086608370982235	1.144808593991254	not closer than background
noeA	Strict single-dominant	site	DCFS	20	0.006464690597368421	0.005645133862803468	1.1451793269182013	not closer than background
noeB	Strict single-dominant	state	ND	50	0.018650551431673466	0.01622310564014634	1.1496289209582702	not closer than background
nifJ	Mixed-IUPAC	site	ORNL	18	0.11425734357058823	0.09895721254869703	1.15461360145287	not closer than background
nifJ	Mixed-IUPAC	state	TN	18	0.11425734357058823	0.09895721254869703	1.15461360145287	not closer than background
nifD	Strict single-dominant	state	TN	5	0.33177959222	0.2841876605938192	1.167466566024492	not closer than background
nodX	Strict single-dominant	state	AL	19	0.07150148250877192	0.06079202054722488	1.1761655866204948	not closer than background
nodL	Strict single-dominant	site	OAES	48	0.12417322046374114	0.10499999334712302	1.1826021745852182	not closer than background
nodL	Strict single-dominant	state	OK	48	0.12417322046374114	0.10499999334712302	1.1826021745852182	not closer than background
nodX	Mixed-IUPAC	state	AL	19	0.06584581521403508	0.055501709469067406	1.1863745431252477	not closer than background
nifJ	Mixed-IUPAC	site	JERC	15	0.0942901930895238	0.07870975165643009	1.1979480446222561	not closer than background
nifJ	Mixed-IUPAC	state	Georgia	15	0.0942901930895238	0.07870975165643009	1.1979480446222561	not closer than background
nolG	Strict single-dominant	site	CLBJ	5	0.011803517239999997	0.009844159781530611	1.199037551396259	not closer than background
nolG	Strict single-dominant	state	TX	5	0.011803517239999997	0.009844159781530611	1.199037551396259	not closer than background
nolF	Mixed-IUPAC	site	NOGP	18	0.01122677069738562	0.009336764574432811	1.20242623747077	not closer than background
nifD	Strict single-dominant	site	SCBI	9	0.38622531219444445	0.3192974623660439	1.20960971419082	not closer than background
nifD	Strict single-dominant	state	VA	9	0.38622531219444445	0.3192974623660439	1.20960971419082	not closer than background
nodX	Strict single-dominant	site	DSNY	8	0.06593051815357143	0.053902138308987595	1.2231521832331136	not closer than background
nodX	Strict single-dominant	state	Florida	8	0.06593051815357143	0.053902138308987595	1.2231521832331136	not closer than background
nodL	Mixed-IUPAC	site	OAES	57	0.09962177075827067	0.08129989088815537	1.2253616784716328	not closer than background
nodL	Mixed-IUPAC	state	OK	57	0.09962177075827067	0.08129989088815537	1.2253616784716328	not closer than background
nifJ	Strict single-dominant	site	DSNY	7	0.0877127623047619	0.07002596927044334	1.252574769311816	not closer than background
nodX	Strict single-dominant	state	ND	6	0.07827583216666668	0.06197752911151762	1.262971165336765	not closer than background
nodX	Mixed-IUPAC	site	DSNY	9	0.06051271315555555	0.0472543173920251	1.2805753314250183	not closer than background
nodX	Mixed-IUPAC	state	Florida	9	0.06051271315555555	0.0472543173920251	1.2805753314250183	not closer than background
nifJ	Strict single-dominant	state	Florida	6	0.09676654407999999	0.07530316265466666	1.2850262946293824	not closer than background
nifJ	Strict single-dominant	site	JERC	5	0.10489029713999999	0.08072992213602273	1.2992741026464658	not closer than background
nifJ	Strict single-dominant	state	Georgia	5	0.10489029713999999	0.08072992213602273	1.2992741026464658	not closer than background
nodX	Mixed-IUPAC	state	ND	6	0.07281493810666666	0.0558172430207349	1.3045240890815313	not closer than background
nodX	Strict single-dominant	site	TALL	8	0.08734416019285712	0.06641131168471073	1.315200046153667	not closer than background
nodX	Mixed-IUPAC	site	TALL	8	0.08032547786785714	0.0605790830369	1.3259606095214282	not closer than background
nodL	Strict single-dominant	site	CLBJ	7	0.14403226915238096	0.10711053707785374	1.344706814864447	not closer than background
nodL	Strict single-dominant	state	TX	7	0.14403226915238096	0.10711053707785374	1.344706814864447	not closer than background
nodL	Mixed-IUPAC	site	CLBJ	8	0.14854308947857142	0.10962507216813064	1.3550101864539956	not closer than background
nodL	Mixed-IUPAC	state	TX	8	0.14854308947857142	0.10962507216813064	1.3550101864539956	not closer than background
nolF	Strict single-dominant	site	NOGP	17	0.014972513085294119	0.010904214335571295	1.3730941656613793	not closer than background
