gene	tree_set_label	label_type	group	n_tips	mean_within_tree_distance	mean_between_group_distance	within_between_ratio	interpretation	cell_label
noeA	Mixed-IUPAC	closest_blast_genus	Sinorhizobium	194	0.003374242866855404	0.01765014402989691	0.19117367320855294	strong close grouping	n=194
r=0.19
noeA	Strict single-dominant	closest_blast_genus	Sinorhizobium	192	0.004662538032106239	0.023224101319270832	0.20076290436424207	strong close grouping	n=192
r=0.2
nodL	Strict single-dominant	closest_blast_genus	Sinorhizobium	196	0.04014890035562001	0.19646057044928572	0.20436111054652584	strong close grouping	n=196
r=0.2
nodL	Mixed-IUPAC	closest_blast_genus	Sinorhizobium	211	0.038768629040243655	0.16500998370922923	0.23494717209692853	strong close grouping	n=211
r=0.23
nifD	Strict single-dominant	closest_blast_genus	Bradyrhizobium	6	0.06024921482666666	0.20729002232524366	0.29065178415647047	strong close grouping	n=6
r=0.29
nifD	Strict single-dominant	closest_blast_genus	Azorhizobium	16	0.0678799248575	0.22316070227492474	0.30417508174837493	strong close grouping	n=16
r=0.3
nifD	Mixed-IUPAC	closest_blast_genus	Azorhizobium	37	0.1038925963900901	0.25335072879453774	0.4100741958960176	strong close grouping	n=37
r=0.41
nifK	Strict single-dominant	closest_blast_genus	Sinorhizobium	180	0.2170140388452946	0.41256562568708083	0.5260109551877536	moderate close grouping	n=180
r=0.53
nodL	Strict single-dominant	closest_blast_genus	Rhizobium	20	0.10946019157052632	0.19646057044928572	0.5571611205251099	moderate close grouping	n=20
r=0.56
nifK	Strict single-dominant	closest_blast_genus	Microvirga	62	0.17878544817451084	0.31011656681840255	0.576510471558276	moderate close grouping	n=62
r=0.58
nifK	Strict single-dominant	closest_blast_genus	Mesorhizobium	165	0.22798800693416116	0.38490663916160966	0.5923202764981055	moderate close grouping	n=165
r=0.59
nifD	Mixed-IUPAC	closest_blast_genus	Methylobacterium	17	0.1718586506632353	0.2821939763485915	0.6090089267211712	moderate close grouping	n=17
r=0.61
nifK	Mixed-IUPAC	closest_blast_genus	Microvirga	176	0.19659219530001296	0.3146181321251238	0.62485971158785	moderate close grouping	n=176
r=0.62
nifK	Mixed-IUPAC	closest_blast_genus	Sinorhizobium	354	0.2348154915822235	0.3721545279071427	0.6309623394957402	moderate close grouping	n=354
r=0.63
nodL	Mixed-IUPAC	closest_blast_genus	Rhizobium	19	0.10853322535672515	0.1650099837092292	0.657737325445568	moderate close grouping	n=19
r=0.66
nifK	Mixed-IUPAC	closest_blast_genus	Mesorhizobium	382	0.22726541222029922	0.34483595679037315	0.6590536971133047	moderate close grouping	n=382
r=0.66
nifH	Mixed-IUPAC	closest_blast_genus	Bradyrhizobium	253	0.1514306609880794	0.2200765520876733	0.6880817586044015	moderate close grouping	n=253
r=0.69
nifH	Mixed-IUPAC	closest_blast_genus	Neorhizobium	25	0.19235431579666665	0.2795512209846452	0.6880825457286485	moderate close grouping	n=25
r=0.69
nifH	Strict single-dominant	closest_blast_genus	Neorhizobium	17	0.18043446847352942	0.24896748189284582	0.7247310656866722	moderate close grouping	n=17
r=0.72
nifD	Mixed-IUPAC	closest_blast_genus	Bradyrhizobium	23	0.21529507587747035	0.29586797339672954	0.7276727974500338	moderate close grouping	n=23
r=0.73
nifH	Strict single-dominant	closest_blast_genus	Ensifer	5	0.18200478334	0.24874686265544504	0.7316867493203575	moderate close grouping	n=5
r=0.73
nifH	Strict single-dominant	closest_blast_genus	Bradyrhizobium	43	0.18049289076057587	0.24509912154241487	0.7364077424053159	moderate close grouping	n=43
r=0.74
nifD	Mixed-IUPAC	closest_blast_genus	Burkholderia	6	0.22551835334	0.3048475187612939	0.7397742788144149	moderate close grouping	n=6
r=0.74
nifD	Mixed-IUPAC	closest_blast_genus	Sinorhizobium	247	0.2496032168040486	0.32847595849933503	0.7598827565474747	weak close grouping	n=247
r=0.76
nifD	Strict single-dominant	closest_blast_genus	Sinorhizobium	88	0.22798126857228318	0.2931348073269143	0.7777352360548244	weak close grouping	n=88
r=0.78
nifD	Strict single-dominant	closest_blast_genus	Mesorhizobium	104	0.19399036467141523	0.24771759082034991	0.78311097741985225	weak close grouping	n=104
r=0.78
nifH	Strict single-dominant	closest_blast_genus	Sinorhizobium	42	0.22172520797049938	0.28215671495436867	0.7858228998957459	weak close grouping	n=42
r=0.79
nifD	Strict single-dominant	closest_blast_genus	Microvirga	107	0.19258783442997712	0.24468082477452974	0.7870981904995799	weak close grouping	n=107
r=0.79
nifH	Strict single-dominant	closest_blast_genus	Mesorhizobium	187	0.18924528780686564	0.23894130489195992	0.7920157960652098	weak close grouping	n=187
r=0.79
nifD	Strict single-dominant	closest_blast_genus	Rhizobium	19	0.2424211866269006	0.2963508565593665	0.8180208737758029	weak close grouping	n=19
r=0.82
nifD	Mixed-IUPAC	closest_blast_genus	Mesorhizobium	455	0.2733635129880698	0.3096239030144803	0.8828889188677572	weak close grouping	n=455
r=0.88
nifH	Mixed-IUPAC	closest_blast_genus	Microvirga	291	0.19473783066400757	0.2194242277110178	0.8874946613483253	weak close grouping	n=291
r=0.89
nifD	Mixed-IUPAC	closest_blast_genus	Microvirga	564	0.27061497414056984	0.30054127262310465	0.9004253285369426	weak close grouping	n=564
r=0.9
nifD	Mixed-IUPAC	closest_blast_genus	Ensifer	31	0.2694629288086021	0.297276339314157	0.9064392054553588	weak close grouping	n=31
r=0.91
nifH	Strict single-dominant	closest_blast_genus	Microvirga	54	0.20684274648392736	0.22792327918059727	0.9075104009890691	weak close grouping	n=54
r=0.91
nifH	Mixed-IUPAC	closest_blast_genus	Mesorhizobium	638	0.21531128923920143	0.2349703278720191	0.9163339524149392	weak close grouping	n=638
r=0.92
nifH	Mixed-IUPAC	closest_blast_genus	Sinorhizobium	129	0.2627025013424177	0.2779136405074334	0.9452666693968594	weak close grouping	n=129
r=0.95
nifH	Mixed-IUPAC	closest_blast_genus	Burkholderia	28	0.28002147319603177	0.286472173560965	0.9774822793964649	weak close grouping	n=28
r=0.98
