gene	tree_set	tree_set_label	label_type	label_value	ntaxa	mpd	mpd_random	nri	p_mpd_cluster	fdr_mpd	mntd	mntd_random	nti	p_mntd_cluster	fdr_mntd	interpretation
nifD	iupac	Mixed-IUPAC	closest_blast_genus	Azorhizobium	37	0.1039	0.3069	9.4996	0.001	0.0020714285714285717	0.0321	0.0938	5.5128	0.001	0.002230769230769231	significant clustering by MPD
nifD	iupac	Mixed-IUPAC	closest_blast_genus	Bradyrhizobium	23	0.2153	0.3045	3.4028	0.001	0.0020714285714285717	0.0771	0.108	1.9548	0.02	0.03866666666666667	significant clustering by MPD
nifD	iupac	Mixed-IUPAC	closest_blast_genus	Mesorhizobium	455	0.2734	0.2997	5.1201	0.001	0.0020714285714285717	0.0332	0.042	6.4649	0.001	0.002230769230769231	significant clustering by MPD
nifD	iupac	Mixed-IUPAC	closest_blast_genus	Methylobacterium	17	0.1719	0.2935	3.7812	0.001	0.0020714285714285717	0.0514	0.1196	3.4921	0.001	0.002230769230769231	significant clustering by MPD
nifD	iupac	Mixed-IUPAC	closest_blast_genus	Microvirga	564	0.2706	0.297	5.7572	0.001	0.0020714285714285717	0.0386	0.04	1.3334	0.088	0.14177777777777778	significant clustering by MPD
nifD	iupac	Mixed-IUPAC	closest_blast_genus	Sinorhizobium	247	0.2496	0.3034	6.6185	0.001	0.0020714285714285717	0.0402	0.0526	5.3659	0.001	0.002230769230769231	significant clustering by MPD
nifD	iupac	Mixed-IUPAC	closest_blast_genus	Rhizobium	82	0.3812	0.3036	-5.3902	1	1	0.039	0.0752	6.3863	0.001	0.002230769230769231	significant clustering by MNTD
nifD	iupac	Mixed-IUPAC	host_genus	Astragalus	122	0.1922	0.3035	9.5725	0.001	0.006366666666666666	0.0326	0.064	7.3744	0.001	0.004897435897435898	significant clustering by MPD
nifD	iupac	Mixed-IUPAC	host_genus	Clitoria	14	0.1637	0.295	3.6892	0.001	0.006366666666666666	0.087	0.1256	1.6065	0.041	0.09912658227848102	significant clustering by MPD
nifD	iupac	Mixed-IUPAC	host_genus	Crotalaria	62	0.2255	0.2949	4.2206	0.001	0.006366666666666666	0.0666	0.0786	1.6502	0.048	0.10660465116279069	significant clustering by MPD
nifD	iupac	Mixed-IUPAC	host_genus	Indigofera	14	0.1652	0.2962	3.4368	0.001	0.006366666666666666	0.0896	0.1272	1.6081	0.047	0.10561176470588235	significant clustering by MPD
nifD	iupac	Mixed-IUPAC	host_genus	Lotus	24	0.0457	0.2972	8.693	0.001	0.006366666666666666	0.0106	0.10780000000000001	6.4189	0.001	0.004897435897435898	significant clustering by MPD
nifD	iupac	Mixed-IUPAC	host_genus	Medicago	57	0.1741	0.3021	7.286	0.001	0.006366666666666666	0.0359	0.0836	5.9299	0.001	0.004897435897435898	significant clustering by MPD
nifD	iupac	Mixed-IUPAC	host_genus	Melilotus	34	0.1544	0.303	6.2139	0.001	0.006366666666666666	0.0441	0.0979	4.7007	0.001	0.004897435897435898	significant clustering by MPD
nifD	iupac	Mixed-IUPAC	host_genus	Vicia	22	0.2038	0.3015	3.5087	0.001	0.006366666666666666	0.0485	0.1106	3.9496000000000002	0.001	0.004897435897435898	significant clustering by MPD
nifD	iupac	Mixed-IUPAC	host_genus	Galactia	47	0.2293	0.2939	3.1861	0.002	0.010914285714285715	0.0706	0.0862	1.6678	0.047	0.10561176470588235	significant clustering by MPD
nifD	iupac	Mixed-IUPAC	host_genus	Oxytropis	23	0.2127	0.3038	3.1581	0.002	0.010914285714285715	0.0466	0.1103	3.9396	0.001	0.004897435897435898	significant clustering by MPD
nifD	iupac	Mixed-IUPAC	host_genus	Desmodium	180	0.2654	0.2944	3.0996	0.003	0.014692307692307694	0.0516	0.0575	1.8491	0.036	0.08929870129870128	significant clustering by MPD
nifD	iupac	Mixed-IUPAC	host_genus	Macroptilium	13	0.2051	0.3027	2.5804	0.005	0.02076086956521739	0.0662	0.1335	2.7387	0.002	0.008304347826086958	significant clustering by MPD
nifD	iupac	Mixed-IUPAC	host_genus	Amorpha	34	0.2542	0.3037	2.1867	0.009	0.033705882352941176	0.0481	0.0963	4.2286	0.001	0.004897435897435898	significant clustering by MPD
nifD	iupac	Mixed-IUPAC	host_genus	Mimosa	15	0.2224	0.3024	2.1855	0.01	0.036037735849056604	0.0796	0.1264	2.1711	0.005	0.018365384615384613	significant clustering by MPD
nifD	iupac	Mixed-IUPAC	host_genus	Dalea	44	0.2518	0.2952	2.2353	0.018	0.056360655737704914	0.0443	0.0882	4.4108	0.001	0.004897435897435898	significant clustering by MNTD
nifD	iupac	Mixed-IUPAC	host_genus	Morella	29	0.2544	0.3045	2.0275	0.018	0.056360655737704914	0.0719	0.1027	2.3065	0.014	0.04312903225806452	significant clustering by MNTD
nifD	iupac	Mixed-IUPAC	host_genus	Strophostyles	11	0.2217	0.3016	1.87	0.024	0.0684179104477612	0.077	0.1396	2.3519	0.005	0.018365384615384613	significant clustering by MNTD
nifD	iupac	Mixed-IUPAC	host_genus	Aeschynomene	7	0.2247	0.3072	1.5359	0.057	0.13608750000000003	0.0876	0.1666	1.9863	0.016	0.04701538461538462	significant clustering by MNTD
nifD	iupac	Mixed-IUPAC	host_genus	Robinia	8	0.2388	0.3043	1.2717	0.096	0.191	0.0564	0.1575	2.8418	0.001	0.004897435897435898	significant clustering by MNTD
nifD	iupac	Mixed-IUPAC	host_genus	Dryas	43	0.2771	0.2927	0.7192	0.247	0.3866967213114754	0.0665	0.0894	2.2389	0.015	0.045476190476190476	significant clustering by MNTD
nifD	iupac	Mixed-IUPAC	host_genus	Sesbania	30	0.2864	0.3042	0.7072	0.246	0.3866967213114754	0.0345	0.1016	5.2008	0.001	0.004897435897435898	significant clustering by MNTD
nifD	iupac	Mixed-IUPAC	host_genus	Lupinus	65	0.3094	0.3	-0.5703	0.712	0.8607088607594936	0.0573	0.08	3.1847	0.002	0.008304347826086958	significant clustering by MNTD
nifD	iupac	Mixed-IUPAC	host_tribe	Crotalarieae	62	0.2255	0.2964	4.6064	0.001	0.006055555555555555	0.0666	0.0789	1.7415	0.041	0.089380000000000015	significant clustering by MPD
nifD	iupac	Mixed-IUPAC	host_tribe	Galegeae	145	0.203	0.2967	8.4448	0.001	0.006055555555555555	0.0314	0.0619	8.2446	0.001	0.00545	significant clustering by MPD
nifD	iupac	Mixed-IUPAC	host_tribe	Indigofereae	14	0.1652	0.299	3.3948	0.001	0.006055555555555555	0.0896	0.1294	1.6449	0.047	0.10045098039215686	significant clustering by MPD
nifD	iupac	Mixed-IUPAC	host_tribe	Loteae	30	0.1178	0.3007	7.4368	0.001	0.006055555555555555	0.0313	0.1017	5.5407	0.001	0.00545	significant clustering by MPD
nifD	iupac	Mixed-IUPAC	host_tribe	Trifolieae	107	0.2198	0.303	6.8108	0.001	0.006055555555555555	0.0351	0.0684	7.2566	0.001	0.00545	significant clustering by MPD
nifD	iupac	Mixed-IUPAC	host_tribe	Diocleae	47	0.2293	0.2938	3.1825	0.002	0.009083333333333334	0.0706	0.0872	1.8256	0.031	0.07345652173913043	significant clustering by MPD
nifD	iupac	Mixed-IUPAC	host_tribe	Fabeae	22	0.2038	0.2953	2.9982	0.002	0.009083333333333334	0.0485	0.1101	3.713	0.001	0.00545	significant clustering by MPD
nifD	iupac	Mixed-IUPAC	host_tribe	Amorpheae	78	0.264	0.3031	2.6984	0.004	0.014064516129032258	0.041	0.0738	5.3462	0.001	0.00545	significant clustering by MPD
nifD	iupac	Mixed-IUPAC	host_tribe	Psoraleeae	11	0.2081	0.3026	2.212	0.018	0.05163157894736842	0.081	0.1418	2.1652	0.012	0.035351351351351354	significant clustering by MNTD
nifD	iupac	Mixed-IUPAC	host_tribe	Mimosoideae	52	0.277	0.303	1.3734	0.081	0.17658000000000001	0.0635	0.0861	2.635	0.002	0.008384615384615384	significant clustering by MNTD
nifD	iupac	Mixed-IUPAC	host_tribe	Sesbanieae	30	0.2864	0.3031	0.6805	0.255	0.42113636363636364	0.0345	0.1007	5.2439	0.001	0.00545	significant clustering by MNTD
nifD	iupac	Mixed-IUPAC	host_tribe	Robinieae	10	0.3102	0.3036	-0.1434	0.552	0.7129882352941178	0.0844	0.1468	2.1619	0.013	0.037289473684210525	significant clustering by MNTD
nifD	iupac	Mixed-IUPAC	host_tribe	Genisteae	65	0.3094	0.2989	-0.6316	0.733	0.823680412371134	0.0573	0.0796	3.1463	0.003	0.011678571428571429	significant clustering by MNTD
nifD	iupac	Mixed-IUPAC	native_status	yes	1180	0.2945	0.2984	2.3468	0.008	0.03066666666666667	0.0306	0.0314	2.1718	0.019	0.08739999999999999	significant clustering by MPD
nifD	iupac	Mixed-IUPAC	native_status	no	258	0.3055	0.3045	-0.1456	0.557	0.7792941176470588	0.0431	0.0503	3.2034	0.003	0.01725	significant clustering by MNTD
nifD	iupac	Mixed-IUPAC	sample_type	rhizosphere	471	0.2477	0.2954	9.1783	0.001	0.006	0.0405	0.0422	1.3683	0.092	0.276	significant clustering by MPD
nifD	iupac	Mixed-IUPAC	sample_type	root	453	0.272	0.3023	5.7403	0.001	0.006	0.0398	0.043	2.4588	0.007	0.035	significant clustering by MPD
nifD	iupac	Mixed-IUPAC	sample_type	nodule	529	0.3604	0.3004	-13.3813	1	1	0.037	0.0398	2.5397	0.005	0.035	significant clustering by MNTD
nifD	iupac	Mixed-IUPAC	site	CPER	15	0.1394	0.3055	4.8529	0.001	0.0046315789473684215	0.0364	0.1261	3.9934	0.001	0.004292682926829269	significant clustering by MPD
nifD	iupac	Mixed-IUPAC	site	DCFS	23	0.1917	0.3048	4.1504	0.001	0.0046315789473684215	0.0522	0.1087	3.6192	0.001	0.004292682926829269	significant clustering by MPD
nifD	iupac	Mixed-IUPAC	site	DSNY	138	0.2504	0.2979	4.5163	0.001	0.0046315789473684215	0.0524	0.0617	2.4285	0.01	0.02838709677419355	significant clustering by MPD
nifD	iupac	Mixed-IUPAC	site	JERC	279	0.2615	0.2944	4.6504	0.001	0.0046315789473684215	0.0446	0.0498	2.6019	0.002	0.00748936170212766	significant clustering by MPD
nifD	iupac	Mixed-IUPAC	site	JORN	12	0.0955	0.2931	4.7185	0.001	0.0046315789473684215	0.0354	0.1347	4.0022	0.002	0.00748936170212766	significant clustering by MPD
nifD	iupac	Mixed-IUPAC	site	NOGP	21	0.1519	0.2939	4.634	0.001	0.0046315789473684215	0.0438	0.1104	4.0311	0.001	0.004292682926829269	significant clustering by MPD
nifD	iupac	Mixed-IUPAC	site	OAES	112	0.2146	0.2971	6.632	0.001	0.0046315789473684215	0.0322	0.0672	7.8104	0.001	0.004292682926829269	significant clustering by MPD
nifD	iupac	Mixed-IUPAC	site	SRER	54	0.0595	0.3025	13.2832	0.001	0.0046315789473684215	0.0089	0.0845	9.0918	0.001	0.004292682926829269	significant clustering by MPD
nifD	iupac	Mixed-IUPAC	site	TOOL	66	0.2269	0.3027	4.7159	0.001	0.0046315789473684215	0.0449	0.0793	5.157	0.001	0.004292682926829269	significant clustering by MPD
nifD	iupac	Mixed-IUPAC	site	WOOD	33	0.2158	0.3024	3.6709	0.001	0.0046315789473684215	0.051	0.0982	3.9793	0.001	0.004292682926829269	significant clustering by MPD
nifD	iupac	Mixed-IUPAC	site	KONA	9	0.1592	0.2916	2.8466	0.004	0.01497872340425532	0.0602	0.1461	2.7668	0.001	0.004292682926829269	significant clustering by MPD
nifD	iupac	Mixed-IUPAC	site	OSBS	112	0.262	0.3012	3.1308	0.004	0.01497872340425532	0.0615	0.0678	1.387	0.08	0.16183908045977013	significant clustering by MPD
nifD	iupac	Mixed-IUPAC	site	KONZ	38	0.2553	0.2947	1.7163	0.041	0.10770149253731344	0.0579	0.0929	3.3023	0.001	0.004292682926829269	significant clustering by MNTD
nifD	iupac	Mixed-IUPAC	site	LAJA	52	0.2843	0.2946	0.5312	0.296	0.5009230769230769	0.0529	0.0837	3.6392	0.002	0.00748936170212766	significant clustering by MNTD
nifD	iupac	Mixed-IUPAC	site	TALL	87	0.2969	0.3029	0.427	0.324	0.5264000000000001	0.0527	0.0732	3.6352	0.001	0.004292682926829269	significant clustering by MNTD
nifD	iupac	Mixed-IUPAC	site	DELA	61	0.3014	0.303	0.0996	0.472	0.710017094017094	0.0502	0.0795	3.9496000000000002	0.001	0.004292682926829269	significant clustering by MNTD
nifD	iupac	Mixed-IUPAC	site	LENO	28	0.3017	0.2943	-0.2808	0.616	0.8592125984251968	0.0567	0.1015	3.2329	0.001	0.004292682926829269	significant clustering by MNTD
nifD	iupac	Mixed-IUPAC	site	BLAN	12	0.3648	0.3063	-1.5206	0.936	1	0.0789	0.1357	2.1777	0.014	0.0385	significant clustering by MNTD
nifD	iupac	Mixed-IUPAC	site	CLBJ	92	0.3204	0.3057	-1.1131	0.857	1	0.0565	0.0701	2.6904	0.004	0.01353846153846154	significant clustering by MNTD
nifD	iupac	Mixed-IUPAC	state	Arizona	54	0.0595	0.2969	13.5906	0.001	0.005	0.0089	0.0817	8.6436	0.001	0.0044444444444444444	significant clustering by MPD
nifD	iupac	Mixed-IUPAC	state	Florida	134	0.2508	0.294	4.013	0.001	0.005	0.052	0.063	2.8491	0.001	0.0044444444444444444	significant clustering by MPD
nifD	iupac	Mixed-IUPAC	state	Georgia	271	0.2606	0.2939	4.3435	0.001	0.005	0.0443	0.0501	2.7036	0.005	0.016666666666666666	significant clustering by MPD
nifD	iupac	Mixed-IUPAC	state	ND	77	0.1961	0.3004	6.9178	0.001	0.005	0.0322	0.076	7.1871	0.001	0.0044444444444444444	significant clustering by MPD
nifD	iupac	Mixed-IUPAC	state	New Mexico	12	0.0955	0.2997	5.2672	0.001	0.005	0.0354	0.1355	4.0767	0.001	0.0044444444444444444	significant clustering by MPD
nifD	iupac	Mixed-IUPAC	state	OK	112	0.2146	0.3025	7.3146	0.001	0.005	0.0322	0.0678	8.0058	0.001	0.0044444444444444444	significant clustering by MPD
nifD	iupac	Mixed-IUPAC	state	Fl / FL	112	0.262	0.2948	2.6962	0.004	0.015	0.0615	0.066	0.9794	0.173	0.3145454545454545	significant clustering by MPD
nifD	iupac	Mixed-IUPAC	state	KS	53	0.259	0.2984	2.0751	0.014	0.04540540540540541	0.0483	0.0849	4.3208	0.001	0.0044444444444444444	significant clustering by MPD
nifD	iupac	Mixed-IUPAC	state	CO	31	0.2675	0.2955	1.1974	0.114	0.26307692307692304	0.0668	0.0974	2.3772	0.005	0.016666666666666666	significant clustering by MNTD
nifD	iupac	Mixed-IUPAC	state	P.R	62	0.3028	0.3033	0.0305	0.494	0.7904	0.0563	0.0811	3.3889	0.001	0.0044444444444444444	significant clustering by MNTD
nifD	iupac	Mixed-IUPAC	state	AL	176	0.3068	0.3043	-0.2798	0.599	0.872093023255814	0.0411	0.0567	5.0872	0.001	0.0044444444444444444	significant clustering by MNTD
nifD	iupac	Mixed-IUPAC	state	Alaska	128	0.3046	0.3009	-0.3377	0.644	0.8844943820224719	0.0511	0.0627	2.8936	0.003	0.010909090909090908	significant clustering by MNTD
nifD	iupac	Mixed-IUPAC	state	TX	92	0.3204	0.3035	-1.2583	0.894	1	0.0565	0.0715	2.8124	0.002	0.008	significant clustering by MNTD
nifH	iupac	Mixed-IUPAC	closest_blast_genus	Bradyrhizobium	253	0.1514	0.2303	13.7446	0.001	0.0020714285714285717	0.0221	0.0387	8.8474	0.001	0.002230769230769231	significant clustering by MPD
nifH	iupac	Mixed-IUPAC	closest_blast_genus	Mesorhizobium	638	0.2153	0.2285	4.3882	0.001	0.0020714285714285717	0.0229	0.0279	6.9782	0.001	0.002230769230769231	significant clustering by MPD
nifH	iupac	Mixed-IUPAC	closest_blast_genus	Microvirga	291	0.1947	0.2319	7.2879	0.001	0.0020714285714285717	0.037	0.0371	0.0323	0.492	0.6794285714285714	significant clustering by MPD
nifH	iupac	Mixed-IUPAC	closest_blast_genus	Neorhizobium	25	0.1924	0.2343	2.2384	0.013	0.0235625	0.0408	0.0871	3.8326	0.001	0.002230769230769231	significant clustering by MPD
nifH	iupac	Mixed-IUPAC	closest_blast_genus	Burkholderia	28	0.28	0.2292	-2.793	0.999	1	0.0579	0.0824	2.1394	0.013	0.02692857142857143	significant clustering by MNTD
nifH	iupac	Mixed-IUPAC	closest_blast_genus	Rhizobium	149	0.2643	0.2351	-3.8231	1	1	0.0315	0.0473	5.3445	0.001	0.002230769230769231	significant clustering by MNTD
nifH	iupac	Mixed-IUPAC	closest_blast_genus	Sinorhizobium	129	0.2627	0.2323	-3.5141	1	1	0.0313	0.0499	5.5543	0.001	0.002230769230769231	significant clustering by MNTD
nifH	iupac	Mixed-IUPAC	host_genus	Amorpha	35	0.1622	0.2294	4.2738	0.001	0.006366666666666666	0.0331	0.0767	4.818	0.001	0.004897435897435898	significant clustering by MPD
nifH	iupac	Mixed-IUPAC	host_genus	Astragalus	105	0.1598	0.2295	7.6222	0.001	0.006366666666666666	0.0268	0.0525	6.4589	0.001	0.004897435897435898	significant clustering by MPD
nifH	iupac	Mixed-IUPAC	host_genus	Dalea	43	0.1701	0.2285	3.9647	0.001	0.006366666666666666	0.0329	0.0725	5.0698	0.001	0.004897435897435898	significant clustering by MPD
nifH	iupac	Mixed-IUPAC	host_genus	Desmodium	216	0.2038	0.2273	3.6513	0.001	0.006366666666666666	0.0343	0.0413	3.3633	0.001	0.004897435897435898	significant clustering by MPD
nifH	iupac	Mixed-IUPAC	host_genus	Galactia	56	0.1845	0.2297	3.3412	0.001	0.006366666666666666	0.0458	0.0658	2.99	0.002	0.008304347826086958	significant clustering by MPD
nifH	iupac	Mixed-IUPAC	host_genus	Indigofera	17	0.1472	0.2292	3.2262	0.001	0.006366666666666666	0.059	0.0959	2.2194	0.008	0.02680701754385965	significant clustering by MPD
nifH	iupac	Mixed-IUPAC	host_genus	Lotus	23	0.0316	0.2324	10.2009	0.001	0.006366666666666666	0.0101	0.0886	6.1753	0.001	0.004897435897435898	significant clustering by MPD
nifH	iupac	Mixed-IUPAC	host_genus	Rhynchosia	40	0.184	0.234	3.2381	0.001	0.006366666666666666	0.0488	0.0732	2.9299	0.002	0.008304347826086958	significant clustering by MPD
nifH	iupac	Mixed-IUPAC	host_genus	Oxytropis	24	0.1701	0.2353	3.2772	0.002	0.010914285714285715	0.0389	0.0879	3.8168	0.001	0.004897435897435898	significant clustering by MPD
nifH	iupac	Mixed-IUPAC	host_genus	Vicia	21	0.1605	0.2326	3.4543	0.002	0.010914285714285715	0.0574	0.0918	2.5172	0.008	0.02680701754385965	significant clustering by MPD
nifH	iupac	Mixed-IUPAC	host_genus	Glycine	11	0.1378	0.2282	2.9227	0.003	0.014692307692307694	0.0317	0.1118	3.4844	0.001	0.004897435897435898	significant clustering by MPD
nifH	iupac	Mixed-IUPAC	host_genus	Pediomelum	13	0.1632	0.2365	2.5929	0.003	0.014692307692307694	0.0625	0.1084	2.2294	0.011	0.03561016949152542	significant clustering by MPD
nifH	iupac	Mixed-IUPAC	host_genus	Aeschynomene	7	0.1284	0.2317	2.7438	0.005	0.02076086956521739	0.054	0.1313	2.4124	0.007	0.024759259259259262	significant clustering by MPD
nifH	iupac	Mixed-IUPAC	host_genus	Stylosanthes	24	0.1721	0.232	2.9152	0.005	0.02076086956521739	0.0579	0.0873	2.3474	0.006	0.021622641509433962	significant clustering by MPD
nifH	iupac	Mixed-IUPAC	host_genus	Melilotus	31	0.192	0.2356	2.4767	0.006	0.023387755102040816	0.0382	0.0809	4.2749	0.001	0.004897435897435898	significant clustering by MPD
nifH	iupac	Mixed-IUPAC	host_genus	Ceanothus	22	0.1771	0.2282	2.4461	0.008	0.03056	0.0641	0.0889	1.8587	0.026	0.06802739726027396	significant clustering by MPD
nifH	iupac	Mixed-IUPAC	host_genus	Amphicarpaea	18	0.177	0.229	2.2476	0.012	0.040928571428571425	0.047	0.0941	3.012	0.001	0.004897435897435898	significant clustering by MPD
nifH	iupac	Mixed-IUPAC	host_genus	Crotalaria	66	0.2016	0.2282	2.2285	0.012	0.040928571428571425	0.0525	0.0623	1.6884	0.046	0.10561176470588235	significant clustering by MPD
nifH	iupac	Mixed-IUPAC	host_genus	Robinia	8	0.1536	0.233	2.2506	0.013	0.04356140350877193	0.0499	0.1261	2.628	0.002	0.008304347826086958	significant clustering by MPD
nifH	iupac	Mixed-IUPAC	host_genus	Clitoria	19	0.1771	0.2285	2.1878	0.017	0.05503389830508475	0.0553	0.0933	2.4141	0.009	0.029637931034482756	significant clustering by MNTD
nifH	iupac	Mixed-IUPAC	host_genus	Medicago	54	0.2066	0.2335	2.0404	0.019	0.058532258064516125	0.0302	0.0667	5.5554	0.001	0.004897435897435898	significant clustering by MNTD
nifH	iupac	Mixed-IUPAC	host_genus	Lespedeza	131	0.2166	0.2299	1.6139	0.052	0.12733333333333333	0.0421	0.049	2.0925	0.016	0.04701538461538462	significant clustering by MNTD
nifH	iupac	Mixed-IUPAC	host_genus	Dryas	48	0.206	0.2275	1.5382	0.061	0.1370705882352941	0.0398	0.0684	3.8691	0.001	0.004897435897435898	significant clustering by MNTD
nifH	iupac	Mixed-IUPAC	host_genus	Strophostyles	12	0.1949	0.2328	1.3145	0.089	0.18084042553191487	0.0295	0.1112	3.8346	0.001	0.004897435897435898	significant clustering by MNTD
nifH	iupac	Mixed-IUPAC	host_genus	Lupinus	64	0.2197	0.2326	1.1164	0.142	0.2607884615384615	0.0373	0.063	4.5751	0.001	0.004897435897435898	significant clustering by MNTD
nifH	iupac	Mixed-IUPAC	host_genus	Mimosa	18	0.212	0.2339	0.9517	0.165	0.2891284403669725	0.0494	0.0962	3.0318	0.001	0.004897435897435898	significant clustering by MNTD
nifH	iupac	Mixed-IUPAC	host_genus	Sesbania	30	0.2231	0.2332	0.567	0.28	0.4312903225806452	0.0419	0.081	3.849	0.001	0.004897435897435898	significant clustering by MNTD
nifH	iupac	Mixed-IUPAC	host_tribe	Amorpheae	78	0.1692	0.2289	5.4454	0.001	0.006055555555555555	0.0304	0.0585	5.5956	0.001	0.00545	significant clustering by MPD
nifH	iupac	Mixed-IUPAC	host_tribe	Dalbergieae	44	0.1759	0.2282	3.5072	0.001	0.006055555555555555	0.054	0.0718	2.3945	0.008	0.02725	significant clustering by MPD
nifH	iupac	Mixed-IUPAC	host_tribe	Desmodieae	362	0.2102	0.2274	3.812	0.001	0.006055555555555555	0.0306	0.0342	2.7155	0.002	0.008384615384615384	significant clustering by MPD
nifH	iupac	Mixed-IUPAC	host_tribe	Galegeae	129	0.166	0.2299	7.3865	0.001	0.006055555555555555	0.0247	0.0497	7.425	0.001	0.00545	significant clustering by MPD
nifH	iupac	Mixed-IUPAC	host_tribe	Loteae	28	0.0994	0.2327	7.1809	0.001	0.006055555555555555	0.0252	0.0831	5.0584	0.001	0.00545	significant clustering by MPD
nifH	iupac	Mixed-IUPAC	host_tribe	Diocleae	56	0.1845	0.2295	3.4799	0.002	0.009083333333333334	0.0458	0.0655	3.0909	0.002	0.008384615384615384	significant clustering by MPD
nifH	iupac	Mixed-IUPAC	host_tribe	Phaseoleae	126	0.2121	0.2349	2.658	0.002	0.009083333333333334	0.041	0.0499	2.742	0.005	0.017580645161290324	significant clustering by MPD
nifH	iupac	Mixed-IUPAC	host_tribe	Psoraleeae	16	0.1592	0.2336	3.0308	0.002	0.009083333333333334	0.053900000000000003	0.101	2.6678	0.002	0.008384615384615384	significant clustering by MPD
nifH	iupac	Mixed-IUPAC	host_tribe	Glycininae	11	0.1378	0.2322	3.0656	0.003	0.011678571428571429	0.0317	0.1141	3.7417	0.001	0.00545	significant clustering by MPD
nifH	iupac	Mixed-IUPAC	host_tribe	Indigofereae	17	0.1472	0.2306	3.6129	0.003	0.011678571428571429	0.059	0.0976	2.4052	0.004	0.014533333333333334	significant clustering by MPD
nifH	iupac	Mixed-IUPAC	host_tribe	Fabeae	21	0.1605	0.2298	3.1938	0.004	0.014064516129032258	0.0574	0.0902	2.3506	0.011	0.033305555555555554	significant clustering by MPD
nifH	iupac	Mixed-IUPAC	host_tribe	Sophoreae	12	0.1557	0.2333	2.6576	0.004	0.014064516129032258	0.0695	0.1116	2.0604	0.018	0.049049999999999996	significant clustering by MPD
nifH	iupac	Mixed-IUPAC	host_tribe	Crotalarieae	66	0.2016	0.2284	2.2104	0.013	0.03936111111111111	0.0525	0.0621	1.6509	0.049	0.10107272727272727	significant clustering by MPD
nifH	iupac	Mixed-IUPAC	host_tribe	Genisteae	64	0.2197	0.2316	0.9777	0.163	0.3117017543859649	0.0373	0.0633	4.3169	0.001	0.00545	significant clustering by MNTD
nifH	iupac	Mixed-IUPAC	host_tribe	Sesbanieae	30	0.2231	0.2323	0.5138	0.307	0.46476388888888887	0.0419	0.0819	3.7094	0.001	0.00545	significant clustering by MNTD
nifH	iupac	Mixed-IUPAC	host_tribe	Trifolieae	96	0.2365	0.2317	-0.5007	0.702	0.8077473684210525	0.0309	0.055	5.8339	0.001	0.00545	significant clustering by MNTD
nifH	iupac	Mixed-IUPAC	native_status	yes	1252	0.2242	0.2305	5.5441	0.001	0.00575	0.0216	0.0219	1.2049	0.111	0.2836666666666666	significant clustering by MPD
nifH	iupac	Mixed-IUPAC	native_status	no	254	0.2516	0.23	-3.9699	1	1	0.0317	0.0386	3.7768	0.001	0.0115	significant clustering by MNTD
nifH	iupac	Mixed-IUPAC	sample_type	rhizosphere	491	0.1979	0.2284	8.2679	0.001	0.006	0.0307	0.0305	-0.2152	0.575	0.9143478260869565	significant clustering by MPD
nifH	iupac	Mixed-IUPAC	sample_type	root	486	0.2086	0.233	6.5934	0.001	0.006	0.0293	0.0306	1.3463	0.084	0.276	significant clustering by MPD
nifH	iupac	Mixed-IUPAC	sample_type	nodule	547	0.2644	0.2295	-10.6637	1	1	0.0264	0.0294	3.2308	0.001	0.015	significant clustering by MNTD
nifH	iupac	Mixed-IUPAC	site	CPER	15	0.1366	0.2304	3.8463	0.001	0.0046315789473684215	0.0359	0.101	3.6024	0.001	0.004292682926829269	significant clustering by MPD
nifH	iupac	Mixed-IUPAC	site	DSNY	136	0.1997	0.2279	3.456	0.001	0.0046315789473684215	0.0434	0.0484	1.5973	0.058	0.1244878048780488	significant clustering by MPD
nifH	iupac	Mixed-IUPAC	site	JERC	308	0.2069	0.227	3.96	0.001	0.0046315789473684215	0.0277	0.0362	5.5831	0.001	0.004292682926829269	significant clustering by MPD
nifH	iupac	Mixed-IUPAC	site	JORN	12	0.0828	0.228	4.9794	0.001	0.0046315789473684215	0.0345	0.1087	3.4532	0.001	0.004292682926829269	significant clustering by MPD
nifH	iupac	Mixed-IUPAC	site	KONA	9	0.0845	0.2265	4.1329	0.001	0.0046315789473684215	0.0326	0.1193	3.2009	0.001	0.004292682926829269	significant clustering by MPD
nifH	iupac	Mixed-IUPAC	site	KONZ	39	0.1711	0.2278	3.5345	0.001	0.0046315789473684215	0.0425	0.0737	3.6268	0.001	0.004292682926829269	significant clustering by MPD
nifH	iupac	Mixed-IUPAC	site	OAES	89	0.1739	0.2299	5.6109	0.001	0.0046315789473684215	0.0279	0.0561	6.3442	0.001	0.004292682926829269	significant clustering by MPD
nifH	iupac	Mixed-IUPAC	site	OSBS	127	0.1847	0.232	5.6561	0.001	0.0046315789473684215	0.0413	0.0496	2.4498	0.008	0.024275862068965516	significant clustering by MPD
nifH	iupac	Mixed-IUPAC	site	SRER	52	0.0402	0.235	15.0879	0.001	0.0046315789473684215	0.0066	0.0678	8.511	0.001	0.004292682926829269	significant clustering by MPD
nifH	iupac	Mixed-IUPAC	site	TOOL	73	0.1813	0.2318	4.3925	0.001	0.0046315789473684215	0.0284	0.0601	5.9746	0.001	0.004292682926829269	significant clustering by MPD
nifH	iupac	Mixed-IUPAC	site	LENO	32	0.1775	0.2276	2.8588	0.005	0.017254901960784316	0.0268	0.0782	5.1408	0.001	0.004292682926829269	significant clustering by MPD
nifH	iupac	Mixed-IUPAC	site	DEJU	55	0.2077	0.2282	1.6526	0.053	0.1371764705882353	0.0467	0.0653	2.8856	0.005	0.01660377358490566	significant clustering by MNTD
nifH	iupac	Mixed-IUPAC	site	NOGP	20	0.2058	0.2288	1.0335	0.145	0.31121951219512195	0.0364	0.0918	3.9351	0.001	0.004292682926829269	significant clustering by MNTD
nifH	iupac	Mixed-IUPAC	site	WOOD	33	0.2198	0.2304	0.6521	0.26	0.4669387755102041	0.0467	0.078	3.2423	0.001	0.004292682926829269	significant clustering by MNTD
nifH	iupac	Mixed-IUPAC	site	DCFS	20	0.234	0.2277	-0.295	0.62	0.8592125984251968	0.0493	0.0905	2.8842	0.004	0.01353846153846154	significant clustering by MNTD
nifH	iupac	Mixed-IUPAC	site	DELA	78	0.2306	0.2283	-0.2178	0.604	0.8592125984251968	0.0361	0.0578	4.3505	0.001	0.004292682926829269	significant clustering by MNTD
nifH	iupac	Mixed-IUPAC	site	TALL	110	0.2388	0.2338	-0.5632	0.689	0.9034666666666666	0.0351	0.0524	4.6575	0.001	0.004292682926829269	significant clustering by MNTD
nifH	iupac	Mixed-IUPAC	site	LAJA	66	0.2551	0.229	-2.1846	0.988	1	0.0409	0.0616	3.5045	0.001	0.004292682926829269	significant clustering by MNTD
nifH	iupac	Mixed-IUPAC	state	Arizona	52	0.0402	0.2279	13.8039	0.001	0.005	0.0066	0.0674	8.7956	0.001	0.0044444444444444444	significant clustering by MPD
nifH	iupac	Mixed-IUPAC	state	Fl / FL	127	0.1847	0.2274	5.1916	0.001	0.005	0.0413	0.05	2.7637	0.002	0.008	significant clustering by MPD
nifH	iupac	Mixed-IUPAC	state	Georgia	301	0.2043	0.2283	4.5541	0.001	0.005	0.0275	0.0362	5.7008	0.001	0.0044444444444444444	significant clustering by MPD
nifH	iupac	Mixed-IUPAC	state	KS	54	0.1734	0.231	4.2334	0.001	0.005	0.0323	0.0666	5.0495	0.001	0.0044444444444444444	significant clustering by MPD
nifH	iupac	Mixed-IUPAC	state	New Mexico	12	0.0828	0.2312	5.1087	0.001	0.005	0.0345	0.1091	3.646	0.001	0.0044444444444444444	significant clustering by MPD
nifH	iupac	Mixed-IUPAC	state	OK	89	0.1739	0.2342	6.1764	0.001	0.005	0.0279	0.0564	6.3432	0.001	0.0044444444444444444	significant clustering by MPD
nifH	iupac	Mixed-IUPAC	state	Florida	133	0.2009	0.2268	3.1885	0.002	0.008571428571428572	0.0441	0.0488	1.5043	0.068	0.136	significant clustering by MPD
nifH	iupac	Mixed-IUPAC	state	Alaska	139	0.2165	0.228	1.501	0.068	0.17361702127659576	0.0321	0.0478	5.1376	0.001	0.0044444444444444444	significant clustering by MNTD
nifH	iupac	Mixed-IUPAC	state	ND	73	0.2211	0.2312	0.8815	0.187	0.39368421052631575	0.0287	0.0599	6.0369	0.001	0.0044444444444444444	significant clustering by MNTD
nifH	iupac	Mixed-IUPAC	state	CO	31	0.2292	0.2269	-0.13	0.537	0.836883116883117	0.0495	0.0802	2.9458	0.001	0.0044444444444444444	significant clustering by MNTD
nifH	iupac	Mixed-IUPAC	state	AL	220	0.2337	0.2296	-0.6968	0.748	0.95375	0.0273	0.0404	6.1873	0.001	0.0044444444444444444	significant clustering by MNTD
nifH	iupac	Mixed-IUPAC	state	P.R	81	0.2473	0.2341	-1.3606	0.911	1	0.0451	0.058	2.7674	0.005	0.016666666666666666	significant clustering by MNTD
nifH	iupac	Mixed-IUPAC	state	VA	34	0.2851	0.2313	-3.13	0.999	1	0.0553	0.078	2.3445	0.008	0.02526315789473684	significant clustering by MNTD
nifJ	iupac	Mixed-IUPAC	host_genus	Alnus	169	0.0401	0.0648	6.5915	0.001	0.006366666666666666	0.0073	0.0111	4.2588	0.001	0.004897435897435898	significant clustering by MPD
nifJ	iupac	Mixed-IUPAC	host_genus	Lupinus	8	0.0059	0.0631	2.2029	0.003	0.014692307692307694	0.003	0.0293	2.0677	0.003	0.0119375	significant clustering by MPD
nifJ	iupac	Mixed-IUPAC	host_tribe	Genisteae	8	0.0059	0.0655	2.2467	0.001	0.006055555555555555	0.003	0.0308	2.1088	0.001	0.00545	significant clustering by MPD
nifJ	iupac	Mixed-IUPAC	native_status	yes	285	0.0555	0.0631	4.7461	0.001	0.00575	0.0083	0.0088	1.4717	0.074	0.22425	significant clustering by MPD
nifJ	iupac	Mixed-IUPAC	sample_type	root	72	0.0441	0.0634	2.438	0.005	0.025	0.015	0.0157	0.2825	0.405	0.7252941176470588	significant clustering by MPD
nifJ	iupac	Mixed-IUPAC	sample_type	nodule	157	0.0794	0.0653	-3.2809	1	1	0.0084	0.0117	3.2625	0.001	0.015	significant clustering by MNTD
nifJ	iupac	Mixed-IUPAC	site	BONA	36	0.0183	0.0724	4.3967	0.001	0.0046315789473684215	0.0082	0.0222	3.2496	0.001	0.004292682926829269	significant clustering by MPD
nifJ	iupac	Mixed-IUPAC	site	DEJU	70	0.0164	0.0666	6.411	0.001	0.0046315789473684215	0.006	0.0164	4.4908	0.001	0.004292682926829269	significant clustering by MPD
nifJ	iupac	Mixed-IUPAC	site	UNDE	6	0.0015	0.0653	2.0222	0.001	0.0046315789473684215	5e-4	0.0326	1.9069	0.001	0.004292682926829269	significant clustering by MPD
nifJ	iupac	Mixed-IUPAC	site	HEAL	38	0.0341	0.0624	2.4432	0.004	0.01497872340425532	0.0092	0.0198	2.631	0.002	0.00748936170212766	significant clustering by MPD
nifJ	iupac	Mixed-IUPAC	site	LAJA	9	0.0129	0.0644	1.9919	0.016	0.046163934426229514	0.0067	0.0297	1.8455	0.018	0.048738461538461536	significant clustering by MPD
nifJ	iupac	Mixed-IUPAC	state	Alaska	135	0.0232	0.0651	8.3456	0.001	0.005	0.0061	0.0125	5.2167	0.001	0.0044444444444444444	significant clustering by MPD
nifJ	iupac	Mixed-IUPAC	state	MI	6	0.0015	0.0649	2.0472	0.001	0.005	5e-4	0.0327	1.9857	0.001	0.0044444444444444444	significant clustering by MPD
nifJ	iupac	Mixed-IUPAC	state	P.R	11	0.0155	0.0671	2.2143	0.005	0.017142857142857144	0.0077	0.0296	1.9842	0.012	0.03428571428571429	significant clustering by MPD
nifK	iupac	Mixed-IUPAC	closest_blast_genus	Mesorhizobium	382	0.2273	0.33	20.9686	0.001	0.0020714285714285717	0.032	0.0401	6.1363	0.001	0.002230769230769231	significant clustering by MPD
nifK	iupac	Mixed-IUPAC	closest_blast_genus	Microvirga	176	0.1966	0.3224	14.4153	0.001	0.0020714285714285717	0.0403	0.0506	3.9755	0.001	0.002230769230769231	significant clustering by MPD
nifK	iupac	Mixed-IUPAC	closest_blast_genus	Sinorhizobium	354	0.2348	0.3242	16.3398	0.001	0.0020714285714285717	0.0381	0.041	2.0843	0.022	0.039875	significant clustering by MPD
nifK	iupac	Mixed-IUPAC	closest_blast_genus	Rhizobium	140	0.4668	0.3225	-14.4682	1	1	0.0383	0.0549	5.2967	0.001	0.002230769230769231	significant clustering by MNTD
nifK	iupac	Mixed-IUPAC	host_genus	Astragalus	115	0.2661	0.3271	5.8234	0.001	0.006366666666666666	0.033	0.0582	7.0441	0.001	0.004897435897435898	significant clustering by MPD
nifK	iupac	Mixed-IUPAC	host_genus	Ceanothus	22	0.241	0.3231	3.0751	0.001	0.006366666666666666	0.0515	0.1031	3.2399	0.001	0.004897435897435898	significant clustering by MPD
nifK	iupac	Mixed-IUPAC	host_genus	Dryas	43	0.2488	0.3185	3.8531	0.001	0.006366666666666666	0.0439	0.0804	4.2071	0.001	0.004897435897435898	significant clustering by MPD
nifK	iupac	Mixed-IUPAC	host_genus	Glycine	11	0.1435	0.3168	4.3224	0.001	0.006366666666666666	0.0519	0.1348	2.7978	0.001	0.004897435897435898	significant clustering by MPD
nifK	iupac	Mixed-IUPAC	host_genus	Lotus	24	0.0441	0.3174	11.041	0.001	0.006366666666666666	0.0178	0.0996	5.5783	0.001	0.004897435897435898	significant clustering by MPD
nifK	iupac	Mixed-IUPAC	host_genus	Medicago	54	0.1064	0.3184	12.8119	0.001	0.006366666666666666	0.0262	0.0753	6.8275	0.001	0.004897435897435898	significant clustering by MPD
nifK	iupac	Mixed-IUPAC	host_genus	Melilotus	31	0.071	0.3198	11.629	0.001	0.006366666666666666	0.0265	0.0918	5.4619	0.001	0.004897435897435898	significant clustering by MPD
nifK	iupac	Mixed-IUPAC	host_genus	Oxytropis	25	0.2231	0.32	3.9854	0.001	0.006366666666666666	0.0397	0.0996	4.1606	0.001	0.004897435897435898	significant clustering by MPD
nifK	iupac	Mixed-IUPAC	host_genus	Robinia	6	0.0395	0.3198	4.9695	0.001	0.006366666666666666	0.0203	0.1773	3.2527	0.002	0.008304347826086958	significant clustering by MPD
nifK	iupac	Mixed-IUPAC	host_genus	Vicia	22	0.2067	0.3218	4.4395	0.001	0.006366666666666666	0.0512	0.1034	3.2049	0.001	0.004897435897435898	significant clustering by MPD
nifK	iupac	Mixed-IUPAC	host_genus	Amorpha	27	0.2693	0.3299	2.551	0.004	0.019100000000000002	0.0865	0.0951	0.6343	0.255	0.39922131147540985	significant clustering by MPD
nifK	iupac	Mixed-IUPAC	host_genus	Dalea	39	0.2728	0.3224	2.5203	0.005	0.02076086956521739	0.0573	0.0835	2.7794	0.003	0.0119375	significant clustering by MPD
nifK	iupac	Mixed-IUPAC	host_genus	Strophostyles	8	0.2083	0.3227	2.5362	0.005	0.02076086956521739	0.0573	0.1571	2.6019	0.001	0.004897435897435898	significant clustering by MPD
nifK	iupac	Mixed-IUPAC	host_genus	Morella	18	0.2436	0.3193	2.5641	0.006	0.023387755102040816	0.0642	0.1123	2.5488	0.004	0.01528	significant clustering by MPD
nifK	iupac	Mixed-IUPAC	host_genus	Pediomelum	9	0.2093	0.3196	2.6278	0.006	0.023387755102040816	0.0956	0.1485	1.5438	0.056	0.11884444444444445	significant clustering by MPD
nifK	iupac	Mixed-IUPAC	host_genus	Baptisia	5	0.1777	0.3256	2.307	0.01	0.036037735849056604	0.0968	0.1984	1.7515	0.032	0.08149333333333333	significant clustering by MPD
nifK	iupac	Mixed-IUPAC	host_genus	Sesbania	18	0.421	0.3214	-3.3995	1	1	0.0596	0.1128	2.8674	0.004	0.01528	significant clustering by MNTD
nifK	iupac	Mixed-IUPAC	host_tribe	Fabeae	22	0.2067	0.3198	4.1569	0.001	0.006055555555555555	0.0512	0.1046	3.3925	0.001	0.00545	significant clustering by MPD
nifK	iupac	Mixed-IUPAC	host_tribe	Galegeae	140	0.2677	0.3202	5.3735	0.001	0.006055555555555555	0.0307	0.0546	7.716	0.001	0.00545	significant clustering by MPD
nifK	iupac	Mixed-IUPAC	host_tribe	Glycininae	11	0.1435	0.3224	4.5659	0.001	0.006055555555555555	0.0519	0.1371	2.9247	0.001	0.00545	significant clustering by MPD
nifK	iupac	Mixed-IUPAC	host_tribe	Loteae	28	0.1147	0.3209	8.9164	0.001	0.006055555555555555	0.0366	0.0961	4.4358	0.001	0.00545	significant clustering by MPD
nifK	iupac	Mixed-IUPAC	host_tribe	Robinieae	7	0.1116	0.3214	4.184	0.001	0.006055555555555555	0.0572	0.1699	2.5985	0.003	0.011678571428571429	significant clustering by MPD
nifK	iupac	Mixed-IUPAC	host_tribe	Trifolieae	98	0.1626	0.3245	14.2599	0.001	0.006055555555555555	0.029	0.0623	7.5431	0.001	0.00545	significant clustering by MPD
nifK	iupac	Mixed-IUPAC	host_tribe	Sophoreae	9	0.1993	0.3218	2.8359	0.002	0.009083333333333334	0.0871	0.1508	1.8614	0.024	0.060837209302325584	significant clustering by MPD
nifK	iupac	Mixed-IUPAC	host_tribe	Amorpheae	66	0.2905	0.3281	2.6005	0.003	0.011678571428571429	0.0602	0.0713	1.863	0.04	0.089380000000000015	significant clustering by MPD
nifK	iupac	Mixed-IUPAC	host_tribe	actinorhizal	130	0.3231	0.3314	0.8578	0.204	0.35864516129032253	0.0475	0.0562	2.5204	0.004	0.014533333333333334	significant clustering by MNTD
nifK	iupac	Mixed-IUPAC	host_tribe	Sesbanieae	18	0.421	0.3243	-3.2025	0.999	1	0.0596	0.1149	2.8995	0.002	0.008384615384615384	significant clustering by MNTD
nifK	iupac	Mixed-IUPAC	native_status	no	223	0.3011	0.3302	4.1608	0.001	0.00575	0.0376	0.0474	4.4287	0.001	0.0115	significant clustering by MPD
nifK	iupac	Mixed-IUPAC	native_status	yes	817	0.317	0.3221	2.5171	0.006	0.0276	0.0326	0.0319	-1.6202	0.953	0.953	significant clustering by MPD
nifK	iupac	Mixed-IUPAC	sample_type	rhizosphere	330	0.2999	0.3201	3.4195	0.001	0.006	0.0446	0.0415	-2.0977	0.981	1	significant clustering by MPD
nifK	iupac	Mixed-IUPAC	sample_type	nodule	403	0.3479	0.3285	-4.0841	1	1	0.036	0.0393	2.6612	0.004	0.035	significant clustering by MNTD
nifK	iupac	Mixed-IUPAC	site	CPER	15	0.105	0.3303	6.7344	0.001	0.0046315789473684215	0.0467	0.1215	3.3932	0.001	0.004292682926829269	significant clustering by MPD
nifK	iupac	Mixed-IUPAC	site	DCFS	23	0.1854	0.3305	5.4958	0.001	0.0046315789473684215	0.064	0.1028	2.529	0.003	0.011	significant clustering by MPD
nifK	iupac	Mixed-IUPAC	site	JORN	12	0.1902	0.3205	3.5493	0.001	0.0046315789473684215	0.0495	0.1304	3.0272	0.001	0.004292682926829269	significant clustering by MPD
nifK	iupac	Mixed-IUPAC	site	KONA	8	0.026	0.3182	6.2515	0.001	0.0046315789473684215	0.013	0.1542	3.8566	0.001	0.004292682926829269	significant clustering by MPD
nifK	iupac	Mixed-IUPAC	site	LENO	19	0.1981	0.318	4.0881	0.001	0.0046315789473684215	0.0764	0.1087	1.7728	0.032	0.07822222222222223	significant clustering by MPD
nifK	iupac	Mixed-IUPAC	site	NOGP	18	0.084	0.3202	7.6525	0.001	0.0046315789473684215	0.0329	0.1118	4.32	0.001	0.004292682926829269	significant clustering by MPD
nifK	iupac	Mixed-IUPAC	site	SRER	54	0.0947	0.3205	13.6786	0.001	0.0046315789473684215	0.0163	0.0762	8.0691	0.001	0.004292682926829269	significant clustering by MPD
nifK	iupac	Mixed-IUPAC	site	TOOL	66	0.1975	0.3218	8.3196	0.001	0.0046315789473684215	0.0301	0.0708	6.4951	0.001	0.004292682926829269	significant clustering by MPD
nifK	iupac	Mixed-IUPAC	site	WOOD	31	0.1612	0.3215	7.193	0.001	0.0046315789473684215	0.0263	0.0922	5.2843	0.001	0.004292682926829269	significant clustering by MPD
nifK	iupac	Mixed-IUPAC	site	OAES	108	0.2779	0.3183	3.498	0.002	0.008585365853658537	0.0329	0.0595	6.5105	0.001	0.004292682926829269	significant clustering by MPD
nifK	iupac	Mixed-IUPAC	site	DSNY	90	0.2925	0.3255	2.7017	0.005	0.017254901960784316	0.0625	0.0635	0.2265	0.414	0.5519999999999999	significant clustering by MPD
nifK	iupac	Mixed-IUPAC	site	CLBJ	76	0.2972	0.3312	2.5036	0.006	0.019924528301886794	0.0638	0.0673	0.6299	0.276	0.42240000000000005	significant clustering by MPD
nifK	iupac	Mixed-IUPAC	site	RMNP	10	0.2263	0.3189	2.2321	0.008	0.024275862068965516	0.0485	0.1412	3.0199	0.001	0.004292682926829269	significant clustering by MPD
nifK	iupac	Mixed-IUPAC	site	BLAN	11	0.286	0.3312	1.1907	0.119	0.2651139240506329	0.0536	0.1343	2.7749	0.004	0.01353846153846154	significant clustering by MNTD
nifK	iupac	Mixed-IUPAC	site	DELA	45	0.395	0.3264	-3.8275	1	1	0.0494	0.0813	3.8105	0.001	0.004292682926829269	significant clustering by MNTD
nifK	iupac	Mixed-IUPAC	site	TALL	37	0.3506	0.3219	-1.461	0.921	1	0.0602	0.0874	2.6254	0.004	0.01353846153846154	significant clustering by MNTD
nifK	iupac	Mixed-IUPAC	state	Alaska	89	0.282	0.3283	3.6021	0.001	0.005	0.0421	0.0647	4.7035	0.001	0.0044444444444444444	significant clustering by MPD
nifK	iupac	Mixed-IUPAC	state	Arizona	54	0.0947	0.3264	13.4107	0.001	0.005	0.0163	0.0765	7.9066	0.001	0.0044444444444444444	significant clustering by MPD
nifK	iupac	Mixed-IUPAC	state	ND	72	0.1509	0.3201	11.3291	0.001	0.005	0.0251	0.0688	7.6435	0.001	0.0044444444444444444	significant clustering by MPD
nifK	iupac	Mixed-IUPAC	state	New Mexico	12	0.1902	0.3202	3.3318	0.001	0.005	0.0495	0.1323	2.9863	0.001	0.0044444444444444444	significant clustering by MPD
nifK	iupac	Mixed-IUPAC	state	OK	108	0.2779	0.3199	3.6754	0.001	0.005	0.0329	0.0599	6.7152	0.001	0.0044444444444444444	significant clustering by MPD
nifK	iupac	Mixed-IUPAC	state	CA	10	0.2097	0.3242	2.6905	0.002	0.008571428571428572	0.0932	0.1441	1.591	0.048	0.10105263157894737	significant clustering by MPD
nifK	iupac	Mixed-IUPAC	state	KS	42	0.2648	0.3197	2.9099	0.002	0.008571428571428572	0.0565	0.0832	2.8944	0.002	0.008	significant clustering by MPD
nifK	iupac	Mixed-IUPAC	state	CO	30	0.2562	0.3267	3.0765	0.003	0.011612903225806452	0.0644	0.0951	2.5722	0.003	0.010909090909090908	significant clustering by MPD
nifK	iupac	Mixed-IUPAC	state	Florida	89	0.2922	0.3213	2.2103	0.006	0.02	0.0631	0.0633	0.0372	0.496	0.6763636363636363	significant clustering by MPD
nifK	iupac	Mixed-IUPAC	state	AL	101	0.3794	0.3326	-3.9898	1	1	0.0435	0.0615	4.2149	0.001	0.0044444444444444444	significant clustering by MNTD
nodL	iupac	Mixed-IUPAC	closest_blast_genus	Sinorhizobium	211	0.0388	0.0578	9.8439	0.001	0.0020714285714285717	0.0046	0.0052	1.967	0.049	0.08358823529411764	significant clustering by MPD
nodL	iupac	Mixed-IUPAC	host_genus	Medicago	47	0.0103	0.054	3.9814	0.001	0.006366666666666666	0.0016	0.0072	2.3119	0.002	0.008304347826086958	significant clustering by MPD
nodL	iupac	Mixed-IUPAC	host_genus	Melilotus	28	0.0078	0.057	3.3133	0.001	0.006366666666666666	5e-4	0.0107	2.4483	0.001	0.004897435897435898	significant clustering by MPD
nodL	iupac	Mixed-IUPAC	host_tribe	Trifolieae	79	0.0119	0.053900000000000003	5.5263	0.001	0.006055555555555555	0.002	0.0064	2.8848	0.002	0.008384615384615384	significant clustering by MPD
nodL	iupac	Mixed-IUPAC	host_tribe	Desmodieae	26	0.0165	0.0586	2.597	0.003	0.011678571428571429	0.0014	0.0124	2.4421	0.001	0.00545	significant clustering by MPD
nodL	iupac	Mixed-IUPAC	host_tribe	actinorhizal	19	0.0133	0.062	2.5664	0.005	0.01703125	0.0027	0.0149	1.8952	0.017	0.04751282051282051	significant clustering by MPD
nodL	iupac	Mixed-IUPAC	native_status	no	97	0.0197	0.0616	6.0717	0.001	0.00575	0.0035	0.0072	2.8634	0.002	0.015333333333333334	significant clustering by MPD
nodL	iupac	Mixed-IUPAC	sample_type	rhizosphere	75	0.0348	0.0549	2.3785	0.011	0.04714285714285714	0.0077	0.0071	-0.3521	0.644	0.9143478260869565	significant clustering by MPD
nodL	iupac	Mixed-IUPAC	site	WOOD	24	0.0089	0.0573	2.7705	0.001	0.0046315789473684215	0.0012	0.0133	2.327	0.002	0.00748936170212766	significant clustering by MPD
nodL	iupac	Mixed-IUPAC	site	CPER	12	0.0069	0.0643	2.172	0.002	0.008585365853658537	6e-4	0.0207	1.9663	0.001	0.004292682926829269	significant clustering by MPD
nodL	iupac	Mixed-IUPAC	site	NOGP	17	0.0111	0.0538	2.0789	0.007	0.022	0.0017	0.0154	1.9122	0.008	0.024275862068965516	significant clustering by MPD
nodL	iupac	Mixed-IUPAC	state	ND	60	0.02	0.0547	3.6507	0.001	0.005	0.0062	0.0079	0.7874	0.213	0.36	significant clustering by MPD
nodL	iupac	Mixed-IUPAC	state	AL	12	0.0123	0.0657	2.113	0.016	0.05052631578947368	0.003	0.0223	1.8555	0.018	0.047999999999999994	significant clustering by MNTD
nodL	iupac	Mixed-IUPAC	state	VA	18	0.0168	0.0586	2.0584	0.024	0.07024390243902438	0.0019	0.0162	2.0267	0.011	0.033	significant clustering by MNTD
nodX	iupac	Mixed-IUPAC	host_genus	Alnus	11	0.0174	0.0293	1.2243	0.047	0.12131081081081081	1e-4	0.0057	1.3388	0.001	0.004897435897435898	significant clustering by MNTD
nodX	iupac	Mixed-IUPAC	host_tribe	Desmodieae	34	0.0267	0.0295	0.6166	0.292	0.4544225352112676	7e-4	0.0028	1.5712	0.009	0.029727272727272727	significant clustering by MNTD
nodX	iupac	Mixed-IUPAC	site	BLAN	10	0.0059	0.0357	2.1355	0.001	0.0046315789473684215	0.0018	0.0075	1.0336	0.115	0.208659793814433	significant clustering by MPD
nodX	iupac	Mixed-IUPAC	site	ORNL	11	0.0122	0.0409	2.0614	0.001	0.0046315789473684215	0.001	0.008	1.3516	0.012	0.033523809523809525	significant clustering by MPD
nodX	iupac	Mixed-IUPAC	site	OSBS	11	0.0123	0.0382	1.8897	0.002	0.008585365853658537	8e-4	0.0077	1.3774	0.008	0.024275862068965516	significant clustering by MPD
nodX	iupac	Mixed-IUPAC	site	SCBI	6	0.0081	0.0379	1.5099	0.005	0.017254901960784316	0.0047	0.0118	0.7469	0.334	0.4818360655737705	significant clustering by MPD
nodX	iupac	Mixed-IUPAC	site	DEJU	8	0.0231	0.0359	0.8327	0.24	0.43999999999999995	2e-4	0.0089	1.2525	0.008	0.024275862068965516	significant clustering by MNTD
nodX	iupac	Mixed-IUPAC	state	VA	16	0.0067	0.0382	2.56	0.001	0.005	0.0021	0.0061	1.0656	0.196	0.351044776119403	significant clustering by MPD
nodX	iupac	Mixed-IUPAC	state	TN	12	0.0154	0.0419	1.7621	0.002	0.008571428571428572	0.0015	0.0081	1.2918	0.058	0.11796610169491525	significant clustering by MPD
nodX	iupac	Mixed-IUPAC	state	FL	11	0.0123	0.0383	1.7093	0.003	0.011612903225806452	8e-4	0.008	1.2877	0.015	0.04186046511627907	significant clustering by MPD
nodX	iupac	Mixed-IUPAC	state	Alaska	13	0.0208	0.0383	1.251	0.071	0.17632653061224488	1e-4	0.0072	1.4925	0.001	0.0044444444444444444	significant clustering by MNTD
noeA	iupac	Mixed-IUPAC	closest_blast_genus	Sinorhizobium	194	0.0034	0.0034	2.3998	0.007	0.013533333333333333	3e-4	3e-4	0.9995	1	1	significant clustering by MPD
noeA	iupac	Mixed-IUPAC	host_genus	Melilotus	28	0.0023	0.0036	2.0908	0.005	0.02076086956521739	4e-4	6e-4	0.7439	0.251	0.39620661157024795	significant clustering by MPD
noeA	iupac	Mixed-IUPAC	host_genus	Desmodium	11	0.0022	0.0037	1.443	0.036	0.09822857142857143	2e-4	0.0012	1.8321	0.001	0.004897435897435898	significant clustering by MNTD
noeA	iupac	Mixed-IUPAC	host_tribe	Desmodieae	25	0.0024	0.0036	1.7868	0.011	0.034257142857142854	2e-4	7e-4	1.7858	0.01	0.032058823529411765	significant clustering by MPD
noeA	iupac	Mixed-IUPAC	sample_type	root	67	0.0031	0.0035	1.2285	0.098	0.2672727272727273	2e-4	4e-4	2.0343	0.007	0.035	significant clustering by MNTD
noeA	iupac	Mixed-IUPAC	site	CPER	12	0.0018	0.0035	1.7152	0.005	0.017254901960784316	7e-4	0.001	0.7421	0.232	0.374605504587156	significant clustering by MPD
noeA	iupac	Mixed-IUPAC	site	BLAN	10	0.0016	0.0034	1.7464	0.007	0.022	4e-4	0.0011	1.3236	0.034	0.08086486486486487	significant clustering by MPD
noeA	iupac	Mixed-IUPAC	site	SCBI	8	0.0018	0.0035	1.479	0.016	0.046163934426229514	5e-4	0.0012	1.1718	0.079	0.16167441860465118	significant clustering by MPD
noeA	iupac	Mixed-IUPAC	site	TALL	7	0.0021	0.0036	1.1196	0.078	0.1878918918918919	2e-4	0.0014	1.5325	0.009	0.026399999999999996	significant clustering by MNTD
noeA	iupac	Mixed-IUPAC	state	VA	18	0.0017	0.0036	2.5438	0.001	0.005	2e-4	9e-4	1.8491	0.006	0.019459459459459462	significant clustering by MPD
noeA	iupac	Mixed-IUPAC	state	AL	11	0.0024	0.0036	1.1522	0.097	0.2328	3e-4	0.0012	1.5285	0.017	0.046363636363636364	significant clustering by MNTD
noeA	iupac	Mixed-IUPAC	state	OK	41	0.0037	0.0036	-0.3416	0.682	0.9093333333333333	2e-4	6e-4	1.7109	0.011	0.033	significant clustering by MNTD
noeB	iupac	Mixed-IUPAC	host_genus	Melilotus	29	0.0096	0.014	2.3412	0.002	0.010914285714285715	0.001	0.0024	1.5784	0.012	0.03757377049180328	significant clustering by MPD
noeB	iupac	Mixed-IUPAC	host_genus	Desmodium	7	0.0069	0.0144	1.7854	0.012	0.040928571428571425	0.0033	0.005	0.651	0.245	0.3899583333333333	significant clustering by MPD
noeB	iupac	Mixed-IUPAC	host_genus	Lespedeza	7	0.0102	0.0147	1.0472	0.119	0.22503960396039602	6e-4	0.0053	1.7328	0.008	0.02680701754385965	significant clustering by MNTD
noeB	iupac	Mixed-IUPAC	host_tribe	Desmodieae	15	0.0089	0.014	1.9153	0.01	0.032058823529411765	0.001	0.0031	1.5803	0.011	0.033305555555555554	significant clustering by MPD
noeB	iupac	Mixed-IUPAC	site	CPER	12	0.0074	0.0144	2.1694	0.003	0.012	0.0017	0.0037	1.2297	0.053	0.11660000000000001	significant clustering by MPD
noeB	iupac	Mixed-IUPAC	site	BLAN	8	0.007	0.0144	1.728	0.014	0.04176271186440678	0.0034	0.0047	0.5717	0.288	0.4369655172413793	significant clustering by MPD
noeB	iupac	Mixed-IUPAC	site	OAES	37	0.0162	0.0143	-1.2876	0.875	1	0.0011	0.0022	1.6555	0.009	0.026399999999999996	significant clustering by MNTD
noeB	iupac	Mixed-IUPAC	state	VA	14	0.0082	0.0141	2.1974	0.005	0.017142857142857144	0.0014	0.0033	1.3403	0.036	0.08307692307692306	significant clustering by MPD
noeB	iupac	Mixed-IUPAC	state	AL	6	0.0094	0.0142	1.003	0.112	0.26307692307692304	1e-4	0.0055	1.8881	0.001	0.0044444444444444444	significant clustering by MNTD
noeB	iupac	Mixed-IUPAC	state	OK	37	0.0162	0.0139	-1.5441	0.918	1	0.0011	0.0021	1.6569	0.012	0.03428571428571429	significant clustering by MNTD
nolF	iupac	Mixed-IUPAC	host_genus	Astragalus	26	0.0049	0.0075	1.9292	0.001	0.006366666666666666	6e-4	9e-4	0.3988	0.458	0.6101388888888889	significant clustering by MPD
nolF	iupac	Mixed-IUPAC	host_tribe	Galegeae	31	0.0061	0.0075	1.4344	0.009	0.029727272727272727	5e-4	8e-4	0.6099	0.222	0.3722769230769231	significant clustering by MPD
nolF	iupac	Mixed-IUPAC	site	SCBI	9	9e-4	0.0076	2.7869	0.001	0.0046315789473684215	0	0.0015	1.2149	0.001	0.004292682926829269	significant clustering by MPD
nolF	iupac	Mixed-IUPAC	site	WOOD	30	0.0054	0.0076	1.9612	0.001	0.0046315789473684215	4e-4	8e-4	0.7926	0.112	0.208659793814433	significant clustering by MPD
nolF	iupac	Mixed-IUPAC	site	OAES	39	0.006	0.0075	1.6379	0.003	0.012	5e-4	7e-4	0.5429	0.349	0.49139199999999994	significant clustering by MPD
nolF	iupac	Mixed-IUPAC	site	DCFS	20	0.0051	0.0076	1.5672	0.006	0.019924528301886794	0.001	0.001	0.0249	0.739	0.8337435897435898	significant clustering by MPD
nolF	iupac	Mixed-IUPAC	site	TOOL	7	0.0029	0.0076	1.9079	0.008	0.024275862068965516	0.0012	0.0017	0.4028	0.362	0.49525581395348833	significant clustering by MPD
nolF	iupac	Mixed-IUPAC	state	VA	21	0.0041	0.0075	2.71	0.001	0.005	5e-4	9e-4	0.7032	0.146	0.26953846153846156	significant clustering by MPD
nolF	iupac	Mixed-IUPAC	state	OK	39	0.006	0.0076	1.6632	0.003	0.011612903225806452	5e-4	8e-4	0.6322	0.262	0.4248648648648649	significant clustering by MPD
nolG	iupac	Mixed-IUPAC	closest_blast_genus	Sinorhizobium	229	0.008	0.008	4.2463	0.001	0.0020714285714285717	7e-4	7e-4	0.9995	1	1	significant clustering by MPD
nolG	iupac	Mixed-IUPAC	host_genus	Melilotus	30	0.0067	0.0081	1.6409	0.049	0.12314473684210527	6e-4	0.0012	1.9123000000000001	0.012	0.03757377049180328	significant clustering by MNTD
nolG	iupac	Mixed-IUPAC	sample_type	root	74	0.0072	0.0081	1.8275	0.036	0.13499999999999998	6e-4	0.001	2.0419	0.01	0.04285714285714286	significant clustering by MNTD
nolG	iupac	Mixed-IUPAC	site	WOOD	30	0.0046	0.0079	3.8029	0.001	0.0046315789473684215	5e-4	0.0013	2.1316	0.002	0.00748936170212766	significant clustering by MPD
nolG	iupac	Mixed-IUPAC	site	BLAN	11	0.0033	0.0076	2.6352	0.003	0.012	0.0013	0.0019	0.7569	0.238	0.3773693693693694	significant clustering by MPD
nolG	iupac	Mixed-IUPAC	site	DSNY	10	0.0039	0.0078	2.4803	0.007	0.022	0.0017	0.002	0.4606	0.345	0.4896774193548387	significant clustering by MPD
nolG	iupac	Mixed-IUPAC	site	OAES	42	0.0079	0.0081	0.3124	0.399	0.616	6e-4	0.0011	2.0671	0.006	0.019555555555555555	significant clustering by MNTD
nolG	iupac	Mixed-IUPAC	site	OSBS	8	0.0083	0.0081	-0.1067	0.558	0.8049836065573771	7e-4	0.0025	1.815	0.01	0.02838709677419355	significant clustering by MNTD
nolG	iupac	Mixed-IUPAC	state	VA	21	0.004	0.008	3.6119	0.001	0.005	0.0011	0.0015	0.8323	0.202	0.351304347826087	significant clustering by MPD
nolG	iupac	Mixed-IUPAC	state	Florida	10	0.0039	0.0079	2.2336	0.005	0.017142857142857144	0.0017	0.0021	0.499	0.347	0.5205	significant clustering by MPD
nolG	iupac	Mixed-IUPAC	state	OK	42	0.0079	0.0082	0.4246	0.336	0.56	6e-4	0.0011	2.1703	0.003	0.010909090909090908	significant clustering by MNTD
nifD	strict	Strict single-dominant	closest_blast_genus	Azorhizobium	16	0.0679	0.2434	7.1525	0.001	0.0023636363636363638	0.03	0.0973	3.3328	0.001	0.006500000000000001	significant clustering by MPD
nifD	strict	Strict single-dominant	closest_blast_genus	Mesorhizobium	104	0.194	0.2457	7.0643	0.001	0.0023636363636363638	0.0429	0.0543	2.6842	0.006	0.015600000000000001	significant clustering by MPD
nifD	strict	Strict single-dominant	closest_blast_genus	Microvirga	107	0.1926	0.2445	7.3428	0.001	0.0023636363636363638	0.0462	0.0522	1.4312	0.072	0.1337142857142857	significant clustering by MPD
nifD	strict	Strict single-dominant	closest_blast_genus	Bradyrhizobium	6	0.0602	0.2434	4.3757	0.002	0.004333333333333333	0.0375	0.143	2.5656	0.006	0.015600000000000001	significant clustering by MPD
nifD	strict	Strict single-dominant	closest_blast_genus	Rhizobium	19	0.2424	0.2425	0.0045	0.508	0.6951578947368421	0.0369	0.0893	3.0046	0.002	0.006500000000000001	significant clustering by MNTD
nifD	strict	Strict single-dominant	host_genus	Astragalus	53	0.1481	0.239	8.7527	0.001	0.006363636363636364	0.0258	0.0611	5.2217	0.001	0.008235294117647058	significant clustering by MPD
nifD	strict	Strict single-dominant	host_genus	Crotalaria	10	0.1575	0.2404	2.9879	0.001	0.006363636363636364	0.0984	0.1111	0.4421	0.334	0.5633734939759036	significant clustering by MPD
nifD	strict	Strict single-dominant	host_genus	Desmodium	28	0.1543	0.2384	5.4902	0.001	0.006363636363636364	0.0588	0.0715	1.0472	0.145	0.3383333333333333	significant clustering by MPD
nifD	strict	Strict single-dominant	host_genus	Lotus	9	0.03	0.2353	6.6633	0.001	0.006363636363636364	0.0131	0.1135	3.4079	0.001	0.008235294117647058	significant clustering by MPD
nifD	strict	Strict single-dominant	host_genus	Lupinus	17	0.1641	0.2344	3.3432	0.001	0.006363636363636364	0.032	0.0856	2.9165	0.002	0.012173913043478262	significant clustering by MPD
nifD	strict	Strict single-dominant	host_genus	Medicago	26	0.0727	0.2354	9.4002	0.001	0.006363636363636364	0.0308	0.0736	3.3422	0.001	0.008235294117647058	significant clustering by MPD
nifD	strict	Strict single-dominant	host_genus	Melilotus	14	0.1301	0.2371	4.8158	0.001	0.006363636363636364	0.0152	0.0943	3.9211	0.001	0.008235294117647058	significant clustering by MPD
nifD	strict	Strict single-dominant	host_genus	Rhynchosia	6	0.1196	0.2372	3.0936	0.002	0.0112	0.0716	0.14	1.6502	0.042	0.14682926829268292	significant clustering by MPD
nifD	strict	Strict single-dominant	host_genus	Galactia	10	0.1719	0.2376	2.3496	0.007	0.029696969696969697	0.0878	0.1071	0.6947	0.26	0.4986301369863014	significant clustering by MPD
nifD	strict	Strict single-dominant	host_genus	Dalea	16	0.1929	0.2407	2.2675	0.013	0.050555555555555555	0.0379	0.09	2.703	0.003	0.017499999999999998	significant clustering by MNTD
nifD	strict	Strict single-dominant	host_tribe	Crotalarieae	10	0.1575	0.2474	3.1049	0.001	0.006333333333333333	0.0984	0.118	0.6977	0.265	0.5876744186046512	significant clustering by MPD
nifD	strict	Strict single-dominant	host_tribe	Desmodieae	53	0.1962	0.2465	4.4701	0.001	0.006333333333333333	0.0544	0.0651	1.3862	0.083	0.2628333333333333	significant clustering by MPD
nifD	strict	Strict single-dominant	host_tribe	Galegeae	58	0.1583	0.2434	7.9702	0.001	0.006333333333333333	0.0262	0.0621	5.1884	0.001	0.010555555555555556	significant clustering by MPD
nifD	strict	Strict single-dominant	host_tribe	Genisteae	17	0.1641	0.2404	3.4746	0.001	0.006333333333333333	0.032	0.0911	3.1773	0.001	0.010555555555555556	significant clustering by MPD
nifD	strict	Strict single-dominant	host_tribe	Loteae	10	0.0806	0.2405	5.519	0.001	0.006333333333333333	0.0394	0.1121	2.6364	0.003	0.019	significant clustering by MPD
nifD	strict	Strict single-dominant	host_tribe	Trifolieae	43	0.131	0.2444	8.6252	0.001	0.006333333333333333	0.0293	0.0687	4.233	0.001	0.010555555555555556	significant clustering by MPD
nifD	strict	Strict single-dominant	host_tribe	Diocleae	10	0.1719	0.2436	2.3834	0.006	0.02590909090909091	0.0878	0.1129	0.8456	0.198	0.48230769230769227	significant clustering by MPD
nifD	strict	Strict single-dominant	host_tribe	Amorpheae	27	0.2172	0.244	1.5685	0.056	0.15926470588235295	0.0437	0.0812	2.9446	0.003	0.019	significant clustering by MNTD
nifD	strict	Strict single-dominant	native_status	yes	271	0.2303	0.2447	5.7502	0.001	0.0033333333333333335	0.0382	0.0399	1.3203	0.092	0.20444444444444446	significant clustering by MPD
nifD	strict	Strict single-dominant	sample_type	rhizosphere	113	0.2137	0.2434	4.2605	0.001	0.015	0.0533	0.0511	-0.5603	0.711	0.9037499999999999	significant clustering by MPD
nifD	strict	Strict single-dominant	sample_type	nodule	149	0.2594	0.2456	-2.5283	0.996	1	0.0405	0.0488	2.8244	0.003	0.045	significant clustering by MNTD
nifD	strict	Strict single-dominant	site	CPER	6	0.0126	0.2392	5.6038	0.001	0.005652173913043478	0.0028	0.1403	3.3173	0.001	0.008125	significant clustering by MPD
nifD	strict	Strict single-dominant	site	DSNY	21	0.1819	0.243	3.1739	0.001	0.005652173913043478	0.1007	0.0869	-0.8647	0.797	0.9366141732283465	significant clustering by MPD
nifD	strict	Strict single-dominant	site	NOGP	11	0.0214	0.2417	8.2101	0.001	0.005652173913043478	0.0101	0.1051	3.5155	0.001	0.008125	significant clustering by MPD
nifD	strict	Strict single-dominant	site	OAES	53	0.1675	0.241	6.5473	0.001	0.005652173913043478	0.032	0.0618	3.9955	0.001	0.008125	significant clustering by MPD
nifD	strict	Strict single-dominant	site	SRER	23	0.0501	0.2406	10.4065	0.001	0.005652173913043478	0.0114	0.081	4.5421	0.001	0.008125	significant clustering by MPD
nifD	strict	Strict single-dominant	site	JERC	64	0.2179	0.2441	2.6263	0.004	0.016774193548387096	0.0569	0.0593	0.3719	0.358	0.5505882352941176	significant clustering by MPD
nifD	strict	Strict single-dominant	site	DCFS	9	0.1691	0.2405	2.2441	0.012	0.037142857142857144	0.0244	0.1193	3.0046	0.001	0.008125	significant clustering by MPD
nifD	strict	Strict single-dominant	site	WOOD	10	0.1853	0.2434	2.007	0.014	0.041363636363636366	0.039	0.1138	2.5349	0.002	0.011818181818181818	significant clustering by MPD
nifD	strict	Strict single-dominant	state	Arizona	23	0.0501	0.2448	9.7868	0.001	0.006666666666666667	0.0114	0.0853	4.66	0.001	0.007692307692307693	significant clustering by MPD
nifD	strict	Strict single-dominant	state	ND	30	0.1276	0.2403	7.0658	0.001	0.006666666666666667	0.0222	0.0735	4.5495	0.001	0.007692307692307693	significant clustering by MPD
nifD	strict	Strict single-dominant	state	OK	53	0.1675	0.2402	6.3929	0.001	0.006666666666666667	0.032	0.0611	3.8945	0.001	0.007692307692307693	significant clustering by MPD
nifD	strict	Strict single-dominant	state	Florida	21	0.1819	0.2432	3.2092	0.002	0.011764705882352943	0.1007	0.0839	-1.0448	0.856	0.9258064516129032	significant clustering by MPD
nifD	strict	Strict single-dominant	state	Georgia	62	0.2107	0.2422	3.0647	0.003	0.016666666666666666	0.0557	0.0586	0.4315	0.344	0.5580645161290322	significant clustering by MPD
nifH	strict	Strict single-dominant	closest_blast_genus	Bradyrhizobium	43	0.1805	0.2382	4.1891	0.001	0.0023636363636363638	0.0453	0.0684	2.991	0.002	0.006500000000000001	significant clustering by MPD
nifH	strict	Strict single-dominant	closest_blast_genus	Mesorhizobium	187	0.1892	0.2348	8.7726	0.001	0.0023636363636363638	0.0267	0.0389	6.4089	0.001	0.006500000000000001	significant clustering by MPD
nifH	strict	Strict single-dominant	closest_blast_genus	Neorhizobium	17	0.1804	0.2298	2.0913	0.022	0.044	0.0645	0.0916	1.8421	0.028	0.06066666666666666	significant clustering by MPD
nifH	strict	Strict single-dominant	closest_blast_genus	Sinorhizobium	42	0.2217	0.2332	0.7857	0.223	0.3221111111111111	0.0328	0.0672	4.3448	0.001	0.006500000000000001	significant clustering by MNTD
nifH	strict	Strict single-dominant	closest_blast_genus	Rhizobium	34	0.3097	0.2312	-4.671	1	1	0.0517	0.0718	2.0987	0.009	0.021272727272727273	significant clustering by MNTD
nifH	strict	Strict single-dominant	host_genus	Amorpha	12	0.0875	0.2384	5.3758	0.001	0.006363636363636364	0.0308	0.1038	3.7425	0.001	0.008235294117647058	significant clustering by MPD
nifH	strict	Strict single-dominant	host_genus	Astragalus	54	0.1144	0.2327	9.8284	0.001	0.006363636363636364	0.0248	0.058	5.3978	0.001	0.008235294117647058	significant clustering by MPD
nifH	strict	Strict single-dominant	host_genus	Lotus	7	0.0327	0.2256	4.8088	0.001	0.006363636363636364	0.0136	0.1224	3.6845	0.001	0.008235294117647058	significant clustering by MPD
nifH	strict	Strict single-dominant	host_genus	Lupinus	26	0.1459	0.2255	3.9813	0.001	0.006363636363636364	0.0352	0.0729	3.3721	0.001	0.008235294117647058	significant clustering by MPD
nifH	strict	Strict single-dominant	host_genus	Medicago	20	0.1229	0.2248	4.4633	0.001	0.006363636363636364	0.0226	0.0803	4.3313	0.001	0.008235294117647058	significant clustering by MPD
nifH	strict	Strict single-dominant	host_genus	Melilotus	13	0.1296	0.227	3.4166	0.001	0.006363636363636364	0.0278	0.0968	3.8724	0.001	0.008235294117647058	significant clustering by MPD
nifH	strict	Strict single-dominant	host_genus	Oxytropis	9	0.0663	0.2271	4.5776	0.001	0.006363636363636364	0.0328	0.1102	3.1886	0.002	0.012173913043478262	significant clustering by MPD
nifH	strict	Strict single-dominant	host_genus	Robinia	5	0.0815	0.2307	2.9522	0.003	0.016153846153846154	0.0452	0.1441	2.5438	0.006	0.03	significant clustering by MPD
nifH	strict	Strict single-dominant	host_genus	Strophostyles	5	0.0823	0.2317	2.99	0.004	0.02	0.0426	0.1443	2.6231	0.006	0.03	significant clustering by MPD
nifH	strict	Strict single-dominant	host_genus	Ceanothus	5	0.1026	0.2294	2.5764	0.005	0.023333333333333334	0.0634	0.1431	2.0919	0.018	0.07636363636363636	significant clustering by MPD
nifH	strict	Strict single-dominant	host_genus	Dalea	11	0.135	0.2318	3.1261	0.005	0.023333333333333334	0.0464	0.1073	2.814	0.002	0.012173913043478262	significant clustering by MPD
nifH	strict	Strict single-dominant	host_genus	Centrosema	6	0.1751	0.2281	1.2857	0.101	0.21753846153846154	0.0529	0.133	2.5399	0.004	0.0224	significant clustering by MNTD
nifH	strict	Strict single-dominant	host_genus	Sesbania	11	0.2553	0.2293	-0.9046	0.819	0.9028346456692913	0.0561	0.1035	2.3042	0.008	0.038620689655172416	significant clustering by MNTD
nifH	strict	Strict single-dominant	host_tribe	Amorpheae	23	0.1256	0.2354	5.6888	0.001	0.006333333333333333	0.034	0.0852	4.1494	0.001	0.010555555555555556	significant clustering by MPD
nifH	strict	Strict single-dominant	host_tribe	Desmodieae	64	0.1977	0.2331	3.1228	0.001	0.006333333333333333	0.0483	0.0571	1.5682	0.054	0.19	significant clustering by MPD
nifH	strict	Strict single-dominant	host_tribe	Galegeae	63	0.1138	0.2334	10.6436	0.001	0.006333333333333333	0.022	0.0565	6.0424	0.001	0.010555555555555556	significant clustering by MPD
nifH	strict	Strict single-dominant	host_tribe	Genisteae	26	0.1459	0.2305	4.3589	0.001	0.006333333333333333	0.0352	0.077	3.7555	0.001	0.010555555555555556	significant clustering by MPD
nifH	strict	Strict single-dominant	host_tribe	Loteae	8	0.0845	0.2289	3.7724	0.001	0.006333333333333333	0.0416	0.1194	2.8337	0.002	0.014615384615384615	significant clustering by MPD
nifH	strict	Strict single-dominant	host_tribe	Trifolieae	37	0.1569	0.2313	4.9172	0.001	0.006333333333333333	0.0314	0.0693	4.2937	0.001	0.010555555555555556	significant clustering by MPD
nifH	strict	Strict single-dominant	host_tribe	Sophoreae	5	0.0807	0.2347	3.1474	0.003	0.016764705882352942	0.0449	0.148	2.774	0.002	0.014615384615384615	significant clustering by MPD
nifH	strict	Strict single-dominant	host_tribe	Robinieae	7	0.1352	0.2288	2.3116	0.011	0.043541666666666666	0.0591	0.1259	2.2769	0.01	0.055882352941176466	significant clustering by MPD
nifH	strict	Strict single-dominant	host_tribe	Sesbanieae	11	0.2553	0.2281	-0.8916	0.806	0.9239880952380951	0.0561	0.1062	2.3986	0.007	0.0415625	significant clustering by MNTD
nifH	strict	Strict single-dominant	native_status	yes	312	0.221	0.2326	4.8088	0.001	0.0033333333333333335	0.0306	0.0319	1.7505	0.04	0.15666666666666668	significant clustering by MPD
nifH	strict	Strict single-dominant	sample_type	rhizosphere	96	0.1822	0.2303	5.5027	0.001	0.015	0.0565	0.0482	-2.1754	0.983	0.999	significant clustering by MPD
nifH	strict	Strict single-dominant	sample_type	nodule	211	0.2539	0.2352	-4.2919	1	1	0.0305	0.0377	4.3874	0.001	0.03	significant clustering by MNTD
nifH	strict	Strict single-dominant	site	CPER	6	0.0882	0.2347	3.4055	0.001	0.005652173913043478	0.0412	0.1382	2.8707	0.001	0.008125	significant clustering by MPD
nifH	strict	Strict single-dominant	site	NOGP	8	0.0297	0.2315	5.5085	0.001	0.005652173913043478	0.0129	0.1211	4.2139	0.001	0.008125	significant clustering by MPD
nifH	strict	Strict single-dominant	site	OAES	50	0.1471	0.2288	6.5303	0.001	0.005652173913043478	0.0297	0.06	4.562	0.001	0.008125	significant clustering by MPD
nifH	strict	Strict single-dominant	site	SRER	26	0.0402	0.2253	9.614	0.001	0.005652173913043478	0.0072	0.0761	5.7915	0.001	0.008125	significant clustering by MPD
nifH	strict	Strict single-dominant	site	TOOL	28	0.1137	0.2274	6.2181	0.001	0.005652173913043478	0.0337	0.0757	3.9963	0.001	0.008125	significant clustering by MPD
nifH	strict	Strict single-dominant	site	DEJU	13	0.1581	0.2316	2.7421	0.007	0.024594594594594597	0.0488	0.1018	2.9261	0.003	0.01625	significant clustering by MPD
nifH	strict	Strict single-dominant	site	RMNP	5	0.1159	0.226	2.2897	0.01	0.03333333333333333	0.0627	0.1429	2.1354	0.017	0.061388888888888896	significant clustering by MPD
nifH	strict	Strict single-dominant	site	LENO	13	0.1796	0.2299	1.7361	0.04	0.10612244897959183	0.0297	0.0998	3.8077	0.001	0.008125	significant clustering by MNTD
nifH	strict	Strict single-dominant	site	WOOD	11	0.205	0.2305	0.8472	0.195	0.338	0.0515	0.1076	2.7079	0.005	0.022413793103448276	significant clustering by MNTD
nifH	strict	Strict single-dominant	site	JERC	69	0.2243	0.2304	0.5919	0.27	0.43875000000000003	0.0419	0.0551	2.5148	0.004	0.018571428571428572	significant clustering by MNTD
nifH	strict	Strict single-dominant	state	Alaska	38	0.1527	0.2287	5.1829	0.001	0.006666666666666667	0.0346	0.0694	4.3643	0.001	0.007692307692307693	significant clustering by MPD
nifH	strict	Strict single-dominant	state	Arizona	26	0.0402	0.2294	10.4485	0.001	0.006666666666666667	0.0072	0.0782	6.3813	0.001	0.007692307692307693	significant clustering by MPD
nifH	strict	Strict single-dominant	state	OK	50	0.1471	0.2271	6.1112	0.001	0.006666666666666667	0.0297	0.0606	4.5453	0.001	0.007692307692307693	significant clustering by MPD
nifH	strict	Strict single-dominant	state	ND	23	0.1662	0.2243	2.7879	0.008	0.03636363636363637	0.0376	0.0792	3.2982	0.001	0.007692307692307693	significant clustering by MPD
nifH	strict	Strict single-dominant	state	FL	23	0.1804	0.2305	2.5336	0.01	0.04166666666666667	0.0731	0.0823	0.7358	0.238	0.4745098039215686	significant clustering by MPD
nifH	strict	Strict single-dominant	state	CO	12	0.1717	0.2297	2.035	0.025	0.08333333333333334	0.0534	0.1038	2.5415	0.002	0.013333333333333334	significant clustering by MNTD
nifH	strict	Strict single-dominant	state	Georgia	68	0.2231	0.23	0.6333	0.252	0.4666666666666667	0.042	0.0536	2.3224	0.007	0.03888888888888889	significant clustering by MNTD
nifJ	strict	Strict single-dominant	host_genus	Alnus	110	0.0301	0.0556	6.6232	0.001	0.006363636363636364	0.0057	0.0096	3.3192	0.002	0.012173913043478262	significant clustering by MPD
nifJ	strict	Strict single-dominant	native_status	yes	167	0.0464	0.0553	5.012	0.001	0.0033333333333333335	0.006	0.0077	4.1071	0.002	0.02	significant clustering by MPD
nifJ	strict	Strict single-dominant	site	BONA	25	0.0143	0.065	3.4577	0.001	0.005652173913043478	0.0064	0.0215	2.5612	0.002	0.011818181818181818	significant clustering by MPD
nifJ	strict	Strict single-dominant	site	DEJU	51	0.0151	0.0559	4.3054	0.001	0.005652173913043478	0.006	0.0146	2.8831	0.002	0.011818181818181818	significant clustering by MPD
nifJ	strict	Strict single-dominant	site	HEAL	23	0.031	0.0563	1.5872	0.059	0.15039215686274507	0.0068	0.0203	2.1096	0.013	0.048285714285714286	significant clustering by MNTD
nifJ	strict	Strict single-dominant	state	Alaska	92	0.0203	0.0576	6.4012	0.001	0.006666666666666667	0.0045	0.011	4.2332	0.001	0.007692307692307693	significant clustering by MPD
nifK	strict	Strict single-dominant	closest_blast_genus	Mesorhizobium	165	0.228	0.3383	16.2581	0.001	0.0023636363636363638	0.0384	0.0484	4.0823	0.002	0.006500000000000001	significant clustering by MPD
nifK	strict	Strict single-dominant	closest_blast_genus	Microvirga	62	0.1788	0.3362	11.7235	0.001	0.0023636363636363638	0.049	0.0664	2.8423	0.002	0.006500000000000001	significant clustering by MPD
nifK	strict	Strict single-dominant	closest_blast_genus	Sinorhizobium	180	0.217	0.3333	18.4884	0.001	0.0023636363636363638	0.0452	0.0472	0.891	0.186	0.2844705882352941	significant clustering by MPD
nifK	strict	Strict single-dominant	closest_blast_genus	Rhizobium	48	0.4353	0.3333	-6.4494	1	1	0.0409	0.0728	4.1885	0.001	0.006500000000000001	significant clustering by MNTD
nifK	strict	Strict single-dominant	host_genus	Lotus	10	0.037	0.3328	7.2605	0.001	0.006363636363636364	0.0217	0.1283	3.6332	0.001	0.008235294117647058	significant clustering by MPD
nifK	strict	Strict single-dominant	host_genus	Medicago	33	0.0602	0.3293	13.1491	0.001	0.006363636363636364	0.017	0.08	5.9551	0.001	0.008235294117647058	significant clustering by MPD
nifK	strict	Strict single-dominant	host_genus	Melilotus	17	0.0545	0.3291	9.4022	0.001	0.006363636363636364	0.0154	0.1019	4.571	0.001	0.008235294117647058	significant clustering by MPD
nifK	strict	Strict single-dominant	host_genus	Robinia	5	0.0342	0.3302	4.5111	0.001	0.006363636363636364	0.0223	0.1811	2.9517	0.001	0.008235294117647058	significant clustering by MPD
nifK	strict	Strict single-dominant	host_genus	Ceanothus	11	0.2096	0.3374	3.5003	0.002	0.0112	0.0863	0.1224	1.3121	0.086	0.24079999999999996	significant clustering by MPD
nifK	strict	Strict single-dominant	host_genus	Lupinus	21	0.2647	0.3306	2.6645	0.004	0.02	0.0891	0.0943	0.3342	0.37	0.588	significant clustering by MPD
nifK	strict	Strict single-dominant	host_genus	Astragalus	60	0.302	0.3356	2.66	0.006	0.02625	0.0336	0.0645	5.1413	0.001	0.008235294117647058	significant clustering by MPD
nifK	strict	Strict single-dominant	host_genus	Vicia	10	0.218	0.3325	2.9552	0.006	0.02625	0.093	0.1265	1.169	0.119	0.3	significant clustering by MPD
nifK	strict	Strict single-dominant	host_genus	Amorpha	12	0.2298	0.3334	2.8972	0.008	0.03294117647058823	0.0642	0.1145	2.0012	0.02	0.08	significant clustering by MPD
nifK	strict	Strict single-dominant	host_genus	Dryas	21	0.2952	0.3331	1.5306	0.058	0.1619607843137255	0.0551	0.0938	2.4916	0.005	0.026923076923076925	significant clustering by MNTD
nifK	strict	Strict single-dominant	host_tribe	Loteae	11	0.09	0.331	6.4133	0.001	0.006333333333333333	0.0478	0.124	2.7948	0.002	0.014615384615384615	significant clustering by MPD
nifK	strict	Strict single-dominant	host_tribe	Trifolieae	57	0.1401	0.3354	14.0482	0.001	0.006333333333333333	0.0221	0.0676	7.0472	0.001	0.010555555555555556	significant clustering by MPD
nifK	strict	Strict single-dominant	host_tribe	Fabeae	10	0.218	0.3357	2.9564	0.004	0.021111111111111112	0.093	0.1299	1.226	0.108	0.3012857142857143	significant clustering by MPD
nifK	strict	Strict single-dominant	host_tribe	Genisteae	21	0.2647	0.3315	2.6823	0.005	0.02375	0.0891	0.0959	0.4239	0.334	0.6475510204081633	significant clustering by MPD
nifK	strict	Strict single-dominant	host_tribe	Robinieae	6	0.1605	0.3313	2.9391	0.006	0.02590909090909091	0.087	0.1664	1.7157	0.034	0.1292	significant clustering by MPD
nifK	strict	Strict single-dominant	host_tribe	Galegeae	67	0.3034	0.3324	2.3041	0.014	0.051153846153846154	0.0362	0.0642	4.9531	0.001	0.010555555555555556	significant clustering by MNTD
nifK	strict	Strict single-dominant	native_status	no	103	0.296	0.337	4.4671	0.001	0.0033333333333333335	0.0399	0.0553	3.9367	0.001	0.02	significant clustering by MPD
nifK	strict	Strict single-dominant	native_status	yes	347	0.3238	0.334	3.9185	0.001	0.0033333333333333335	0.0411	0.0395	-1.8516	0.97	0.97	significant clustering by MPD
nifK	strict	Strict single-dominant	site	CPER	8	0.1371	0.3323	4.3308	0.001	0.005652173913043478	0.0651	0.1363	2.0155	0.011	0.04205882352941177	significant clustering by MPD
nifK	strict	Strict single-dominant	site	DCFS	10	0.1517	0.3306	4.7324	0.001	0.005652173913043478	0.0798	0.123	1.5103	0.056	0.15166666666666667	significant clustering by MPD
nifK	strict	Strict single-dominant	site	NOGP	12	0.0475	0.3274	8.3275	0.001	0.005652173913043478	0.0112	0.116	4.2451	0.001	0.008125	significant clustering by MPD
nifK	strict	Strict single-dominant	site	SRER	22	0.0572	0.3241	11.4474	0.001	0.005652173913043478	0.0274	0.0907	4.2376	0.001	0.008125	significant clustering by MPD
nifK	strict	Strict single-dominant	site	TOOL	28	0.2381	0.3278	4.3389	0.001	0.005652173913043478	0.0408	0.0841	3.5664	0.001	0.008125	significant clustering by MPD
nifK	strict	Strict single-dominant	site	WOOD	15	0.0829	0.3328	8.5943	0.001	0.005652173913043478	0.0228	0.107	4.2478	0.001	0.008125	significant clustering by MPD
nifK	strict	Strict single-dominant	site	KONZ	11	0.2019	0.3289	3.4395	0.002	0.009285714285714286	0.0889	0.1201	1.1991	0.122	0.26	significant clustering by MPD
nifK	strict	Strict single-dominant	site	LENO	6	0.1173	0.3308	3.8101	0.002	0.009285714285714286	0.0626	0.1616	2.1409	0.004	0.018571428571428572	significant clustering by MPD
nifK	strict	Strict single-dominant	site	DSNY	24	0.2775	0.3335	2.4979	0.009	0.030789473684210523	0.0805	0.0886	0.5885	0.286	0.48921052631578943	significant clustering by MPD
nifK	strict	Strict single-dominant	site	RMNP	7	0.2437	0.3232	1.4926	0.076	0.16745762711864406	0.0569	0.1467	2.3291	0.003	0.01625	significant clustering by MNTD
nifK	strict	Strict single-dominant	site	TALL	14	0.283	0.3271	1.3937	0.085	0.1782258064516129	0.0485	0.1089	2.806	0.002	0.011818181818181818	significant clustering by MNTD
nifK	strict	Strict single-dominant	site	OAES	60	0.3261	0.3253	-0.0638	0.525	0.7036082474226804	0.0344	0.0637	4.6992	0.001	0.008125	significant clustering by MNTD
nifK	strict	Strict single-dominant	state	AL	25	0.2507	0.3381	3.9178	0.001	0.006666666666666667	0.0519	0.0886	2.6603	0.001	0.007692307692307693	significant clustering by MPD
nifK	strict	Strict single-dominant	state	Arizona	22	0.0572	0.3388	11.3971	0.001	0.006666666666666667	0.0274	0.0952	4.4785	0.001	0.007692307692307693	significant clustering by MPD
nifK	strict	Strict single-dominant	state	ND	37	0.0897	0.3303	13.1848	0.001	0.006666666666666667	0.0278	0.0785	5.5029	0.001	0.007692307692307693	significant clustering by MPD
nifK	strict	Strict single-dominant	state	CO	18	0.2654	0.3411	2.7735	0.002	0.011764705882352943	0.0536	0.105	2.8408	0.003	0.01875	significant clustering by MPD
nifK	strict	Strict single-dominant	state	KS	11	0.2405	0.3324	2.4293	0.011	0.0423076923076923	0.0837	0.1261	1.4461	0.07	0.21212121212121213	significant clustering by MPD
nifK	strict	Strict single-dominant	state	OK	60	0.3261	0.3316	0.4005	0.352	0.5587301587301586	0.0344	0.0666	4.9582	0.001	0.007692307692307693	significant clustering by MNTD
nodL	strict	Strict single-dominant	closest_blast_genus	Sinorhizobium	196	0.0402	0.0679	13.2428	0.001	0.0023636363636363638	0.0052	0.0059	2.1084	0.038	0.076	significant clustering by MPD
nodL	strict	Strict single-dominant	host_genus	Medicago	47	0.0129	0.0718	4.98	0.001	0.006363636363636364	0.0018	0.0083	2.6045	0.001	0.008235294117647058	significant clustering by MPD
nodL	strict	Strict single-dominant	host_genus	Melilotus	26	0.0099	0.0694	3.3007	0.001	0.006363636363636364	0.0015	0.0126	2.3933	0.001	0.008235294117647058	significant clustering by MPD
nodL	strict	Strict single-dominant	host_tribe	Trifolieae	77	0.0148	0.0691	6.4701	0.001	0.006333333333333333	0.0027	0.0074	2.8111	0.002	0.014615384615384615	significant clustering by MPD
nodL	strict	Strict single-dominant	native_status	no	94	0.0233	0.0618	4.7534	0.001	0.0033333333333333335	0.0041	0.007	2.0534	0.016	0.085	significant clustering by MPD
nodL	strict	Strict single-dominant	sample_type	rhizosphere	71	0.0379	0.0695	3.1504	0.002	0.02	0.0063	0.0084	1.1152	0.129	0.4145454545454545	significant clustering by MPD
nodL	strict	Strict single-dominant	site	CPER	12	0.0081	0.0589	1.7614	0.001	0.005652173913043478	0.0022	0.0202	1.6508	0.006	0.026	significant clustering by MPD
nodL	strict	Strict single-dominant	site	WOOD	24	0.0104	0.0672	2.9384	0.001	0.005652173913043478	0.0016	0.0148	2.3716	0.002	0.011818181818181818	significant clustering by MPD
nodL	strict	Strict single-dominant	site	NOGP	17	0.0127	0.0655	2.2189	0.002	0.009285714285714286	0.0026	0.0174	1.9163	0.007	0.02935483870967742	significant clustering by MPD
nodL	strict	Strict single-dominant	site	BLAN	8	0.0093	0.0574	1.3825	0.006	0.021666666666666667	0.0038	0.0228	1.2718	0.055	0.15166666666666667	significant clustering by MPD
nodL	strict	Strict single-dominant	state	ND	59	0.0195	0.066	4.2321	0.001	0.006666666666666667	0.0051	0.0083	1.4979	0.052	0.17931034482758618	significant clustering by MPD
nodX	strict	Strict single-dominant	host_genus	Alnus	11	0.0204	0.0336	1.2871	0.048	0.13714285714285715	0	0.006	1.4751	0.002	0.012173913043478262	significant clustering by MNTD
nodX	strict	Strict single-dominant	site	BLAN	9	0.0068	0.0412	2.2143	0.001	0.005652173913043478	0.0026	0.009	0.9644	0.179	0.35119402985074627	significant clustering by MPD
nodX	strict	Strict single-dominant	site	OSBS	11	0.0134	0.0415	1.9986	0.002	0.009285714285714286	8e-4	0.0079	1.3278	0.008	0.0325	significant clustering by MPD
nodX	strict	Strict single-dominant	site	ORNL	11	0.0145	0.0432	1.9377	0.004	0.016774193548387096	0.0015	0.0087	1.3014	0.033	0.10214285714285715	significant clustering by MPD
nodX	strict	Strict single-dominant	site	SCBI	6	0.01	0.0426	1.6168	0.011	0.03575	0.0049	0.0129	0.7908	0.303	0.492375	significant clustering by MPD
nodX	strict	Strict single-dominant	site	DEJU	8	0.0269	0.0419	0.8633	0.22	0.3666666666666667	2e-4	0.0099	1.3361	0.004	0.018571428571428572	significant clustering by MNTD
nodX	strict	Strict single-dominant	state	FL	11	0.0134	0.0434	1.9022	0.001	0.006666666666666667	8e-4	0.0086	1.3578	0.007	0.03888888888888889	significant clustering by MPD
nodX	strict	Strict single-dominant	state	VA	15	0.0082	0.0438	2.6738	0.001	0.006666666666666667	0.0027	0.0072	1.0655	0.21	0.4375	significant clustering by MPD
nodX	strict	Strict single-dominant	state	TN	12	0.0184	0.0432	1.6178	0.004	0.02105263157894737	0.002	0.0082	1.1595	0.094	0.2611111111111111	significant clustering by MPD
nodX	strict	Strict single-dominant	state	Alaska	13	0.0241	0.0426	1.3276	0.049	0.14	1e-4	0.0078	1.5555	0.001	0.007692307692307693	significant clustering by MNTD
noeA	strict	Strict single-dominant	host_genus	Melilotus	27	0.0035	0.0051	2.1215	0.002	0.0112	6e-4	0.0011	1.5544	0.019	0.07823529411764706	significant clustering by MPD
noeA	strict	Strict single-dominant	host_tribe	Desmodieae	25	0.0032	0.0048	2.1362	0.003	0.016764705882352942	5e-4	0.0011	1.611	0.02	0.095	significant clustering by MPD
noeA	strict	Strict single-dominant	site	CPER	11	0.0025	0.0047	1.8087	0.005	0.018571428571428572	5e-4	0.0016	1.4833	0.02	0.07027027027027027	significant clustering by MPD
noeA	strict	Strict single-dominant	site	BLAN	10	0.0026	0.0046	1.6088	0.013	0.03930232558139535	8e-4	0.0016	1.0865	0.108	0.2507142857142857	significant clustering by MPD
noeA	strict	Strict single-dominant	state	VA	18	0.0032	0.005	1.8655	0.009	0.03913043478260869	8e-4	0.0014	1.0982	0.113	0.2973684210526316	significant clustering by MPD
noeB	strict	Strict single-dominant	closest_blast_genus	Sinorhizobium	132	0.0155	0.0155	6.3464	0.001	0.0023636363636363638	0.002	0.002	-0.9995	1	1	significant clustering by MPD
noeB	strict	Strict single-dominant	host_genus	Melilotus	21	0.008	0.016	2.8858	0.001	0.006363636363636364	0.0011	0.0034	1.841	0.002	0.012173913043478262	significant clustering by MPD
noeB	strict	Strict single-dominant	host_genus	Desmodium	7	0.0063	0.0159	1.761	0.011	0.044	0.0032	0.0055	0.8014	0.191	0.40515151515151515	significant clustering by MPD
noeB	strict	Strict single-dominant	host_tribe	Desmodieae	15	0.0087	0.0156	2.062	0.009	0.03717391304347826	0.0015	0.0038	1.4529	0.02	0.095	significant clustering by MPD
noeB	strict	Strict single-dominant	site	BLAN	8	0.0065	0.0181	2.2882	0.002	0.009285714285714286	0.0032	0.0062	1.0621	0.098	0.234	significant clustering by MPD
noeB	strict	Strict single-dominant	site	OAES	36	0.0172	0.0166	-0.2782	0.629	0.8029411764705882	0.0017	0.0032	1.7522	0.009	0.035454545454545454	significant clustering by MNTD
noeB	strict	Strict single-dominant	state	VA	14	0.0078	0.0163	2.4488	0.001	0.006666666666666667	0.0022	0.0042	1.134	0.061	0.19677419354838707	significant clustering by MPD
noeB	strict	Strict single-dominant	state	AL	6	0.0087	0.0178	1.4834	0.037	0.11212121212121212	4e-4	0.0072	1.9351	0.002	0.013333333333333334	significant clustering by MNTD
nolF	strict	Strict single-dominant	site	WOOD	30	0.0047	0.0073	1.2349	0.001	0.005652173913043478	8e-4	0.0013	0.4664	0.369	0.5577906976744186	significant clustering by MPD
nolF	strict	Strict single-dominant	site	SCBI	9	0.0032	0.0073	1.0002	0.005	0.018571428571428572	0.0012	0.002	0.3654	0.312	0.5007407407407407	significant clustering by MPD
nolF	strict	Strict single-dominant	site	TOOL	7	0.0031	0.0073	0.9028	0.005	0.018571428571428572	0.0012	0.0023	0.4747	0.201	0.384264705882353	significant clustering by MPD
nolF	strict	Strict single-dominant	state	VA	21	0.005	0.0073	0.9076	0.011	0.0423076923076923	0.0012	0.0015	0.2012	0.66	0.8697368421052633	significant clustering by MPD
nolG	strict	Strict single-dominant	closest_blast_genus	Sinorhizobium	201	0.0086	0.0086	4.4362	0.001	0.0023636363636363638	9e-4	9e-4	-0.9995	1	1	significant clustering by MPD
nolG	strict	Strict single-dominant	host_tribe	Desmodieae	31	0.0064	0.0089	2.6978	0.005	0.02375	0.0012	0.0013	0.4907	0.351	0.6668999999999999	significant clustering by MPD
nolG	strict	Strict single-dominant	native_status	no	89	0.0078	0.0088	2.4241	0.01	0.028571428571428574	0.0011	0.0011	-0.0399	0.507	0.78	significant clustering by MPD
nolG	strict	Strict single-dominant	site	WOOD	29	0.0044	0.0086	3.6962	0.001	0.005652173913043478	6e-4	0.0014	2.1156	0.002	0.011818181818181818	significant clustering by MPD
nolG	strict	Strict single-dominant	site	BLAN	10	0.0023	0.0089	3.1776	0.003	0.013448275862068964	0.0012	0.0023	1.3427	0.07	0.1784313725490196	significant clustering by MPD
nolG	strict	Strict single-dominant	site	DSNY	9	0.0036	0.0091	2.6753	0.005	0.018571428571428572	0.0019	0.0024	0.6193	0.275	0.47666666666666674	significant clustering by MPD
nolG	strict	Strict single-dominant	site	TALL	10	0.0036	0.0085	2.4391	0.012	0.037142857142857144	0.0018	0.0023	0.6059	0.264	0.4637837837837838	significant clustering by MPD
nolG	strict	Strict single-dominant	site	OSBS	8	0.0055	0.0084	1.275	0.122	0.23671641791044776	5e-4	0.0026	2.043	0.004	0.018571428571428572	significant clustering by MNTD
nolG	strict	Strict single-dominant	state	VA	20	0.0037	0.0088	3.711	0.001	0.006666666666666667	0.0018	0.0016	-0.459	0.722	0.9139240506329114	significant clustering by MPD
nolG	strict	Strict single-dominant	state	ND	63	0.0071	0.0087	2.8274	0.005	0.025	0.0012	0.0012	-0.2148	0.585	0.8013698630136985	significant clustering by MPD
nolG	strict	Strict single-dominant	state	Florida	9	0.0036	0.0093	2.7141	0.008	0.03636363636363637	0.0019	0.0026	0.7221	0.237	0.4745098039215686	significant clustering by MPD
