tip_label	sample_id	domain	species	date_finalized	qubit_average	total_dna	nebnext_protocol	isotope_reference_name	sample_preservation	type	family	site	genus	tribe	plot_simple	county	state	native	lat	long	date_field_collection	sample_type	host_genus	host_tribe	native_status	closest_blast_genus	closest_blast_taxon	percent_identity	query_coverage_percent	evalue	bitscore
BLAN-1-1-No|nodX|consensus50|pass_single_dominant	BLAN-1-1-No	D02	Trifolium repens	4/23/25	2.17	104.16	Quarter	BLAN-1	ethanol	nodule	Fabaceae	BLAN	Trifolium	Trifolieae	BLAN_020	Clarke	VA	no	39.101131	-77.980227	8/13/24	nodule	Trifolium	Trifolieae	no	Rhizobium	Rhizobium_anhuiense_bv._trifolii	99.455	98.2159	0	2012
BLAN-1-1-Rh|nodX|consensus50|pass_single_dominant	BLAN-1-1-Rh	D02	Trifolium repens	4/23/25	0.0565	2.712	Quarter	BLAN-1	ethanol	rhizosphere	Fabaceae	BLAN	Trifolium	Trifolieae	BLAN_020	Clarke	VA	no	39.101131	-77.980227	8/13/24	rhizosphere	Trifolium	Trifolieae	no	Rhizobium	Rhizobium_anhuiense_bv._trifolii	99.242	94.1124	0	1914
BLAN-1-1-Ro|nodX|consensus50|pass_single_dominant	BLAN-1-1-Ro	D02	Trifolium repens	4/23/25	0.053	2.544	Quarter	BLAN-1	ethanol	root	Fabaceae	BLAN	Trifolium	Trifolieae	BLAN_020	Clarke	VA	no	39.101131	-77.980227	8/13/24	root	Trifolium	Trifolieae	no	Rhizobium	Rhizobium_anhuiense_bv._trifolii	99.728	98.2159	0	2021
TALL-70-1-Rh|nodX|consensus50|pass_single_dominant	TALL-70-1-Rh	D08	Lespedeza sp.	4/8/25	0.4445	21.336	Quarter	TALL-70	NA	rhizosphere	Fabaceae	TALL	Lespedeza	Desmodieae	TALL_055	Bibb County	AL	0	32.948535	-87.39881	9/3/24	rhizosphere	Lespedeza	Desmodieae	0	Rhizobium	Rhizobium_anhuiense_bv._trifolii	99.545	98.0375	0	2008
WOOD-10-1-Rh|nodX|consensus50|pass_single_dominant	WOOD-10-1-Rh	D09	Medicago lupulina	4/24/25	0	0	Quarter	WOOD-10	ethanol	rhizosphere	Fabaceae	WOOD	Medicago	Trifolieae	WOOD_030	Stutsman	ND	no	47.13885	-99.2415	9/26/24	rhizosphere	Medicago	Trifolieae	no	Rhizobium	Rhizobium_anhuiense_bv._trifolii	99.631	96.6994	0	1986
DSNY-85-1-Rh|nodX|consensus50|pass_single_dominant	DSNY-85-1-Rh	D03	Desmodium triflorum	4/4/25	0	0	Quarter	DSNY-85	dry	rhizosphere	Fabaceae	DSNY	Desmodium	Desmodieae	DSNY_015	Polk	Florida	yes	28.1094133	-81.4308468	20240904	rhizosphere	Desmodium	Desmodieae	yes	Rhizobium	Rhizobium_anhuiense_bv._trifolii	99.354	96.6102	0	1969
SCBI-1-1-Rh|nodX|consensus50|pass_single_dominant	SCBI-1-1-Rh	D02	Lespedeza cuneata	4/23/25	0	0	Quarter	SCBI-1	ethanol	rhizosphere	Fabaceae	SCBI	Lespedeza	Desmodieae	SCBI-006	Warren	VA	no	38.897638	-78.152008	6/26/24	rhizosphere	Lespedeza	Desmodieae	no	Rhizobium	Rhizobium_anhuiense_bv._trifolii	99.539	96.6994	0	1978
JERC-135-3-Rh|nodX|consensus50|pass_single_dominant	JERC-135-3-Rh	D03	Stylosanthes biflora	4/8/25	0	0	Quarter	JERC-135	dry	rhizosphere	Fabaceae	JERC	Stylosanthes	Dalbergieae	JERC_048	Baker County	Georgia	yes	NA	NA	20240807	rhizosphere	Stylosanthes	Dalbergieae	yes	Rhizobium	Rhizobium_anhuiense_bv._trifolii	99.273	98.2159	0	1999
GRSM-1-No|nodX|consensus50|pass_single_dominant	GRSM-1-No	D07	Amphicarpaea bracteata	4/17/25	0.324	15.552	Quarter	GRSM-1	dry	nodule	Fabaceae	GRSM	Amphicarpaea	Phaseoleae	GRSM_055	Sevier	TN	yes	35.685523	-83.502232	6/3/24	nodule	Amphicarpaea	Phaseoleae	yes	Rhizobium	Rhizobium_anhuiense_bv._trifolii	99.728	98.3051	0	2019
BLAN-2-1-No|nodX|consensus50|pass_single_dominant	BLAN-2-1-No	D02	Desmodium sp.	4/23/25	3.94	189.12	Quarter	BLAN-2	ethanol	nodule	Fabaceae	BLAN	Desmodium	Desmodieae	BLAN_020	Clarke	VA	yes	39.101002	-77.980641	8/13/24	nodule	Desmodium	Desmodieae	yes	Rhizobium	Rhizobium_anhuiense_bv._trifolii	98.986	96.7886	0	1962
BLAN-4-1-Ro|nodX|consensus50|pass_single_dominant	BLAN-4-1-Ro	D02	Elaeagnus umbellata	4/23/25	0	0	Quarter	BLAN-4	ethanol	root	Elaeagnaceae	BLAN	Elaeagnus	actinorhizal	BLAN_020	Clarke	VA	no	39.100987	-77.980772	8/13/24	root	Elaeagnus	actinorhizal	no	Rhizobium	Rhizobium_leguminosarum	99.171	96.7886	0	1958
SCBI-2-1-No|nodX|consensus50|pass_single_dominant	SCBI-2-1-No	D02	Lespedeza cuneata	4/23/25	0	0	Quarter	SCBI-2	ethanol	nodule	Fabaceae	SCBI	Lespedeza	Desmodieae	SCBI-006	Warren	VA	no	38.897638	-78.152008	NA	nodule	Lespedeza	Desmodieae	no	Rhizobium	Rhizobium_anhuiense_bv._trifolii	99.456	98.3051	0	2004
DCFS-6-1-No|nodX|consensus50|pass_single_dominant	DCFS-6-1-No	D09	Medicago lupulina	4/23/25	0	0	Quarter	DCFS-6	dry	nodule	Fabaceae	DCFS	Medicago	Trifolieae	DCFS_065	Stutsman	ND	no	47.16085	99.11081	6/20/24	nodule	Medicago	Trifolieae	no	Rhizobium	Rhizobium_anhuiense_bv._trifolii	99.093	98.3051	0	1993
BLAN-3-1-No|nodX|consensus50|pass_mixed_possible_multitemplate	BLAN-3-1-No	D02	Kummerowia striata	4/23/25	0.09	4.32	Quarter	BLAN-3	ethanol	nodule	Fabaceae	BLAN	Kummerowia	Desmodieae	BLAN_020	Clarke	VA	no	39.100957	-77.980777	8/13/24	nodule	Kummerowia	Desmodieae	no	Rhizobium	Rhizobium_anhuiense_bv._trifolii	99.004	98.4835	0	1999
BLAN-2-1-Ro|nodX|consensus50|pass_single_dominant	BLAN-2-1-Ro	D02	Desmodium sp.	4/23/25	0.1405	6.744	Quarter	BLAN-2	ethanol	root	Fabaceae	BLAN	Desmodium	Desmodieae	BLAN_020	Clarke	VA	yes	39.101002	-77.980641	8/13/24	root	Desmodium	Desmodieae	yes	Rhizobium	Rhizobium_beringeri	100	98.2159	0	2034
JERC-25-1-Rh|nodX|consensus50|pass_single_dominant	JERC-25-1-Rh	D03	Desmodium lineatum	2/17/25	0	0	Quarter	JERC-25	dry	rhizosphere	Fabaceae	JERC	Desmodium	Desmodieae	JERC_007	Baker County	Georgia	yes	NA	NA	20240603	rhizosphere	Desmodium	Desmodieae	yes	Rhizobium	Rhizobium_beringeri	99.904	93.0419	0	1923
ORNL-4-1-Ro|nodX|consensus50|pass_single_dominant	ORNL-4-1-Ro	D07	Trifolium pratense	2/17/25	0.7395	35.496	Quarter	ORNL-4	dry	root	Fabaceae	ORNL	Trifolium	Trifolieae	ORNL_021	Anderson	TN	no	35.955556	-84.221111	5/15/24	root	Trifolium	Trifolieae	no	Rhizobium	Rhizobium_beringeri	99.909	98.4835	0	2036
BLAN-3-1-Ro|nodX|consensus50|pass_single_dominant	BLAN-3-1-Ro	D02	Kummerowia striata	4/23/25	0.0685	3.288	Quarter	BLAN-3	ethanol	root	Fabaceae	BLAN	Kummerowia	Desmodieae	BLAN_020	Clarke	VA	no	39.100957	-77.980777	8/13/24	root	Kummerowia	Desmodieae	no	Rhizobium	Rhizobium_beringeri	100	98.4835	0	2039
DSNY-25-1-Rh|nodX|consensus50|pass_single_dominant	DSNY-25-1-Rh	D03	Lupinus floridanus	9/18/24	1.285	61.68	Quarter	DSNY-LUFL-25	dry	rhizosphere	Fabaceae	DSNY	Lupinus	Genisteae	DSNY_025	Polk	Florida	yes	28.06355	-81.4112	20240402	rhizosphere	Lupinus	Genisteae	yes	Rhizobium	Rhizobium_leguminosarum	99.038	92.6851	0	1879
DSNY-52-1-No|nodX|consensus50|pass_mixed_possible_multitemplate	DSNY-52-1-No	D03	Chamaecrista nictitans	9/25/24	0.724	34.752	Quarter	DSNY-CHNI2-52	dry	nodule	Fabaceae	DSNY	Chamaecrista	Cassieae	DSNY_041	Osceola	Florida	yes	NA	NA	20240529	nodule	Chamaecrista	Cassieae	yes	Rhizobium	Rhizobium_leguminosarum	96.866	88.2248	0	1703
JERC-LEVI-79-2-Ro|nodX|consensus50|pass_single_dominant	JERC-LEVI-79-2-Ro	D03	Lespedeza virginica	12/4/24	0.077	3.696	Quarter	JERC-79	dry	root	Fabaceae	JERC	Lespedeza	Desmodieae	JERC_047	Baker County	Georgia	yes	NA	NA	20240618	root	Lespedeza	Desmodieae	yes	Rhizobium	Rhizobium_leguminosarum	98.43	90.901	0	1810
JERC-CERE-67-1-No|nodX|consensus50|pass_single_dominant	JERC-CERE-67-1-No	D03	Lespedeza repens	12/4/24	0.666	31.968	Quarter	JERC-67	dry	nodule	Fabaceae	JERC	Lespedeza	Desmodieae	JERC_050	Baker County	Georgia	yes	NA	NA	20240618	nodule	Lespedeza	Desmodieae	yes	Rhizobium	Rhizobium_leguminosarum	98.361	97.9483	0	1953
GUAN-8-No|nodX|consensus50|pass_single_dominant	GUAN-8-No	D04	Centrosema virginiana	2/19/25	1.15	55.2	Quarter	GUAN-8	dry	nodule	Fabaceae	GUAN	Centrosema	Phaseoleae	GUAN_049	Guanica	P.R	yes	17.968	-66.864449	10/31/24	nodule	Centrosema	Phaseoleae	yes	Rhizobium	Rhizobium_leguminosarum	98.911	98.3051	0	1982
OSBS-81-1-Rh|nodX|consensus50|pass_single_dominant	OSBS-81-1-Rh	D03	Chamaecrista nictitans	1/28/25	0	0	Quarter	OSBS-81	dry	rhizosphere	Fabaceae	OSBS	Chamaecrista	Cassieae	OSBS_004	Putnam	FL	yes	NA	NA	20240822	rhizosphere	Chamaecrista	Cassieae	yes	Rhizobium	Rhizobium_leguminosarum	99.161	95.7181	0	1943
JERC-LEST-78-5-Rh|nodX|consensus50|pass_single_dominant	JERC-LEST-78-5-Rh	D03	Lespedeza stuevei	12/4/24	0	0	Quarter	JERC-78	dry	rhizosphere	Fabaceae	JERC	Lespedeza	Desmodieae	JERC_047	Baker County	Georgia	yes	NA	NA	20240618	rhizosphere	Lespedeza	Desmodieae	yes	Rhizobium	Rhizobium_leguminosarum	99.532	95.3613	0	1954
N13-2-D-Ro|nodX|consensus50|pass_single_dominant	N13-2-D-Ro	NA	NA	NA	NA	NA	NA	NA	NA	NA	NA	NA	NA	NA	NA	NA	NA	NA	NA	NA	NA	NA	NA	NA	NA	Rhizobium	Rhizobium_leguminosarum	99.819	98.4835	0	2032
ORNL-14-1-No|nodX|consensus50|pass_single_dominant	ORNL-14-1-No	D07	Medicago lupulina	2/25/24	0	0	Quarter	ORNL-14	dry	nodule	Fabaceae	ORNL	Medicago	Trifolieae	ORNL_047	Anderson	TN	no	35.952222	-84.219444	7/11/24	nodule	Medicago	Trifolieae	no	Rhizobium	Rhizobium_leguminosarum	100	98.2159	0	2034
SCBI-7-1-No|nodX|consensus50|pass_single_dominant	SCBI-7-1-No	D02	Trifolium repens	4/24/25	0	0	Quarter	SCBI-7	ethanol	nodule	Fabaceae	SCBI	Trifolium	Trifolieae	SCBI-062	Warren	VA	no	38.895336	-78.138062	6/26/24	nodule	Trifolium	Trifolieae	no	Rhizobium	Rhizobium_leguminosarum	100	98.3943	0	2037
SCBI-7-1-Ro|nodX|consensus50|pass_single_dominant	SCBI-7-1-Ro	D02	Trifolium repens	4/24/25	0.076	3.648	Quarter	SCBI-7	ethanol	root	Fabaceae	SCBI	Trifolium	Trifolieae	SCBI-062	Warren	VA	no	38.895336	-78.138062	6/26/24	root	Trifolium	Trifolieae	no	Rhizobium	Rhizobium_leguminosarum	100	98.3051	0	2036
OSBS-83-1-Ro|nodX|consensus50|pass_single_dominant	OSBS-83-1-Ro	D03	Galactia elliottii	2/13/25	0.189	9.072	Quarter	OSBS-83	dry	root	Fabaceae	OSBS	Galactia	Diocleae	OSBS_004	Putnam	FL	yes	29.684337	-81.957673	20240822	root	Galactia	Diocleae	yes	Rhizobium	Rhizobium_leguminosarum	99.721	95.9857	0	1977
SCBI-1-1-Ro|nodX|consensus50|pass_single_dominant	SCBI-1-1-Ro	D02	Lespedeza cuneata	4/23/25	0.748	35.904	Quarter	SCBI-1	ethanol	root	Fabaceae	SCBI	Lespedeza	Desmodieae	SCBI-006	Warren	VA	no	38.897638	-78.152008	6/26/24	root	Lespedeza	Desmodieae	no	Rhizobium	Rhizobium_beringeri	99.545	98.1267	0	2008
N13-2-D-No|nodX|consensus50|pass_mixed_possible_multitemplate	N13-2-D-No	NA	NA	NA	NA	NA	NA	NA	NA	NA	NA	NA	NA	NA	NA	NA	NA	NA	NA	NA	NA	NA	NA	NA	NA	Rhizobium	Rhizobium_leguminosarum	97.101	98.4835	0	1921
BONA-14-No|nodX|consensus50|pass_single_dominant	BONA-14-No	D19	Alnus viridis	3/6/25	4.2	201.6	Quarter	BONA-14	ethanol	nodule	Betulaceae	BONA	Alnus	actinorhizal	BONA_003	NA	Alaska	yes	NA	NA	20240909	nodule	Alnus	actinorhizal	yes	Rhizobium	Rhizobium_aethiopicum	98.457	98.3051	0	1941
TALL-46-2-No|nodX|consensus50|pass_single_dominant	TALL-46-2-No	D08	Lespedeza repens	3/20/25	0.506	24.288	Quarter	TALL-46	dry	nodule	Fabaceae	TALL	Lespedeza	Desmodieae	TALL_003	Bibb County	AL	yes	32.893117	-87.415111	8/27/24	nodule	Lespedeza	Desmodieae	yes	Rhizobium	Rhizobium_aethiopicum	98.457	98.3051	0	1941
OSBS-44-1-Rh|nodX|consensus50|pass_single_dominant	OSBS-44-1-Rh	D03	Pediomelum canescens	3/6/25	0	0	Quarter	OSBS-44	dry	rhizosphere	Fabaceae	OSBS	Pediomelum	Psoraleeae	OSBS_026	Putnam	FL	yes	NA	NA	20240617	rhizosphere	Pediomelum	Psoraleeae	yes	Rhizobium	Rhizobium_aethiopicum	98.457	98.3051	0	1941
DEJU-35-Ro|nodX|consensus50|pass_single_dominant	DEJU-35-Ro	D19	Alnus viridis	2/19/25	5.345	256.56	Half	DEJU-35	ethanol	root	Betulaceae	DEJU	Alnus	actinorhizal	DEJU_015	NA	Alaska	yes	NA	NA	NA	root	Alnus	actinorhizal	yes	Rhizobium	Rhizobium_aethiopicum	98.457	98.3051	0	1941
ORNL-1-1-No|nodX|consensus50|pass_single_dominant	ORNL-1-1-No	D07	Elaeagnus umbellata	2/17/25	10.85	520.8	Half	ORNL-1	dry	nodule	Elaeagnaceae	ORNL	Elaeagnus	actinorhizal	ORNL_009	Anderson	TN	no	35.974444	-84.228056	5/15/24	nodule	Elaeagnus	actinorhizal	no	Rhizobium	Rhizobium_aethiopicum	98.457	98.3051	0	1941
ORNL-1-1-Rh|nodX|consensus50|pass_single_dominant	ORNL-1-1-Rh	D07	Elaeagnus umbellata	2/17/25	7.885	378.48	Half	ORNL-1	dry	rhizosphere	Elaeagnaceae	ORNL	Elaeagnus	actinorhizal	ORNL_009	Anderson	TN	no	35.974444	-84.228056	5/15/24	rhizosphere	Elaeagnus	actinorhizal	no	Rhizobium	Rhizobium_aethiopicum	98.342	69.9376	0	1376
DELA-15-1-Rh|nodX|consensus50|pass_single_dominant	DELA-15-1-Rh	D08	Lespedeza cuneata	3/3/25	0	0	Quarter	DELA-15	dry	rhizosphere	Fabaceae	DELA	Lespedeza	Desmodieae	DELA_008	Green County	AL	no	32.53861	-87.81298	8/14/24	rhizosphere	Lespedeza	Desmodieae	no	Rhizobium	Rhizobium_aethiopicum	98.456	98.2159	0	1940
BONA-2-Ro|nodX|consensus50|pass_single_dominant	BONA-2-Ro	D19	Alnus viridis	3/6/25	14.75	708	Half	BONA-2	ethanol	root	Betulaceae	BONA	Alnus	actinorhizal	BONA_072	NA	Alaska	yes	NA	NA	20240829	root	Alnus	actinorhizal	yes	Rhizobium	Rhizobium_aethiopicum	98.457	98.3051	0	1941
DSNY-81-1-No|nodX|consensus50|pass_single_dominant	DSNY-81-1-No	D03	Sesbania herbacea	3/3/25	0.073	3.504	Quarter	DSNY-81	dry	nodule	Fabaceae	DSNY	Sesbania	Sesbanieae	DSNY_015	Polk	Florida	yes	28.1094603	-81.4310661	20240904	nodule	Sesbania	Sesbanieae	yes	Rhizobium	Rhizobium_aethiopicum	98.459	98.3943	0	1943
UNDE-3-1-No|nodX|consensus50|pass_single_dominant	UNDE-3-1-No	D05	Alnus incana	2/12/25	13.35	640.8	Half	UNDE-3	ethanol	nodule	Betulaceae	UNDE	Alnus	actinorhizal	UNDE_002	Gogebic	MI	yes	46.243291°N	-89.544838°W	8/29/24	nodule	Alnus	actinorhizal	yes	Rhizobium	Rhizobium_aethiopicum	98.459	98.3943	0	1943
OSBS-44-1-No|nodX|consensus50|pass_single_dominant	OSBS-44-1-No	D03	Pediomelum canescens	3/6/25	0	0	Quarter	OSBS-44	dry	nodule	Fabaceae	OSBS	Pediomelum	Psoraleeae	OSBS_026	Putnam	FL	yes	NA	NA	20240617	nodule	Pediomelum	Psoraleeae	yes	Rhizobium	Rhizobium_aethiopicum	98.459	98.3943	0	1943
CLBJ-36-1-No|nodX|consensus50|pass_single_dominant	CLBJ-36-1-No	D11	Trifolium arvense	3/6/25	0	0	Quarter	CLBJ-36	ethanol	nodule	Fabaceae	CLBJ	Trifolium	Trifolieae	CLBJ_032_R	Wise	TX	no	33.406134	-97.593996	6/13/24	nodule	Trifolium	Trifolieae	no	Rhizobium	Rhizobium_aethiopicum	98.456	98.2159	0	1940
CLBJ-36-1-Ro|nodX|consensus50|pass_single_dominant	CLBJ-36-1-Ro	D11	Trifolium arvense	3/6/25	0.217	10.416	Quarter	CLBJ-36	ethanol	root	Fabaceae	CLBJ	Trifolium	Trifolieae	CLBJ_032_R	Wise	TX	no	33.406134	-97.593996	6/13/24	root	Trifolium	Trifolieae	no	Rhizobium	Rhizobium_aethiopicum	98.456	98.2159	0	1940
ORNL-10-1-Ro|nodX|consensus50|pass_single_dominant	ORNL-10-1-Ro	D07	Desmodium viridiflorum	3/6/25	0.244	11.712	Quarter	ORNL-10	dry	root	Fabaceae	ORNL	Desmodium	Desmodieae	ORNL_047	Anderson	TN	yes	35.9525	-84.22	7/11/24	root	Desmodium	Desmodieae	yes	Rhizobium	Rhizobium_aethiopicum	98.456	98.2159	0	1940
CLBJ-37-1-Rh|nodX|consensus50|pass_single_dominant	CLBJ-37-1-Rh	D11	Trifolium vessiculosum	3/6/25	0	0	Quarter	CLBJ-37	ethanol	rhizosphere	Fabaceae	CLBJ	Trifolium	Trifolieae	CLBJ_032_R	Wise	TX	no	33.406134	-97.593996	6/13/24	rhizosphere	Trifolium	Trifolieae	no	Rhizobium	Rhizobium_aethiopicum	98.456	98.2159	0	1940
OSBS-45-1-Ro|nodX|consensus50|pass_single_dominant	OSBS-45-1-Ro	D03	Crotalaria maritima	3/6/25	0.7695	36.936	Quarter	OSBS-45	dry	root	Fabaceae	OSBS	Crotalaria	Crotalarieae	OSBS_026	Putnam	FL	yes	NA	NA	20240617	root	Crotalaria	Crotalarieae	yes	Rhizobium	Rhizobium_aethiopicum	98.456	98.2159	0	1940
DSNY-79-1-Rh|nodX|consensus50|pass_single_dominant	DSNY-79-1-Rh	D03	Desmodium incanum	3/3/25	0	0	Quarter	DSNY-79	dry	rhizosphere	Fabaceae	DSNY	Desmodium	Desmodieae	DSNY_015	Polk	Florida	yes	28.1094603	-81.4310661	20240904	rhizosphere	Desmodium	Desmodieae	yes	Rhizobium	Rhizobium_aethiopicum	98.456	98.2159	0	1940
ORNL-10-1-Rh|nodX|consensus50|pass_single_dominant	ORNL-10-1-Rh	D07	Desmodium viridiflorum	3/6/25	4.455	213.84	Quarter	ORNL-10	dry	rhizosphere	Fabaceae	ORNL	Desmodium	Desmodieae	ORNL_047	Anderson	TN	yes	35.9525	-84.22	7/11/24	rhizosphere	Desmodium	Desmodieae	yes	Rhizobium	Rhizobium_aethiopicum	98.456	98.2159	0	1940
OAES-35-1-No|nodX|consensus50|pass_single_dominant	OAES-35-1-No	D11	Amorpha fruticosa	3/6/25	0	0	Quarter	OAES-35	ethanol	nodule	Fabaceae	OAES	Amorpha	Amorpheae	OAES_011_R	Washita	OK	yes	35.40049	-99.06592	8/21/24	nodule	Amorpha	Amorpheae	yes	Rhizobium	Rhizobium_aethiopicum	98.456	98.2159	0	1940
JERC-99-2-No|nodX|consensus50|pass_single_dominant	JERC-99-2-No	D03	Lespedeza bicolor	2/24/25	19.75	948	Half	JERC-99	dry	nodule	Fabaceae	JERC	Lespedeza	Desmodieae	JERC_034	Baker County	Georgia	no	31.2725	-84.58055556	20240625	nodule	Lespedeza	Desmodieae	no	Rhizobium	Rhizobium_aethiopicum	98.456	98.2159	0	1940
HEAL-9-1-Rh|nodX|consensus50|pass_single_dominant	HEAL-9-1-Rh	D19	Alnus viridis	3/20/25	0	0	Quarter	HEAL-9	ethanol	rhizosphere	Betulaceae	HEAL	Alnus	actinorhizal	HEAL_004	Denali Borough	Alaska	yes	63.86378 N	149.27284 W	20240723	rhizosphere	Alnus	actinorhizal	yes	Rhizobium	Rhizobium_aethiopicum	98.456	98.2159	0	1940
OSBS-35-1-Ro|nodX|consensus50|pass_single_dominant	OSBS-35-1-Ro	D03	Chapmannia floridana	3/6/25	1.695	81.36	Quarter	OSBS-35	NA	root	Fabaceae	OSBS	Chapmannia	Dalbergieae	OSBS_006	Putnam	FL	yes	NA	NA	20240611	root	Chapmannia	Dalbergieae	yes	Rhizobium	Rhizobium_aethiopicum	98.456	98.2159	0	1940
OAES-35-1-Ro|nodX|consensus50|pass_single_dominant	OAES-35-1-Ro	D11	Amorpha fruticosa	3/6/25	0	0	Quarter	OAES-35	ethanol	root	Fabaceae	OAES	Amorpha	Amorpheae	OAES_011_R	Washita	OK	yes	35.40049	-99.06592	8/21/24	root	Amorpha	Amorpheae	yes	Rhizobium	Rhizobium_aethiopicum	98.456	98.2159	0	1940
OSBS-45-1-No|nodX|consensus50|pass_single_dominant	OSBS-45-1-No	D03	Crotalaria maritima	3/6/25	0	0	Quarter	OSBS-45	dry	nodule	Fabaceae	OSBS	Crotalaria	Crotalarieae	OSBS_026	Putnam	FL	yes	NA	NA	20240617	nodule	Crotalaria	Crotalarieae	yes	Rhizobium	Rhizobium_aethiopicum	98.456	98.2159	0	1940
DEJU-31-No|nodX|consensus50|pass_single_dominant	DEJU-31-No	D19	Alnus viridis	2/20/25	31.35	1504.8	Half	DEJU-31	ethanol	nodule	Betulaceae	DEJU	Alnus	actinorhizal	DEJU_015	NA	Alaska	yes	NA	NA	NA	nodule	Alnus	actinorhizal	yes	Rhizobium	Rhizobium_aethiopicum	98.45	97.8591	0	1932
DEJU-34-No|nodX|consensus50|pass_single_dominant	DEJU-34-No	D19	Alnus viridis	2/20/25	9.035	433.68	Half	DEJU-34	ethanol	nodule	Betulaceae	DEJU	Alnus	actinorhizal	DEJU_015	NA	Alaska	yes	NA	NA	NA	nodule	Alnus	actinorhizal	yes	Rhizobium	Rhizobium_aethiopicum	98.336	96.521	0	1901
JERC-RHRE-55-1-No|nodX|consensus50|pass_single_dominant	JERC-RHRE-55-1-No	D03	Rhynchosia reniformis	12/4/24	18.85	904.8	Half	JERC-55	dry	nodule	Fabaceae	JERC	Rhynchosia	Phaseoleae	JERC_050	Baker County	Georgia	yes	NA	NA	20240618	nodule	Rhynchosia	Phaseoleae	yes	Rhizobium	Rhizobium_aethiopicum	98.398	94.6476	0	1866
TALL-52-1-No|nodX|consensus50|pass_single_dominant	TALL-52-1-No	D08	Strophostyles umbellata	3/20/25	0.2145	10.296	Quarter	TALL-52	NA	nodule	Fabaceae	TALL	Strophostyles	Phaseoleae	TALL_006	Hale County	AL	yes	32.898847	-87.44631	8/27/24	nodule	Strophostyles	Phaseoleae	yes	Rhizobium	Rhizobium_aethiopicum	98.398	94.6476	0	1866
ORNL-10-1-No|nodX|consensus50|pass_single_dominant	ORNL-10-1-No	D07	Desmodium viridiflorum	3/6/25	0	0	Quarter	ORNL-10	dry	nodule	Fabaceae	ORNL	Desmodium	Desmodieae	ORNL_047	Anderson	TN	yes	35.9525	-84.22	7/11/24	nodule	Desmodium	Desmodieae	yes	Rhizobium	Rhizobium_aethiopicum	98.365	98.2159	0	1936
CLBJ-36-1-Rh|nodX|consensus50|pass_single_dominant	CLBJ-36-1-Rh	D11	Trifolium arvense	3/6/25	0	0	Quarter	CLBJ-36	ethanol	rhizosphere	Fabaceae	CLBJ	Trifolium	Trifolieae	CLBJ_032_R	Wise	TX	no	33.406134	-97.593996	6/13/24	rhizosphere	Trifolium	Trifolieae	no	Rhizobium	Rhizobium_aethiopicum	98.456	98.2159	0	1940
DEJU-44-No|nodX|consensus50|pass_single_dominant	DEJU-44-No	D19	Lupinus arcticus	2/20/25	54.5	2616	Half	DEJU-44	ethanol	nodule	Fabaceae	DEJU	Lupinus	Genisteae	DEJU_002	NA	Alaska	yes	NA	NA	NA	nodule	Lupinus	Genisteae	yes	Rhizobium	Rhizobium_aethiopicum	98.452	97.9483	0	1934
OSBS-46-1-Rh|nodX|consensus50|pass_single_dominant	OSBS-46-1-Rh	D03	Crotalaria maritima	3/6/25	0	0	Quarter	OSBS-46	dry	rhizosphere	Fabaceae	OSBS	Crotalaria	Crotalarieae	OSBS_002	Putnam	FL	yes	NA	NA	20240617	rhizosphere	Crotalaria	Crotalarieae	yes	Rhizobium	Rhizobium_aethiopicum	98.447	97.6806	0	1929
TALL-44-1-No|nodX|consensus50|pass_single_dominant	TALL-44-1-No	D08	Lespedeza hirta	3/20/25	0.801	38.448	Quarter	TALL-44	dry	nodule	Fabaceae	TALL	Lespedeza	Desmodieae	TALL_003	Bibb County	AL	yes	32.893117	-87.415111	8/27/24	nodule	Lespedeza	Desmodieae	yes	Rhizobium	Rhizobium_aethiopicum	97.366	98.2159	0	1895
JERC-DEFL-61-3-No|nodX|consensus50|pass_single_dominant	JERC-DEFL-61-3-No	D03	Desmodium floridanum	12/4/24	17.3	830.4	Half	JERC-61	dry	nodule	Fabaceae	JERC	Desmodium	Desmodieae	JERC_050	Baker County	Georgia	yes	NA	NA	20240618	nodule	Desmodium	Desmodieae	yes	Rhizobium	Rhizobium_aethiopicum	98.457	98.3051	0	1941
DSNY-74-1-No|nodX|consensus50|pass_single_dominant	DSNY-74-1-No	D03	Sesbania herbacea	3/3/25	9.545	458.16	Half	DSNY-74	dry	nodule	Fabaceae	DSNY	Sesbania	Sesbanieae	DSNY_010	Polk	Florida	yes	28.1204576	-81.4390507	20240904	nodule	Sesbania	Sesbanieae	yes	Rhizobium	Rhizobium_aethiopicum	98.459	98.3943	0	1943
OSBS-35-1-Rh|nodX|consensus50|pass_single_dominant	OSBS-35-1-Rh	D03	Chapmannia floridana	3/6/25	0	0	Quarter	OSBS-35	NA	rhizosphere	Fabaceae	OSBS	Chapmannia	Dalbergieae	OSBS_006	Putnam	FL	yes	NA	NA	20240611	rhizosphere	Chapmannia	Dalbergieae	yes	Rhizobium	Rhizobium_aethiopicum	98.459	98.3943	0	1943
DSNY-83-3-Ro|nodX|consensus50|pass_single_dominant	DSNY-83-3-Ro	D03	Alysicarpus vaginalis	3/6/25	0	0	Quarter	DSNY-83	dry	root	Fabaceae	DSNY	Alysicarpus	Desmodieae	DSNY_015	Polk	Florida	yes	28.1094133	-81.4308468	20240904	root	Alysicarpus	Desmodieae	yes	Rhizobium	Rhizobium_aethiopicum	98.457	98.3051	0	1941
KONZ-9-2-No|nodX|consensus50|pass_single_dominant	KONZ-9-2-No	D06	Lespedeza violacea	9/25/24	11.1	532.8	Half	KONZ-9	dry	nodule	Fabaceae	KONZ	Lespedeza	Desmodieae	KONZ_024	Riley	KS	yes	39.11091	-96.55235	20240710	nodule	Lespedeza	Desmodieae	yes	Rhizobium	Rhizobium_aethiopicum	98.457	98.3051	0	1941
ORNL-9-1-No|nodX|consensus50|pass_single_dominant	ORNL-9-1-No	D07	Lespedeza cuneata	3/6/25	0	0	Quarter	ORNL-9	dry	nodule	Fabaceae	ORNL	Lespedeza	Desmodieae	ORNL_046	Anderson	TN	no	35.964444	-84.285833	7/9/24	nodule	Lespedeza	Desmodieae	no	Rhizobium	Rhizobium_aethiopicum	98.457	98.3051	0	1941
ORNL-9-1-Rh|nodX|consensus50|pass_single_dominant	ORNL-9-1-Rh	D07	Lespedeza cuneata	3/6/25	30.55	1466.4	Half	ORNL-9	dry	rhizosphere	Fabaceae	ORNL	Lespedeza	Desmodieae	ORNL_046	Anderson	TN	no	35.964444	-84.285833	7/9/24	rhizosphere	Lespedeza	Desmodieae	no	Rhizobium	Rhizobium_aethiopicum	98.457	98.3051	0	1941
OAES-35-1-Rh|nodX|consensus50|pass_single_dominant	OAES-35-1-Rh	D11	Amorpha fruticosa	3/6/25	0	0	Quarter	OAES-35	ethanol	rhizosphere	Fabaceae	OAES	Amorpha	Amorpheae	OAES_011_R	Washita	OK	yes	35.40049	-99.06592	8/21/24	rhizosphere	Amorpha	Amorpheae	yes	Rhizobium	Rhizobium_aethiopicum	98.457	98.3051	0	1941
OSBS-45-1-Rh|nodX|consensus50|pass_single_dominant	OSBS-45-1-Rh	D03	Crotalaria maritima	3/6/25	0	0	Quarter	OSBS-45	dry	rhizosphere	Fabaceae	OSBS	Crotalaria	Crotalarieae	OSBS_026	Putnam	FL	yes	NA	NA	20240617	rhizosphere	Crotalaria	Crotalarieae	yes	Rhizobium	Rhizobium_aethiopicum	98.365	98.2159	0	1934
CLBJ-38-1-No|nodX|consensus50|pass_single_dominant	CLBJ-38-1-No	D11	Desmodium sessifolium	3/6/25	0	0	Quarter	CLBJ-38	ethanol	nodule	Fabaceae	CLBJ	Desmodium	Desmodieae	CLBJ_032_R	Wise	TX	yes	33.406134	-97.593996	6/18/24	nodule	Desmodium	Desmodieae	yes	Rhizobium	Rhizobium_aethiopicum	98.46	98.4835	0	1945
BONA-3-1-Rh|nodX|consensus50|pass_single_dominant	BONA-3-1-Rh	D19	Alnus viridis	3/3/25	0	0	Quarter	BONA-3	ethanol	rhizosphere	Betulaceae	BONA	Alnus	actinorhizal	BONA_072	NA	Alaska	yes	65.15685	-147.50303	20240829	rhizosphere	Alnus	actinorhizal	yes	Rhizobium	Rhizobium_aethiopicum	98.46	98.4835	0	1945
OSBS-44-1-Ro|nodX|consensus50|pass_single_dominant	OSBS-44-1-Ro	D03	Pediomelum canescens	3/6/25	0.0525	2.52	Quarter	OSBS-44	dry	root	Fabaceae	OSBS	Pediomelum	Psoraleeae	OSBS_026	Putnam	FL	yes	NA	NA	20240617	root	Pediomelum	Psoraleeae	yes	Rhizobium	Rhizobium_aethiopicum	98.46	98.4835	0	1945
CLBJ-38-1-Rh|nodX|consensus50|pass_single_dominant	CLBJ-38-1-Rh	D11	Desmodium sessifolium	3/6/25	0	0	Quarter	CLBJ-38	ethanol	rhizosphere	Fabaceae	CLBJ	Desmodium	Desmodieae	CLBJ_032_R	Wise	TX	yes	33.406134	-97.593996	6/18/24	rhizosphere	Desmodium	Desmodieae	yes	Rhizobium	Rhizobium_aethiopicum	98.46	98.4835	0	1945
YELL-2-2-No|nodX|consensus50|pass_single_dominant	YELL-2-2-No	D12	Lupinus sericieus	3/6/25	1.28	61.44	Quarter	YELL-2	ethanol	nodule	Fabaceae	YELL	Lupinus	Genisteae	YELL_019	Park County	WY	yes	NA	NA	7/11/24	nodule	Lupinus	Genisteae	yes	Rhizobium	Rhizobium_aethiopicum	98.46	98.4835	0	1945
CLBJ-37-1-No|nodX|consensus50|pass_single_dominant	CLBJ-37-1-No	D11	Trifolium vessiculosum	3/6/25	0	0	Quarter	CLBJ-37	ethanol	nodule	Fabaceae	CLBJ	Trifolium	Trifolieae	CLBJ_032_R	Wise	TX	no	33.406134	-97.593996	6/13/24	nodule	Trifolium	Trifolieae	no	Rhizobium	Rhizobium_aethiopicum	98.46	98.4835	0	1945
JERC-121-Rh|nodX|consensus50|pass_single_dominant	JERC-121-Rh	D03	Desmodium paniculatum	2/25/25	0	0	Quarter	JERC-121	dry	rhizosphere	Fabaceae	JERC	Desmodium	Desmodieae	JERC_003	Baker County	Georgia	yes	31.19626	-84.473484	20240730	rhizosphere	Desmodium	Desmodieae	yes	Rhizobium	Rhizobium_aethiopicum	98.46	98.4835	0	1945
ORNL-4-1-No|nodX|consensus50|pass_single_dominant	ORNL-4-1-No	D07	Trifolium pratense	2/17/25	17.6	844.8	Half	ORNL-4	dry	nodule	Fabaceae	ORNL	Trifolium	Trifolieae	ORNL_021	Anderson	TN	no	35.955556	-84.221111	5/15/24	nodule	Trifolium	Trifolieae	no	Rhizobium	Rhizobium_aethiopicum	98.46	98.4835	0	1945
TALL-55-1-Ro|nodX|consensus50|pass_single_dominant	TALL-55-1-Ro	D08	Desmodium paniculatum	3/20/25	1.305	62.64	Quarter	TALL-55	dry	root	Fabaceae	TALL	Desmodium	Desmodieae	TALL_q033	Bibb County	AL	yes	32.973539	-87.409071	8/27/24	root	Desmodium	Desmodieae	yes	Rhizobium	Rhizobium_aethiopicum	98.459	98.3943	0	1943
CLBJ-37-1-Ro|nodX|consensus50|pass_mixed_possible_multitemplate	CLBJ-37-1-Ro	D11	Trifolium vessiculosum	3/6/25	0.092	4.416	Quarter	CLBJ-37	ethanol	root	Fabaceae	CLBJ	Trifolium	Trifolieae	CLBJ_032_R	Wise	TX	no	33.406134	-97.593996	6/13/24	root	Trifolium	Trifolieae	no	Rhizobium	Rhizobium_aethiopicum	96.92	98.4835	0	1897
ORNL-4-1-Rh|nodX|consensus50|pass_single_dominant	ORNL-4-1-Rh	D07	Trifolium pratense	2/17/25	30.45	1461.6	Half	ORNL-4	dry	rhizosphere	Fabaceae	ORNL	Trifolium	Trifolieae	ORNL_021	Anderson	TN	no	35.955556	-84.221111	5/15/24	rhizosphere	Trifolium	Trifolieae	no	Rhizobium	Rhizobium_aethiopicum	98.35	91.8822	0	1814
CLBJ-1-1-No|nodX|consensus50|pass_single_dominant	CLBJ-1-1-No	D11	Vicia sativa	7/9/24	48.65	2335.2	Half	CLBJ-1	dry	nodule	Fabaceae	CLBJ	Vicia	Fabeae	CLBJ_001_T	Wise	TX	no	33.23888	-97.34109	3/20/24	nodule	Vicia	Fabeae	no	Rhizobium	Rhizobium_ruizarguesonis	99.819	98.4835	0	2028
CLBJ-1-1-Ro|nodX|consensus50|pass_single_dominant	CLBJ-1-1-Ro	D11	Vicia sativa	7/9/24	1.305	62.64	Quarter	CLBJ-1	dry	root	Fabaceae	CLBJ	Vicia	Fabeae	CLBJ_001_T	Wise	TX	no	33.23888	-97.34109	3/20/24	root	Vicia	Fabeae	no	Rhizobium	Rhizobium_ruizarguesonis	99.817	97.6806	0	2012
DELA-15-1-No|nodX|consensus50|pass_single_dominant	DELA-15-1-No	D08	Lespedeza cuneata	3/3/25	0	0	Quarter	DELA-15	dry	nodule	Fabaceae	DELA	Lespedeza	Desmodieae	DELA_008	Green County	AL	no	32.53861	-87.81298	8/14/24	nodule	Lespedeza	Desmodieae	no	Rhizobium	Rhizobium_ruizarguesonis	99.299	89.1169	0	1814
DELA-18-2-Ro|nodX|consensus50|pass_single_dominant	DELA-18-2-Ro	D08	Galactia volubilis	3/3/25	0.4565	21.912	Quarter	DELA-18	dry	root	Fabaceae	DELA	Galactia	Diocleae	DELA_008	Green County	AL	yes	32.53861	-87.81298	8/14/24	root	Galactia	Diocleae	yes	Rhizobium	Rhizobium_ruizarguesonis	97.872	79.661	0	1570
DELA-20-1-Ro|nodX|consensus50|pass_single_dominant	DELA-20-1-Ro	D08	Galactia volubilis	3/3/25	0	0	Quarter	DELA-20	NA	root	Fabaceae	DELA	Galactia	Diocleae	DELA_008	Green County	AL	yes	32.53861	-87.81298	8/14/24	root	Galactia	Diocleae	yes	Rhizobium	Rhizobium_ruizarguesonis	98.802	66.9938	0	1343
DELA-15-1-Ro|nodX|consensus50|pass_single_dominant	DELA-15-1-Ro	D08	Lespedeza cuneata	3/3/25	0	0	Quarter	DELA-15	dry	root	Fabaceae	DELA	Lespedeza	Desmodieae	DELA_008	Green County	AL	no	32.53861	-87.81298	8/14/24	root	Lespedeza	Desmodieae	no	Rhizobium	Rhizobium_ruizarguesonis	99.458	49.331	0	1007
DSNY-75-1-Ro|nodX|consensus50|pass_single_dominant	DSNY-75-1-Ro	D03	Chamaecrista nictitans	3/3/25	0	0	Quarter	DSNY-75	dry	root	Fabaceae	DSNY	Chamaecrista	Cassieae	DSNY_010	Polk	Florida	yes	28.1137669	-81.4352667	20240904	root	Chamaecrista	Cassieae	yes	Rhizobium	Rhizobium_ruizarguesonis	97.14	96.6994	0	1879
DELA-20-1-No|nodX|consensus50|pass_single_dominant	DELA-20-1-No	D08	Galactia volubilis	3/3/25	0	0	Quarter	DELA-20	NA	nodule	Fabaceae	DELA	Galactia	Diocleae	DELA_008	Green County	AL	yes	32.53861	-87.81298	8/14/24	nodule	Galactia	Diocleae	yes	Rhizobium	Rhizobium_ruizarguesonis	97.775	84.2105	0	1661
DCFS-1-2-No|nodX|consensus50|pass_single_dominant	DCFS-1-2-No	D09	Astragalus flexuosus	5/23/25	0	0	Quarter	DCFS-1	dry	nodule	Fabaceae	DCFS	Astragalus	Galegeae	DCFS_006	Stutsman	ND	yes	47.17336	99.05106	6/6/24	nodule	Astragalus	Galegeae	yes	Rhizobium	Rhizobium_ruizarguesonis	95.932	94.2908	0	1716
TALL-48-2-No|nodX|consensus50|pass_single_dominant	TALL-48-2-No	D08	Vicia sp.	3/20/25	4.555	218.64	Quarter	TALL-48	dry	nodule	Fabaceae	TALL	Vicia	Fabeae	TALL_007	Hale County	AL	0	32.974713	-87.47111	8/27/24	nodule	Vicia	Fabeae	0	Rhizobium	Rhizobium_ruizarguesonis	96.084	97.9483	0	1792
TALL-48-2-Rh|nodX|consensus50|pass_single_dominant	TALL-48-2-Rh	D08	Vicia sp.	3/20/25	0	0	Quarter	TALL-48	dry	rhizosphere	Fabaceae	TALL	Vicia	Fabeae	TALL_007	Hale County	AL	0	32.974713	-87.47111	8/27/24	rhizosphere	Vicia	Fabeae	0	Rhizobium	Rhizobium_ruizarguesonis	94.185	70.562	0	1249
DSNY-74-1-Ro|nodX|consensus50|pass_single_dominant	DSNY-74-1-Ro	D03	Sesbania herbacea	3/3/25	0	0	Quarter	DSNY-74	dry	root	Fabaceae	DSNY	Sesbania	Sesbanieae	DSNY_010	Polk	Florida	yes	28.1204576	-81.4390507	20240904	root	Sesbania	Sesbanieae	yes	Rhizobium	Rhizobium_ruizarguesonis	95.635	67.4398	0	1216
DELA-20-1-Rh|nodX|consensus50|pass_single_dominant	DELA-20-1-Rh	D08	Galactia volubilis	3/3/25	0	0	Quarter	DELA-20	NA	rhizosphere	Fabaceae	DELA	Galactia	Diocleae	DELA_008	Green County	AL	yes	32.53861	-87.81298	8/14/24	rhizosphere	Galactia	Diocleae	yes	Rhizobium	Rhizobium_ruizarguesonis	98.187	98.3943	0	1929
SJER-4-1-Rh|nodX|consensus50|pass_single_dominant	SJER-4-1-Rh	D17	Lupinus bicolor	4/15/25	0	0	Quarter	SJER-4	dry	rhizosphere	Fabaceae	SJER	Lupinus	Genisteae	NA	Fresno	CA	yes	37.110189	-119.73464	20240404	rhizosphere	Lupinus	Genisteae	yes	Rhizobium	Rhizobium_beringeri	98.137	57.4487	0	1123
KONZ-12-1-Ro|nodX|consensus50|pass_single_dominant	KONZ-12-1-Ro	D06	Dalea candida	9/25/24	0.441	21.168	Quarter	KONZ-12	dry	root	Fabaceae	KONZ	Dalea	Amorpheae	KONZ_001	Riley	KS	yes	39.07516	-96.55599	20240711	root	Dalea	Amorpheae	yes	Rhizobium	Rhizobium_leguminosarum	98.374	87.7788	0	1751
BLAN-3-1-Rh|nodX|consensus50|pass_single_dominant	BLAN-3-1-Rh	D02	Kummerowia striata	4/23/25	0	0	Quarter	BLAN-3	ethanol	rhizosphere	Fabaceae	BLAN	Kummerowia	Desmodieae	BLAN_020	Clarke	VA	no	39.100957	-77.980777	8/13/24	rhizosphere	Kummerowia	Desmodieae	no	Rhizobium	Rhizobium_anhuiense_bv._trifolii	99.725	97.1454	0	1995
BLAN-4-1-No|nodX|consensus50|pass_single_dominant	BLAN-4-1-No	D02	Elaeagnus umbellata	4/23/25	0	0	Quarter	BLAN-4	ethanol	nodule	Elaeagnaceae	BLAN	Elaeagnus	actinorhizal	BLAN_020	Clarke	VA	no	39.100987	-77.980772	8/13/24	nodule	Elaeagnus	actinorhizal	no	Rhizobium	Rhizobium_anhuiense_bv._trifolii	99.444	96.2533	0	1960
TALL-20-1-No|nodX|consensus50|pass_single_dominant	TALL-20-1-No	D08	Desmodium paniculatum	4/8/25	0.32	15.36	Quarter	TALL-20	dry	nodule	Fabaceae	TALL	Desmodium	Desmodieae	TALL_002	Hale County	AL	yes	32.922291	-87.428794	8/22/24	nodule	Desmodium	Desmodieae	yes	Rhizobium	Rhizobium_anhuiense_bv._trifolii	99.817	97.5022	0	2008
JERC-CLMA-83-1-No|nodX|consensus50|pass_single_dominant	JERC-CLMA-83-1-No	D03	Clitoria mariana	12/4/24	2.74	131.52	Quarter	JERC-83	dry	nodule	Fabaceae	JERC	Clitoria	Phaseoleae	JERC_008	Baker County	Georgia	yes	NA	NA	20240618	nodule	Clitoria	Phaseoleae	yes	Rhizobium	Rhizobium_leguminosarum	99.091	98.1267	0	1980
N36-4-D-Ro|nodX|consensus50|pass_single_dominant	N36-4-D-Ro	NA	NA	NA	NA	NA	NA	NA	NA	NA	NA	NA	NA	NA	NA	NA	NA	NA	NA	NA	NA	NA	NA	NA	NA	Rhizobium	Rhizobium_leguminosarum	97.886	97.0562	0	1906
JERC-CLMA-83-1-Rh|nodX|consensus50|pass_single_dominant	JERC-CLMA-83-1-Rh	D03	Clitoria mariana	12/4/24	0.083	3.984	Quarter	JERC-83	dry	rhizosphere	Fabaceae	JERC	Clitoria	Phaseoleae	JERC_008	Baker County	Georgia	yes	NA	NA	20240618	rhizosphere	Clitoria	Phaseoleae	yes	Rhizobium	Rhizobium_leguminosarum	99.449	97.0562	0	1984
N13-2-D-Rh|nodX|consensus50|pass_single_dominant	N13-2-D-Rh	NA	NA	NA	NA	NA	NA	NA	NA	NA	NA	NA	NA	NA	NA	NA	NA	NA	NA	NA	NA	NA	NA	NA	NA	Rhizobium	Rhizobium_beringeri	98.455	98.1267	0	1943
CPER-3-1-Rh|nodX|consensus50|pass_single_dominant	CPER-3-1-Rh	D10	Melilotus officinalis	5/23/25	0.093	4.464	Quarter	CPER-3	dry	rhizosphere	Fabaceae	CPER	Melilotus	Trifolieae	CPER_005	Weld	CO	no	NA	NA	6/17/24	rhizosphere	Melilotus	Trifolieae	no	Rhizobium	Rhizobium_leguminosarum	100	95.3613	0	1975
CPER-4-Rh|nodX|consensus50|pass_single_dominant	CPER-4-Rh	D10	Melilotus officinalis	5/23/25	0.165	7.92	Quarter	CPER-4	dry	rhizosphere	Fabaceae	CPER	Melilotus	Trifolieae	CPER_027	Weld	CO	no	NA	NA	6/24/24	rhizosphere	Melilotus	Trifolieae	no	Rhizobium	Rhizobium_leguminosarum	100	96.3426	0	1995
TOOL-22-Rh|nodX|consensus50|pass_single_dominant	TOOL-22-Rh	D18	Dryas integrifolia	5/14/25	0	0	Quarter	TOOL-22	ethanol	rhizosphere	Rosaceae	TOOL	Dryas	actinorhizal	TOOL_003	North Slope Borough	Alaska	yes	NA	NA	20240710	rhizosphere	Dryas	actinorhizal	yes	Rhizobium	Rhizobium_leguminosarum	100	97.3238	0	2015
JERC-198-Ro|nodX|consensus50|pass_single_dominant	JERC-198-Ro	D03	Chamaecrista fasciculata	4/24/25	0	0	Quarter	JERC-198	dry	root	Fabaceae	JERC	Chamaecrista	Cassieae	JERC_004	Baker County	Georgia	yes	31.1903745	-84.4660419	20241029	root	Chamaecrista	Cassieae	yes	Rhizobium	Rhizobium_leguminosarum	99.818	98.0375	0	2023
DEJU-57-Ro|nodX|consensus50|pass_single_dominant	DEJU-57-Ro	D19	Alnus viridis	5/23/25	1.52	72.96	Quarter	DEJU-57	ethanol	root	Betulaceae	DEJU	Alnus	actinorhizal	DEJU_045	NA	Unknown	yes	NA	NA	NA	root	Alnus	actinorhizal	yes	Rhizobium	Rhizobium_leguminosarum	100	98.0375	0	2030
CPER-5-1-Rh|nodX|consensus50|pass_single_dominant	CPER-5-1-Rh	D10	Melilotus officinalis	5/23/25	2.535	121.68	Quarter	CPER-5	dry	rhizosphere	Fabaceae	CPER	Melilotus	Trifolieae	CPER_022	Weld	CO	no	NA	NA	6/24/24	rhizosphere	Melilotus	Trifolieae	no	Rhizobium	Rhizobium_leguminosarum	100	98.2159	0	2034
DELA-1-3-Rh|nodX|consensus50|pass_single_dominant	DELA-1-3-Rh	D08	Sesbania herbacea	4/4/25	14.9	715.2	Half	DELA-1	dry	rhizosphere	Fabaceae	DELA	Sesbania	Sesbanieae	DELA_008	Green County	AL	yes	32.539186	-87.81292	7/24/24	rhizosphere	Sesbania	Sesbanieae	yes	Rhizobium	Rhizobium_leguminosarum	99.819	98.3051	0	2028
JERC-CRJU-86-1-No|nodX|consensus50|pass_single_dominant	JERC-CRJU-86-1-No	D03	Crotalaria juncea	5/14/25	1.295	62.16	Quarter	JERC-CRJU-86	dry	nodule	Fabaceae	JERC	Crotalaria	Crotalarieae	JERC_030R	Baker County	Georgia	no	31.18563333	-84.4785	20240624	nodule	Crotalaria	Crotalarieae	no	Rhizobium	Rhizobium_leguminosarum	99.728	98.3051	0	2025
TOOL-18-Rh|nodX|consensus50|pass_single_dominant	TOOL-18-Rh	D18	Dryas integrifolia	5/14/25	0	0	Quarter	TOOL-18	ethanol	rhizosphere	Rosaceae	TOOL	Dryas	actinorhizal	TOOL_003	North Slope Borough	Alaska	yes	NA	NA	20240710	rhizosphere	Dryas	actinorhizal	yes	Rhizobium	Rhizobium_leguminosarum	100	98.3051	0	2036
DELA-7-3-No|nodX|consensus50|pass_single_dominant	DELA-7-3-No	D08	Albizia julibrissin	4/4/25	47.8	2294.4	Half	DELA-7	ethanol	nodule	Fabaceae	DELA	Albizia	Mimosoideae	DELA_012	Green County	AL	no	32.531137	-87.817223	8/8/24	nodule	Albizia	Mimosoideae	no	Rhizobium	Rhizobium_leguminosarum	100	98.4835	0	2039
NIWO-1-No|nodX|consensus50|pass_single_dominant	NIWO-1-No	D13	Lupinus argenteus	5/23/25	0	0	Quarter	NIWO-1	NA	nodule	Fabaceae	NIWO	Lupinus	Genisteae	NIWO_017	Boulder	CO	yes	NA	NA	7/31/24	nodule	Lupinus	Genisteae	yes	Rhizobium	Rhizobium_leguminosarum	99.819	98.4835	0	2032
DEJU-56-Ro|nodX|consensus50|pass_single_dominant	DEJU-56-Ro	D19	Alnus viridis	5/23/25	3.36	161.28	Quarter	DEJU-56	ethanol	root	Betulaceae	DEJU	Alnus	actinorhizal	DEJU_045	NA	Unknown	yes	NA	NA	NA	root	Alnus	actinorhizal	yes	Rhizobium	Rhizobium_leguminosarum	99.093	98.3051	0	1999
DEJU-57-Rh|nodX|consensus50|pass_single_dominant	DEJU-57-Rh	D19	Alnus viridis	5/23/25	0	0	Quarter	DEJU-57	ethanol	rhizosphere	Betulaceae	DEJU	Alnus	actinorhizal	DEJU_045	NA	Unknown	yes	NA	NA	NA	rhizosphere	Alnus	actinorhizal	yes	Rhizobium	Rhizobium_leguminosarum	99.817	97.5022	0	2012
DEJU-9-1-Ro|nodX|consensus50|pass_single_dominant	DEJU-9-1-Ro	D19	Lupinus arcticus	3/29/25	9.35	448.8	Half	DEJU-9	ethanol	root	Fabaceae	DEJU	Lupinus	Genisteae	DEJU_006	NA	Alaska	yes	NA	NA	NA	root	Lupinus	Genisteae	yes	Rhizobium	Rhizobium_leguminosarum	99.818	98.2159	0	2023
DELA-26-3-Ro|nodX|consensus50|pass_single_dominant	DELA-26-3-Ro	D08	Sesbania herbacea	4/4/25	35	1680	Half	DELA-26	dry	root	Fabaceae	DELA	Sesbania	Sesbanieae	DELA_025	Green County	AL	yes	32.5371	-87.80995	8/15/24	root	Sesbania	Sesbanieae	yes	Rhizobium	Rhizobium_leguminosarum	99.637	98.2159	0	2015
NOGP-7-2-Ro|nodX|consensus50|pass_single_dominant	NOGP-7-2-Ro	D09	Amorpha canescens	5/2/25	2.395	114.96	Quarter	NOGP-7	dry	root	Fabaceae	NOGP	Amorpha	Amorpheae	NOGP_064	NA	ND	yes	46.77063	-100.9138092	6/25/24	root	Amorpha	Amorpheae	yes	Rhizobium	Rhizobium_leguminosarum	99.539	96.6994	0	1980
TOOL-31-No|nodX|consensus50|pass_single_dominant	TOOL-31-No	D18	Dryas octopetala	5/23/25	4.72	226.56	Quarter	TOOL-31	ethanol	nodule	Rosaceae	TOOL	Dryas	actinorhizal	TOOL_011	North Slope Borough	Alaska	yes	68.62774	-149.58777	20240711	nodule	Dryas	actinorhizal	yes	Rhizobium	Rhizobium_leguminosarum	99.819	98.3051	0	2025
DELA-16-No|nodX|consensus50|pass_single_dominant	DELA-16-No	D08	Galactia volubilis	4/4/25	59	2832	Half	DELA-16	NA	nodule	Fabaceae	DELA	Galactia	Diocleae	DELA_008	Green County	AL	yes	32.53861	-87.81298	8/14/24	nodule	Galactia	Diocleae	yes	Rhizobium	Rhizobium_leguminosarum	100	92.7743	0	1921
JERC-151-Rh|nodX|consensus50|pass_single_dominant	JERC-151-Rh	D03	Tephrosia virginiana	5/14/25	0	0	Quarter	JERC-151	dry	rhizosphere	Fabaceae	JERC	Tephrosia	Millettieae	JERC_015	Baker County	Georgia	yes	NA	NA	20241002	rhizosphere	Tephrosia	Millettieae	yes	Rhizobium	Rhizobium_leguminosarum	99.909	97.5022	0	2015
JERC-134-3-Ro|nodX|consensus50|pass_single_dominant	JERC-134-3-Ro	D03	Rhynchosia reniformis	4/8/25	5.37	257.76	Half	JERC-134	dry	root	Fabaceae	JERC	Rhynchosia	Phaseoleae	JERC_048	Baker County	Georgia	yes	NA	NA	20240807	root	Rhynchosia	Phaseoleae	yes	Rhizobium	Rhizobium_leguminosarum	98.912	98.3943	0	1991
TOOL-16-Ro|nodX|consensus50|pass_single_dominant	TOOL-16-Ro	D18	Dryas integrifolia	5/2/25	0	0	Quarter	TOOL-16	ethanol	root	Rosaceae	TOOL	Dryas	actinorhizal	TOOL_002	North Slope Borough	Alaska	yes	68.63136	-149.34375	20240709	root	Dryas	actinorhizal	yes	Rhizobium	Rhizobium_leguminosarum	99.908	96.967	0	2002
NOGP-3-2-Rh|nodX|consensus50|pass_single_dominant	NOGP-3-2-Rh	D09	Medicago lupulina	4/23/25	0	0	Quarter	NOGP-3	dry	rhizosphere	Fabaceae	NOGP	Medicago	Trifolieae	NOGP_064	NA	ND	no	46.77084	-100.9136386	6/25/24	rhizosphere	Medicago	Trifolieae	no	Rhizobium	Rhizobium_leguminosarum	99.534	95.8073	0	1956
SCBI-3-1-Rh|nodX|consensus50|pass_single_dominant	SCBI-3-1-Rh	D02	Elaeagnus umbellata	4/23/25	0	0	Quarter	SCBI-3	ethanol	rhizosphere	Elaeagnaceae	SCBI	Elaeagnus	actinorhizal	SCBI-006	Warren	VA	no	38.897638	-78.152008	6/26/24	rhizosphere	Elaeagnus	actinorhizal	no	Rhizobium	Rhizobium_anhuiense_bv._trifolii	99.346	95.4505	0	1940
SJER-4-1-Ro|nodX|consensus50|pass_single_dominant	SJER-4-1-Ro	D17	Lupinus bicolor	4/15/25	0.0575	2.76	Quarter	SJER-4	dry	root	Fabaceae	SJER	Lupinus	Genisteae	NA	Fresno	CA	yes	37.110189	-119.73464	20240404	root	Lupinus	Genisteae	yes	Rhizobium	Rhizobium_anhuiense_bv._trifolii	99.588	86.7083	0	1775
CLBJ-46-1-Ro|nodX|consensus50|pass_single_dominant	CLBJ-46-1-Ro	D11	Galactia volubilis	4/10/25	0	0	Quarter	CLBJ-46	ethanol	root	Fabaceae	CLBJ	Galactia	Diocleae	CLBJ_034	Wise	TX	yes	33.23658	-97.34089	9/4/24	root	Galactia	Diocleae	yes	Rhizobium	Rhizobium_anhuiense_bv._trifolii	99.727	97.8591	0	2010
NOGP-2-1-No|nodX|consensus50|pass_single_dominant	NOGP-2-1-No	D09	Medicago sativa	4/23/25	0	0	Quarter	NOGP-2	dry	nodule	Fabaceae	NOGP	Medicago	Trifolieae	NOGP_001	NA	ND	no	46.80621	-100.9157	6/27/24	nodule	Medicago	Trifolieae	no	Rhizobium	Rhizobium_anhuiense_bv._trifolii	99.637	98.2159	0	2013
