sample	total_reads	mapped_reads	mapped_percent	properly_paired	properly_paired_percent
BLAN-1-1-No	3145828	3051041	96.99	2920084	93.05
BLAN-1-1-Rh	447376	432124	96.59	412148	92.40
BLAN-1-1-Ro	67733	64806	95.68	60944	90.33
BLAN-2-1-No	5569187	5432001	97.54	5248182	94.45
BLAN-2-1-Rh	374140	355251	94.95	330268	88.92
BLAN-2-1-Ro	337227	332088	98.48	318860	94.71
BLAN-3-1-No	13756296	13602621	98.88	13380198	97.27
BLAN-3-1-Rh	117669	109544	93.10	100710	85.85
BLAN-3-1-Ro	1774536	1762048	99.30	1735764	97.82
BLAN-4-1-No	674053	659082	97.78	606106	90.42
BLAN-4-1-Rh	111795	100769	90.14	88230	79.24
BLAN-4-1-Ro	91453	84310	92.19	75774	83.48
CLBJ-40-1-No	7019049	6804944	96.95	6523318	93.18
CLBJ-40-1-Rh	188550	168367	89.30	145966	77.78
CLBJ-40-1-Ro	128303	113539	88.49	96326	75.55
CLBJ-41-1-No	1920393	1818747	94.71	1693652	88.32
CLBJ-41-1-Rh	138307	124798	90.23	108520	79.03
CLBJ-41-1-Ro	128964	113050	87.66	95034	74.03
CLBJ-42-1-No	1403201	1329541	94.75	1234226	88.22
CLBJ-42-1-Rh	43737	38924	89.00	33808	77.66
CLBJ-42-1-Ro	118056	112305	95.13	105350	89.45
CLBJ-44-1-No	700694	638147	91.07	560684	80.56
CLBJ-44-1-Rh	74499	72516	97.34	70634	94.82
CLBJ-44-1-Ro	16689	15648	93.76	14446	86.69
CLBJ-46-1-No	740255	711351	96.10	678332	91.77
CLBJ-46-1-Rh	123233	114352	92.79	103200	84.65
CLBJ-46-1-Ro	284664	263046	92.41	234378	82.78
CLBJ-47-1-No	28921	27404	94.75	25964	89.79
CLBJ-47-1-Rh	379607	360470	94.96	337834	89.14
CLBJ-47-1-Ro	14588	13567	93.00	12574	86.32
CPER-1-No	922976	906438	98.21	871344	94.85
CPER-1-Rh	298579	288700	96.69	268298	90.75
CPER-1-Ro	11176	10544	94.35	9916	88.90
CPER-2-No	11598079	11542335	99.52	11342670	98.27
CPER-2-Rh	769502	758072	98.51	742198	96.72
CPER-2-Ro	118060	116633	98.79	113756	96.86
CPER-3-1-No	7046808	7016373	99.57	6887504	98.29
CPER-3-1-Rh	1509573	1480346	98.06	1424076	94.94
CPER-3-1-Ro	84011	82906	98.68	80822	96.63
CPER-4-No	4359218	4304689	98.75	4199752	96.81
CPER-4-Rh	1801562	1765983	98.03	1701342	94.83
CPER-4-Ro	33839	33097	97.81	31750	94.21
CPER-5-1-No	13661248	13363204	97.82	12907234	94.94
CPER-5-1-Rh	6559764	6201222	94.53	5754232	88.03
CPER-5-1-Ro	31574	30474	96.52	28926	92.17
DCFS-1-2-No	85705	82844	96.66	76222	90.41
DCFS-1-2-Rh	362284	317920	87.75	259824	72.25
DCFS-1-2-Ro	33913	29686	87.54	25088	74.37
DCFS-2-2-No	22534048	22327676	99.08	21890100	97.38
DCFS-2-2-Rh	504352	466372	92.47	417162	83.40
DCFS-2-2-Ro	99541	89883	90.30	79040	79.87
DCFS-3-2-No	2861435	2827848	98.83	2736578	95.89
DCFS-3-2-Rh	361668	333973	92.34	299622	82.95
DCFS-3-2-Ro	11962	11674	97.59	11284	94.59
DCFS-4-No	24174835	23540886	97.38	21580498	89.67
DCFS-4-Rh	201292	189392	94.09	173360	86.36
DCFS-4-Ro	131713	120641	91.59	107814	82.11
DCFS-5-1-No	21001465	20889478	99.47	20439906	97.64
DCFS-5-1-Rh	302256	290513	96.11	273454	90.73
DCFS-5-1-Ro	57959	55076	95.03	50962	88.29
DCFS-6-1-No	23223657	23105840	99.49	22778088	98.54
DCFS-6-1-Rh	108529	100856	92.93	91598	84.67
DCFS-6-1-Ro	13107	12613	96.23	11982	91.90
DCFS-7-1-No	108767	101579	93.39	92094	85.12
DCFS-7-1-Rh	219873	214706	97.65	209710	95.39
DCFS-7-1-Ro	32996	32872	99.62	32442	98.36
DCFS-8-1-No	16391358	16304255	99.47	16022498	98.09
DCFS-8-1-Rh	222463	213832	96.12	202402	91.37
DCFS-8-1-Ro	14122	13682	96.88	13050	92.79
DEJU-10-1-No	7437	6677	89.78	5860	78.95
DEJU-10-1-Rh	504693	467688	92.67	423002	84.25
DEJU-10-1-Ro	40626	38784	95.47	36964	91.01
DEJU-11-1-No	8583	7926	92.35	7146	83.54
DEJU-11-1-Rh	73075	66948	91.62	60428	82.88
DEJU-11-1-Ro	10432	9690	92.89	8722	84.01
DEJU-12-1-No	22293	21797	97.78	21358	95.84
DEJU-12-1-Rh	209882	196096	93.43	178994	85.54
DEJU-12-1-Ro	7911	7377	93.25	6458	82.99
DEJU-13-1-No	775957	675579	87.06	555008	71.73
DEJU-13-1-Rh	1661	1585	95.42	1488	89.75
DEJU-13-1-Ro	29914	28586	95.56	26756	90.52
DEJU-16-1-No	5546936	5426192	97.82	5276134	95.58
DEJU-16-1-Rh	305805	281450	92.04	254648	83.63
DEJU-16-1-Ro	1171921	1167274	99.60	1154370	99.00
DEJU-17-1-No	24728	23942	96.82	21390	86.51
DEJU-17-1-Rh	585828	548002	93.54	505340	86.40
DEJU-17-1-Ro	10866	10708	98.55	10512	96.78
DEJU-18-1-No	4038921	3968914	98.27	3876788	96.45
DEJU-18-1-Rh	104405	97024	92.93	89486	85.99
DEJU-18-1-Ro	342333	337176	98.49	329738	96.70
DEJU-19-1-No	15101	14638	96.93	14194	94.09
DEJU-19-1-Rh	114049	107427	94.19	100638	88.55
DEJU-19-1-Ro	16011	15962	99.69	15908	99.36
DEJU-20-1-No	7277	7041	96.76	6740	93.07
DEJU-20-1-Rh	58983	51042	86.54	42314	72.01
DEJU-20-1-Ro	30807	27866	90.45	24642	80.59
DEJU-21-1-No	6447114	6388484	99.09	6274188	97.73
DEJU-21-1-Rh	114057	104828	91.91	94752	83.47
DEJU-21-1-Ro	6299	6169	97.94	6010	95.49
DEJU-22-1-No	3388748	3304790	97.52	3202276	94.95
DEJU-22-1-Rh	75879	68031	89.66	59812	79.10
DEJU-22-1-Ro	78553	74015	94.22	67932	87.99
DEJU-23-1-No	2973885	2883446	96.96	2762312	93.24
DEJU-23-1-Rh	916001	828320	90.43	722800	79.29
DEJU-23-1-Ro	20208	19714	97.56	19150	94.77
DEJU-24-1-No	2223012	2153041	96.85	2069636	93.40
DEJU-24-1-Rh	745717	710478	95.27	658136	88.90
DEJU-24-1-Ro	7829	7664	97.89	7466	95.38
DEJU-25-No	2704	2544	94.08	2414	89.34
DEJU-25-Rh	43658	41676	95.46	39116	90.99
DEJU-25-Ro	23417	21085	90.04	18520	79.51
DEJU-26-No	146046	127243	87.13	106910	73.61
DEJU-26-Rh	961118	878979	91.45	792310	82.69
DEJU-27-No	98743	89952	91.10	80216	81.65
DEJU-27-Rh	138606	122102	88.09	103142	74.69
DEJU-27-Ro	25177	24508	97.34	23840	94.71
DEJU-28-2-No	4017496	3757089	93.52	3477664	86.91
DEJU-28-2-Rh	265955	239617	90.10	209630	79.35
DEJU-28-2-Ro	182087	172002	94.46	162122	89.26
DEJU-29-1-No	5704953	5567139	97.58	5395570	95.07
DEJU-29-1-Rh	277713	263939	95.04	248652	89.85
DEJU-29-1-Ro	32860	32647	99.35	32436	98.72
DEJU-54-No	2780	2523	90.76	2268	81.76
DEJU-54-Rh	79108	66875	84.54	52452	67.03
DEJU-54-Ro	10068	8858	87.98	7418	73.74
DEJU-55-No	6863591	6681524	97.35	6458534	94.57
DEJU-55-Rh	339486	310961	91.60	278978	82.57
DEJU-55-Ro	55167	52877	95.85	50238	91.36
DEJU-56-Rh	111938	96498	86.21	78938	70.95
DEJU-56-Ro	31543	27384	86.81	22558	72.15
DEJU-57-No	6473068	6218209	96.06	5930422	92.02
DEJU-57-Rh	234544	208575	88.93	180518	77.22
DEJU-57-Ro	44572	40193	90.18	35456	79.58
DEJU-58-No	16067	14904	92.76	13282	83.96
DEJU-58-Rh	228291	212670	93.16	189196	83.64
DEJU-58-Ro	44003	40716	92.53	37018	84.62
DEJU-59-No	1687072	1645151	97.52	1592322	94.92
DEJU-59-Rh	359383	338433	94.17	307012	86.24
DEJU-59-Ro	17517	15306	87.38	12916	74.08
DEJU-60-No	1488803	1333487	89.57	1149156	77.42
DEJU-60-Rh	342933	320535	93.47	290382	85.29
DEJU-60-Ro	31628	28431	89.89	24852	78.83
DEJU-63-No	2456294	2058982	83.82	1572208	64.26
DEJU-63-Rh	502288	472836	94.14	426274	85.54
DEJU-63-Ro	10631	9620	90.49	8394	79.52
DEJU-9-1-No	17962	16366	91.11	14618	81.61
DEJU-9-1-Rh	71340	64394	90.26	56964	80.19
DEJU-9-1-Ro	176859	168350	95.19	157876	89.54
DELA-1-3-No	8550993	7779815	90.98	6590504	77.54
DELA-1-3-Rh	954906	854204	89.45	709704	74.82
DELA-1-3-Ro	305459	276214	90.43	240398	79.12
DELA-11-3-No	2934650	2604194	88.74	2009634	68.98
DELA-11-3-Rh	257989	239182	92.71	214790	83.72
DELA-11-3-Ro	258634	240391	92.95	216288	84.02
DELA-12-2-No	6257828	5865700	93.73	5417742	86.82
DELA-12-2-Rh	137648	133411	96.92	128272	93.42
DELA-12-2-Ro	86201	82956	96.24	78918	91.81
DELA-16-No	2953489	2618198	88.65	2169254	74.03
DELA-16-Rh	216854	201846	93.08	182150	84.39
DELA-16-Ro	255917	237688	92.88	215268	84.49
DELA-17-1-No	1735917	1654361	95.30	1564524	90.29
DELA-17-1-Rh	20222	17931	88.67	15334	76.36
DELA-17-1-Ro	184431	171829	93.17	155258	84.61
DELA-19-1-No	317497	294785	92.85	268816	84.98
DELA-19-1-Rh	245252	223986	91.33	198934	81.39
DELA-19-1-Ro	218714	203207	92.91	184690	84.79
DELA-21-1-No	10060312	9708081	96.50	9276344	92.42
DELA-21-1-Rh	351151	325164	92.60	292680	83.70
DELA-21-1-Ro	432043	403198	93.32	363892	84.80
DELA-22-1-No	346251	320398	92.53	286706	83.39
DELA-22-1-Rh	246369	223873	90.87	196874	80.44
DELA-22-1-Ro	13837	13128	94.88	12234	88.87
DELA-23-2-No	6540159	6272121	95.90	5937184	91.03
DELA-23-2-Rh	286133	260078	90.89	225550	79.36
DELA-23-2-Ro	355112	338996	95.46	319976	90.31
DELA-26-3-No	6608930	6213043	94.01	5637558	85.46
DELA-26-3-Rh	4461663	4275381	95.82	3954006	88.82
DELA-26-3-Ro	102218	95190	93.12	86180	84.44
DELA-27-3-No	6327870	5889930	93.08	5279222	83.60
DELA-27-3-Rh	224401	202234	90.12	175054	78.57
DELA-27-3-Ro	22743	20850	91.68	18610	82.16
DELA-28-No	2765319	2528496	91.44	2225850	80.99
DELA-28-Rh	447486	408632	91.32	358272	80.52
DELA-28-Ro	82742	78356	94.70	72742	88.50
DELA-29-1-No	5002847	4630446	92.56	4033440	81.27
DELA-29-1-Rh	18131569	16128623	88.95	13417870	74.48
DELA-29-1-Ro	15748	15017	95.36	13968	89.52
DELA-3-3-No	10393845	9756420	93.87	9009080	86.92
DELA-3-3-Rh	7907488	7478830	94.58	6969014	88.41
DELA-3-3-Ro	914606	880728	96.30	834806	91.61
DELA-30-2-No	332646	308226	92.66	280600	84.65
DELA-30-2-Rh	1007144	962406	95.56	901100	89.93
DELA-30-2-Ro	454380	419643	92.36	361564	80.70
DELA-31-1-No	16818199	16462536	97.89	16004500	95.37
DELA-31-1-Rh	424006	388297	91.58	339114	80.65
DELA-31-1-Ro	41605	39420	94.75	36964	89.06
DELA-32-1-No	7841136	7427306	94.72	6839352	87.28
DELA-32-1-Rh	89098	81827	91.84	74730	83.88
DELA-32-1-Ro	157275	148516	94.43	135064	86.52
DELA-33-1-No	4957898	4480208	90.37	3903044	78.97
DELA-33-1-Rh	108431	100022	92.24	87830	81.57
DELA-33-1-Ro	416253	385270	92.56	338286	82.13
DELA-4-1-No	3748719	3632517	96.90	3493268	93.24
DELA-4-1-Rh	67101	57473	85.65	47580	71.12
DELA-4-1-Ro	73808	68192	92.39	61262	83.36
DELA-5-1-No	1737823	1613122	92.82	1420294	82.64
DELA-5-1-Rh	217556	200612	92.21	181116	83.61
DELA-5-1-Ro	64358	60319	93.72	55276	86.27
DELA-6-3-No	432902	398849	92.13	351530	81.78
DELA-6-3-Rh	339467	308664	90.93	270054	79.90
DELA-6-3-Ro	219772	200171	91.08	176482	80.60
DELA-7-3-No	3789005	3524478	93.02	3213544	85.05
DELA-7-3-Rh	195423	180094	92.16	160646	82.53
DELA-7-3-Ro	261080	241432	92.47	217634	83.71
DSNY-84-2-No	209734	185396	88.40	158224	75.76
DSNY-84-2-Rh	189425	180719	95.40	170570	90.27
DSNY-84-2-Ro	138738	128584	92.68	117424	84.85
DSNY-85-1-No	8922800	8830637	98.97	8705668	97.67
DSNY-85-1-Rh	160523	134788	83.97	108216	67.55
DSNY-85-1-Ro	1308105	1287983	98.46	1261570	96.55
DSNY-86-1-No	4651340	4109475	88.35	3533460	76.18
DSNY-86-1-Rh	228854	211220	92.29	188350	82.90
DSNY-86-1-Ro	26774	25195	94.10	23328	87.55
DSNY-87-1-No	227318	205831	90.55	181482	80.26
DSNY-87-1-Rh	122011	112675	92.35	102290	84.39
DSNY-87-1-Ro	126810	109066	86.01	90180	71.36
DSNY-88-1-No	222523	199716	89.75	175082	79.07
DSNY-88-1-Rh	84675	79164	93.49	72166	85.62
DSNY-88-1-Ro	216752	194607	89.78	171282	79.30
DSNY-91-1-No	6734902	6530228	96.96	6285956	93.54
DSNY-91-1-Rh	495238	461139	93.11	421882	85.39
DSNY-91-1-Ro	75405	74937	99.38	74334	98.66
DSNY-92-1-No	146608	140257	95.67	131234	89.80
DSNY-92-1-Rh	151763	131654	86.75	110266	72.88
DSNY-92-1-Ro	36170	32047	88.60	27480	76.32
DSNY-96-2-No	17808	16556	92.97	15066	85.13
DSNY-96-2-Rh	171914	151095	87.89	128990	75.30
DSNY-96-2-Ro	12851	12474	97.07	11548	92.05
DSNY-98-4-No	334164	312184	93.42	284458	85.65
DSNY-98-4-Rh	449129	410199	91.33	350346	79.07
DSNY-98-4-Ro	61846	57811	93.48	52786	85.62
GRSM-1-No	3002110	2889270	96.24	2751316	91.94
GRSM-1-Rh	83863	74305	88.60	63488	75.98
GRSM-1-Ro	12495	11678	93.46	10690	85.96
GRSM-3-No	3108445	2898170	93.24	2663548	85.91
GRSM-3-Rh	509858	494502	96.99	477498	94.10
GRSM-3-Ro	5816	5461	93.90	5070	87.60
GRSM-4-2-No	97283	92697	95.29	87232	89.87
GRSM-4-2-Rh	42694	40858	95.70	39354	92.39
GRSM-4-2-Ro	66254	59198	89.35	50482	76.71
HEAL-1-2-No	4360348	4235724	97.14	4077378	93.58
HEAL-1-2-Rh	291493	276802	94.96	254456	87.54
HEAL-1-2-Ro	29823	27112	90.91	23864	80.92
HEAL-10-2-No	7667165	7399219	96.51	7099306	92.93
HEAL-2-1-No	6467463	6336587	97.98	6169960	95.87
HEAL-2-1-Rh	589725	565037	95.81	532066	90.77
HEAL-2-1-Ro	61235	54713	89.35	47696	78.13
HEAL-3-1-No	3087370	2982251	96.60	2849950	92.36
HEAL-3-1-Rh	631189	614170	97.30	586050	93.69
HEAL-3-1-Ro	22652	21110	93.19	19356	85.86
HEAL-4-1-No	4663504	4563880	97.86	4441970	95.64
HEAL-4-1-Rh	410305	397428	96.86	374116	91.49
HEAL-4-1-Ro	28842	26870	93.16	24442	85.42
HEAL-5-2-No	3327595	3223484	96.87	3091636	93.13
HEAL-5-2-Rh	250069	240927	96.34	224116	90.16
HEAL-5-2-Ro	13436	12620	93.93	11712	87.53
HEAL-6-1-No	5461	5260	96.32	5084	93.28
HEAL-6-1-Rh	846127	822276	97.18	781836	93.12
HEAL-6-1-Ro	30528	28423	93.10	26182	86.24
HEAL-7-1-No	6348414	6272926	98.81	6166004	97.46
HEAL-7-1-Rh	536478	518548	96.66	496554	92.90
HEAL-7-1-Ro	32439	31206	96.20	29842	92.40
HEAL-8-1-No	5118581	5023257	98.14	4900902	96.19
HEAL-8-1-Rh	261526	249938	95.57	231490	89.46
HEAL-8-1-Ro	67984	62219	91.52	55138	81.31
HEAL-9-1-No	3608464	3395070	94.09	3156030	87.69
JERC-100-1-No	103203	99198	96.12	95168	92.23
JERC-100-1-Rh	837458	721160	86.11	590060	70.93
JERC-100-1-Ro	45859	39699	86.57	32756	71.84
JERC-102-1-No	5282673	4994295	94.54	4661804	88.78
JERC-102-1-Rh	372511	335575	90.08	283722	76.69
JERC-102-1-Ro	38363	33577	87.52	28174	73.72
JERC-106-1-No	9543403	9041653	94.74	8412674	88.30
JERC-106-1-Rh	767800	691496	90.06	608478	79.41
JERC-109-1-No	7815458	7436870	95.16	6940644	89.09
JERC-109-1-Rh	518733	468614	90.34	411386	79.45
JERC-111-3-No	716102	667929	93.27	609466	85.55
JERC-111-3-Rh	834784	767658	91.96	687268	82.58
JERC-112-1-No	24996	23277	93.12	21340	85.80
JERC-112-1-Rh	302340	278184	92.01	248346	82.52
JERC-113-3-No	3137234	2995072	95.47	2826012	90.21
JERC-113-3-Rh	532778	487800	91.56	426250	80.22
JERC-114-3-No	1967094	1875214	95.33	1768746	90.04
JERC-114-3-Rh	770121	712760	92.55	636270	82.99
JERC-129-4-No	457104	428458	93.73	389248	85.91
JERC-129-4-Rh	592046	553483	93.49	504660	85.85
JERC-129-4-Ro	36453	34044	93.39	30820	85.19
JERC-131-No	2984280	2916597	97.73	2753634	92.70
JERC-131-Rh	241347	226308	93.77	206022	85.37
JERC-131-Ro	339599	318243	93.71	282176	84.53
JERC-132-3-No	5249	5175	98.59	5082	96.95
JERC-132-3-Rh	230587	215612	93.51	195570	85.55
JERC-132-3-Ro	54314	50241	92.50	44630	82.58
JERC-134-3-No	8895	8290	93.20	7622	86.07
JERC-134-3-Rh	379873	358930	94.49	333996	88.23
JERC-134-3-Ro	20390	18293	89.72	15932	78.31
JERC-135-3-No	1502013	1385298	92.23	1249408	83.39
JERC-135-3-Rh	445859	419618	94.11	386688	87.19
JERC-135-3-Ro	4143	3964	95.68	3644	88.10
JERC-136-No	48885	45830	93.75	42404	86.76
JERC-136-Rh	186970	174551	93.36	161228	86.31
JERC-136-Ro	27422	24816	90.50	22064	80.70
JERC-139-5-No	40516	38065	93.95	34760	86.42
JERC-139-5-Rh	84467	78141	92.51	70170	83.64
JERC-139-5-Ro	44887	40484	90.19	35228	78.78
JERC-140-No	177000	161645	91.32	143014	81.00
JERC-140-Rh	388805	335144	86.20	268876	69.54
JERC-140-Ro	452571	385076	85.09	311986	69.20
JERC-141-No	315447	300972	95.41	281726	89.54
JERC-141-Rh	467410	411826	88.11	350992	75.44
JERC-141-Ro	4795	4601	95.95	4360	91.21
JERC-142-No	22147	20220	91.30	18072	81.80
JERC-142-Rh	231490	197869	85.48	161424	69.99
JERC-143-No	5485060	5207390	94.94	4858422	88.79
JERC-143-Rh	14025	13889	99.03	13706	97.79
JERC-143-Ro	42584	38869	91.28	33376	79.16
JERC-147-Rh	6238	5859	93.92	5304	85.55
JERC-147-Ro	151541	130944	86.41	106428	70.34
JERC-148-No	926472	829807	89.57	711518	77.59
JERC-148-Rh	390304	326892	83.75	252068	65.01
JERC-148-Ro	110443	103814	94.00	95406	86.63
JERC-149-No	447225	413576	92.48	371276	83.44
JERC-149-Rh	667567	564275	84.53	438032	66.17
JERC-149-Ro	51204	47266	92.31	42082	82.65
JERC-150-No	1265345	1153554	91.17	1027372	81.30
JERC-150-Rh	250267	197738	79.01	140610	56.59
JERC-150-Ro	190271	163655	86.01	133668	70.72
JERC-151-No	174598	159526	91.37	142452	81.80
JERC-151-Rh	263898	231940	87.89	195116	74.20
JERC-151-Ro	19016	17313	91.04	15420	81.21
JERC-152-No	83693	77984	93.18	70570	84.83
JERC-152-Rh	238685	209963	87.97	175074	73.90
JERC-152-Ro	402842	328898	81.64	252514	62.90
JERC-153-No	5180547	4750829	91.71	4253228	82.31
JERC-153-Rh	814447	680067	83.50	521314	64.70
JERC-176-5-No	21430475	19036716	88.83	16468276	76.99
JERC-176-5-Rh	10645	10005	93.99	9358	87.97
JERC-176-5-Ro	36825	34223	92.93	31172	84.98
JERC-179-4-No	4198	3835	91.35	3374	80.68
JERC-179-4-Rh	359673	329800	91.69	293436	81.80
JERC-179-4-Ro	13273	11954	90.06	10476	79.17
JERC-180-5-No	3194024	3038259	95.12	2846182	89.36
JERC-180-5-Rh	473169	440611	93.12	396860	84.10
JERC-180-5-Ro	165431	155748	94.15	144196	87.32
JERC-181-1-No	3946379	3717171	94.19	3453446	87.63
JERC-181-1-Rh	941872	870145	92.38	766092	81.96
JERC-181-1-Ro	4348	4292	98.71	4116	94.88
JERC-183-3-No	712714	666282	93.49	610528	85.87
JERC-183-3-Rh	685173	624186	91.10	548316	80.45
JERC-183-3-Ro	271725	250916	92.34	225602	83.49
JERC-184-3-No	248874	225536	90.62	195300	78.89
JERC-184-3-Rh	404077	372642	92.22	333206	83.38
JERC-184-3-Ro	49368	46467	94.12	43032	87.71
JERC-185-3-No	320782	292277	91.11	254592	79.94
JERC-185-3-Rh	305514	281984	92.30	251710	82.65
JERC-185-3-Ro	86021	79741	92.70	72266	84.14
JERC-186-1-No	887188	858916	96.81	819736	92.54
JERC-186-1-Rh	222767	203691	91.44	178580	80.36
JERC-186-1-Ro	162813	151633	93.13	136974	85.07
JERC-187-1-No	154518	142910	92.49	130182	84.29
JERC-187-1-Rh	423331	398574	94.15	359036	85.09
JERC-187-1-Ro	220452	203034	92.10	181952	82.89
JERC-188-1-No	723955	655673	90.57	578270	80.31
JERC-188-1-Rh	16683	16370	98.12	16074	96.38
JERC-188-1-Ro	58706	53559	91.23	47494	81.19
JERC-192-1-No	485419	447222	92.13	402856	83.20
JERC-192-1-Rh	261721	239107	91.36	208980	80.21
JERC-192-1-Ro	812986	728470	89.60	603686	75.29
JERC-194-2-No	1375446	1287525	93.61	1184148	86.25
JERC-194-2-Rh	152743	141543	92.67	123846	81.72
JERC-194-2-Ro	7935	7355	92.69	6570	82.95
JERC-195-2-No	1822050	1681799	92.30	1520274	83.56
JERC-195-2-Rh	225144	207509	92.17	183908	82.46
JERC-195-2-Ro	82853	76287	92.08	69026	83.60
JERC-196-3-No	411504	388369	94.38	357644	87.34
JERC-196-3-Rh	182951	171272	93.62	156444	85.97
JERC-196-3-Ro	39591	36998	93.45	33738	85.64
JERC-197-1-No	148294	137917	93.00	110458	76.67
JERC-197-1-Ro	13465	12510	92.91	11314	84.67
JERC-198-No	6535802	5915142	90.50	5266966	80.69
JERC-198-Ro	556274	518694	93.24	458516	83.52
JERC-199-No	800246	728015	90.97	630606	79.36
JERC-199-Rh	262453	223144	85.02	175130	66.86
JERC-199-Ro	31341	28088	89.62	24228	77.57
JERC-201-1-No	3611644	3220182	89.16	2773436	76.96
JERC-201-1-Rh	497893	459635	92.32	406210	82.15
JERC-201-1-Ro	56027	51462	91.85	46204	82.84
JERC-202-1-No	178479	167137	93.65	152550	85.93
JERC-202-1-Rh	199349	185619	93.11	169116	85.15
JERC-202-1-Ro	12393	11465	92.51	10366	84.00
JERC-203-1-No	2411444	2271395	94.19	2080462	86.80
JERC-203-1-Rh	374964	333919	89.05	283074	76.02
JERC-203-1-Ro	23022	21152	91.88	18978	82.83
JERC-204-1-No	953594	897955	94.17	835412	87.82
JERC-204-1-Rh	651322	620365	95.25	569192	88.08
JERC-204-1-Ro	18708	16307	87.17	13490	72.23
JERC-87-1-No	6151552	6004765	97.61	5768644	94.32
JERC-87-1-Rh	302766	239469	79.09	176742	58.56
JERC-87-1-Ro	391518	330953	84.53	256890	65.83
JERC-88-1-No	5925978	5746325	96.97	5511170	93.39
JERC-88-1-Rh	283074	244897	86.51	205588	72.82
JERC-88-1-Ro	298311	248359	83.26	189758	64.40
JERC-89-1-No	6489313	6204399	95.61	5877792	91.13
JERC-89-1-Rh	439222	357222	81.33	271248	62.20
JERC-89-1-Ro	4167043	4111308	98.66	4014750	97.18
JERC-90-1-No	11708809	11436426	97.67	11088356	95.27
JERC-90-1-Rh	560531	528299	94.25	485372	86.98
JERC-90-1-Ro	111833	103361	92.42	92080	82.99
JERC-91-1-No	1058341	911584	86.13	733064	69.95
JERC-91-1-Rh	600510	496419	82.67	384810	64.18
JERC-91-1-Ro	51966	45197	86.97	37642	72.94
JERC-93-1-No	8401656	7739992	92.12	6947350	82.95
JERC-93-1-Rh	170493	157018	92.10	140892	82.98
JERC-93-1-Ro	19363	18013	93.03	16002	83.17
JERC-94-1-No	12395095	11706799	94.45	10511492	85.00
JERC-94-1-Rh	1020349	977798	95.83	921608	90.60
JERC-94-1-Ro	26707	24219	90.68	21016	79.16
JERC-CHNI-86-4-No	6505499	6213086	95.51	5815850	89.77
JERC-CHNI-86-4-Rh	599672	556554	92.81	492252	82.74
JERC-CRJU-86-1-No	4302202	4020474	93.45	3632538	85.19
JERC-CRJU-86-1-Rh	341259	288504	84.54	231830	68.05
JERC-CRJU-86-1-Ro	148245	127169	85.78	104282	70.40
KONA-1-1-No	4291217	3998499	93.18	3588678	84.18
LAJA-1-1-No	5122176	4684694	91.46	3559404	70.34
LAJA-1-1-Rh	59349	51330	86.49	42782	72.27
LAJA-1-1-Ro	18908	17539	92.76	15552	82.76
LAJA-1-2-No	2625185	2449547	93.31	2032070	78.24
LAJA-1-2-Rh	124843	109784	87.94	91228	73.49
LAJA-1-2-Ro	150419	138026	91.76	115244	77.32
LAJA-1-3-No	4797362	4655346	97.04	4351290	91.17
LAJA-1-3-Rh	371238	342024	92.13	290816	79.03
LAJA-1-3-Ro	339016	316783	93.44	269442	80.26
LAJA-10-1-No	1566154	1540612	98.37	1496372	95.90
LAJA-10-1-Rh	207330	188469	90.90	167902	81.28
LAJA-10-1-Ro	9092	8689	95.57	8142	89.85
LAJA-11-3-No	6070596	5786299	95.32	5429738	89.67
LAJA-11-3-Rh	219922	208317	94.72	194548	89.12
LAJA-11-3-Ro	37900	36115	95.29	34030	90.17
LAJA-12-1-No	1954383	1852930	94.81	1678866	86.81
LAJA-12-1-Rh	135858	127505	93.85	118180	87.30
LAJA-12-1-Ro	64937	62091	95.62	57834	90.04
LAJA-13-3-No	55529913	55410288	99.78	54568604	98.60
LAJA-13-3-Rh	144525	135119	93.49	124446	86.37
LAJA-13-3-Ro	1302027	1291313	99.18	1268018	97.57
LAJA-14-1-No	3165852	3102581	98.00	3012032	95.40
LAJA-14-1-Rh	3057678	3005970	98.31	2924670	95.85
LAJA-14-1-Ro	370009	362611	98.00	350706	95.11
LAJA-15-1-No	15787996	14703311	93.13	13491422	85.59
LAJA-15-1-Rh	573918	555992	96.88	533888	93.25
LAJA-15-1-Ro	404597	395037	97.64	382964	94.84
LAJA-16-2-No	7694842	7601414	98.79	7445464	96.98
LAJA-16-2-Rh	202639	198771	98.09	194726	96.10
LAJA-16-2-Ro	2000635	1937711	96.85	1864392	93.37
LAJA-17-1-No	4424962	4319430	97.62	4140772	94.22
LAJA-17-1-Rh	333094	321601	96.55	306226	92.51
LAJA-17-1-Ro	174666	167001	95.61	155304	89.77
LAJA-18-1-No	15566069	14775052	94.92	13856454	89.22
LAJA-18-1-Rh	248584	233320	93.86	214890	86.86
LAJA-18-1-Ro	102251	101936	99.69	101172	98.96
LAJA-19-2-No	1876869	1846488	98.38	1796296	95.97
LAJA-19-2-Rh	186510	175846	94.28	162616	87.73
LAJA-19-2-Ro	30681	29915	97.50	28864	94.40
LAJA-2-1-No	6095825	5890182	96.63	5361878	88.64
LAJA-2-1-Rh	567199	525209	92.60	467000	82.61
LAJA-2-1-Ro	422317	405905	96.11	372734	88.70
LAJA-2-2-No	4969872	4749036	95.56	4188312	84.97
LAJA-2-2-Rh	254361	230248	90.52	197292	78.34
LAJA-2-2-Ro	1458154	1349911	92.58	1115570	77.35
LAJA-2-3-No	22438206	22004356	98.07	21095240	94.56
LAJA-2-3-Rh	413000	387789	93.90	340486	83.15
LAJA-2-3-Ro	2705407	2609390	96.45	2401306	89.47
LAJA-20-1-Rh	145972	135709	92.97	123898	85.46
LAJA-21-1-No	7727846	7426707	96.10	7071156	91.76
LAJA-24-2-No	396014	373109	94.22	345518	87.43
LAJA-24-2-Rh	64571	60199	93.23	55366	85.80
LAJA-24-2-Ro	3632	3335	91.82	2992	82.52
LAJA-25-1-No	1607981	1489549	92.63	1318038	82.10
LAJA-25-1-Rh	81509	73524	90.20	62770	77.65
LAJA-25-1-Ro	36412	33945	93.22	31116	85.79
LAJA-26-1-No	1172175	1050242	89.60	886382	76.45
LAJA-26-1-Rh	106253	92234	86.81	76686	72.49
LAJA-26-1-Ro	27166	25549	94.05	23594	87.19
LAJA-3-1-No	2907510	2683188	92.28	2289926	79.90
LAJA-3-1-Rh	156164	147168	94.24	135988	87.53
LAJA-3-1-Ro	16434	15123	92.02	13484	82.33
LAJA-3-2-No	3408992	3119476	91.51	2657364	78.94
LAJA-3-2-Rh	2193020	1993503	90.90	1671380	77.27
LAJA-3-2-Ro	44623	39177	87.80	32908	74.11
LAJA-3-3-No	3340436	3068214	91.85	2588228	78.68
LAJA-3-3-Rh	260562	238032	91.35	206130	79.89
LAJA-3-3-Ro	26834	23642	88.10	20142	75.25
LAJA-4-1-No	1153606	1116127	96.75	1049276	91.69
LAJA-4-1-Rh	596280	563667	94.53	517858	87.44
LAJA-4-1-Ro	100779	94381	93.65	85408	85.29
LAJA-5-1-No	7457014	7326683	98.25	7067842	95.10
LAJA-5-1-Rh	167535	153701	91.74	139156	83.29
LAJA-5-1-Ro	20122	18672	92.79	17180	85.72
LAJA-6-1-No	2453073	2243754	91.47	1981436	81.02
LAJA-6-1-Rh	1114520	1069036	95.92	991414	89.38
LAJA-6-1-Ro	16539	15964	96.52	14966	90.84
LAJA-7-1-No	6395614	6171915	96.50	5874720	92.19
LAJA-7-1-Rh	264085	248109	93.95	228574	87.04
LAJA-7-1-Ro	148925	142994	96.02	129590	88.42
LAJA-8-2-No	1349485	1291951	95.74	1210198	90.24
LAJA-8-2-Rh	136848	126060	92.12	113894	83.75
LAJA-8-2-Ro	46254	42647	92.20	38562	84.02
LAJA-9-1-No	12749858	12354240	96.90	11869232	93.32
LAJA-9-1-Rh	3660702	3585766	97.95	3489564	95.54
LAJA-9-1-Ro	1475553	1411397	95.65	1322622	90.06
LENO-15-2-No	2364967	2174633	91.95	1796286	76.09
LENO-15-2-Rh	39898	36993	92.72	33792	85.05
LENO-16-2-No	2916182	2782008	95.40	2418562	83.11
LENO-16-2-Rh	200136	181858	90.87	158874	79.69
MLBS-2-1-No	231724	203992	88.03	150688	66.65
NIWO-1-No	16470925	15938672	96.77	15301576	92.90
NIWO-1-Rh	349094	303629	86.98	243504	70.68
NIWO-1-Ro	202912	178942	88.19	151314	75.23
NIWO-2-No	282776	245489	86.81	202530	72.52
NIWO-2-Rh	65759	56726	86.26	46494	71.09
NIWO-2-Ro	25527	25022	98.02	24174	94.70
NOGP-1-1-No	8026540	7989704	99.54	7871790	98.27
NOGP-1-1-Rh	251836	245050	97.31	235088	94.01
NOGP-1-1-Ro	10362	10122	97.68	9778	94.69
NOGP-2-1-No	85459099	85436461	99.97	84938632	99.74
NOGP-2-1-Rh	256693	250135	97.45	238318	93.72
NOGP-2-1-Ro	3913836	3889459	99.38	3808656	97.89
NOGP-3-2-No	20940065	20863305	99.63	20578058	98.52
NOGP-3-2-Rh	92531	89301	96.51	83266	90.66
NOGP-3-2-Ro	216177	212488	98.29	205504	95.40
NOGP-4-1-No	7937	7392	93.13	6798	85.90
NOGP-4-1-Rh	85335	73392	86.00	60614	71.20
NOGP-4-1-Ro	12456495	12302291	98.76	12033786	96.90
NOGP-5-2-No	17943454	17712265	98.71	17290876	96.71
NOGP-5-2-Rh	104484	95208	91.12	83986	80.91
NOGP-5-2-Ro	1447912	1426287	98.51	1388378	96.34
NOGP-6-3-No	21719811	21486947	98.93	20900466	96.57
NOGP-6-3-Rh	79402	70610	88.93	59400	75.33
NOGP-6-3-Ro	262827	255770	97.31	246604	94.07
NOGP-7-2-No	455934	403962	88.60	336372	73.96
NOGP-7-2-Rh	225719	201294	89.18	170628	76.36
NOGP-7-2-Ro	9174	7722	84.17	6744	73.61
OAES-35-3-No	3730331	3468584	92.98	3054910	81.99
OAES-35-3-Rh	280110	231025	82.48	178364	63.68
OAES-35-3-Ro	107790	100712	93.43	90962	84.50
OAES-36-2-No	6120433	6037521	98.65	5873032	96.26
OAES-36-2-Rh	251540	205361	81.64	155284	61.91
OAES-36-2-Ro	836878	690495	82.51	522262	62.86
OAES-36-3-No	3191365	3108552	97.41	2987272	93.95
OAES-36-3-Rh	1401081	1297808	92.63	1164044	83.57
OAES-36-3-Ro	327352	287169	87.72	242666	74.36
OAES-37-2-No	392541	331748	84.51	254852	65.30
OAES-37-2-Rh	299803	249910	83.36	195756	65.50
OAES-37-2-Ro	13097	12213	93.25	11184	85.58
ORNL-25-1-No	2363064	2274185	96.24	2164618	91.92
ORNL-25-1-Rh	54180	52727	97.32	51542	95.15
ORNL-25-1-Ro	57070	50092	87.77	42448	74.91
ORNL-7-2-No	3362022	3195104	95.04	2986160	88.95
ORNL-7-2-Rh	111876	105790	94.56	100152	89.68
ORNL-7-2-Ro	158088	140726	89.02	120328	76.41
ORNL-8-2-No	666108	635141	95.35	595686	89.73
ORNL-8-2-Rh	8367	8205	98.06	8018	95.93
ORNL-8-2-Ro	13565	12693	93.57	11694	86.64
OSBS-100-3-No	302373	291010	96.24	279152	92.50
OSBS-100-3-Rh	157688	151783	96.26	145838	92.58
OSBS-100-3-Ro	125628	121503	96.72	117010	93.21
OSBS-101-1-No	42871	38584	90.00	33724	79.10
OSBS-101-1-Rh	161611	154904	95.85	147028	90.99
OSBS-101-1-Ro	179225	168779	94.17	158322	88.56
OSBS-102-1-No	25773	24034	93.25	21900	85.08
OSBS-102-1-Rh	188497	176825	93.81	164798	87.76
OSBS-102-1-Ro	203679	191242	93.89	176568	87.17
OSBS-103-2-No	275399	255143	92.64	227264	83.27
OSBS-103-2-Rh	224463	205546	91.57	184976	83.17
OSBS-103-2-Ro	471717	444247	94.18	405810	87.04
OSBS-104-1-No	8109045	7825938	96.51	7501932	92.60
OSBS-104-1-Ro	368148	348165	94.57	317914	87.52
OSBS-106-1-No	500466	482464	96.40	455274	91.52
OSBS-106-1-Ro	18684	17681	94.63	16308	87.70
OSBS-107-No	5892068	5542272	94.06	5104394	86.92
OSBS-107-Rh	62004	57744	93.13	50630	81.67
OSBS-107-Ro	47202	44519	94.32	41096	87.42
OSBS-109-4-No	5517510	4744413	85.99	3888466	70.65
OSBS-109-4-Ro	86746	81195	93.60	74348	85.96
OSBS-110-1-No	7265264	6923971	95.30	6458758	89.23
OSBS-25-1-Rh	125422	116990	93.28	105418	84.48
OSBS-25-1-Ro	21086	18100	85.84	14548	69.30
OSBS-28-1-No	224023	206692	92.26	182148	81.63
OSBS-28-1-Rh	259001	244773	94.51	226874	87.84
OSBS-28-1-Ro	179478	169144	94.24	156150	87.06
OSBS-29-1-Rh	300896	284057	94.40	259682	86.83
OSBS-29-1-Ro	10012	9329	93.18	8492	85.35
OSBS-30-1-Rh	59867	53243	88.94	45506	76.48
OSBS-30-1-Ro	1238	1146	92.57	1046	84.49
OSBS-31-1-Rh	48190	45573	94.57	42508	88.50
OSBS-31-1-Ro	866	811	93.65	720	83.53
OSBS-46-1-No	81451	78022	95.79	74022	91.17
OSBS-46-1-Ro	542941	503546	92.74	451514	83.68
OSBS-49-1-No	1096009	1031017	94.07	954482	87.32
OSBS-49-1-Rh	121761	113901	93.54	103804	85.91
OSBS-49-1-Ro	37832	35171	92.97	32220	85.47
OSBS-51-1-No	28611	26547	92.79	24266	85.10
OSBS-51-1-Rh	140256	133141	94.93	125110	89.23
OSBS-51-1-Ro	23361	21684	92.82	19954	85.48
OSBS-52-2-No	3443179	3411271	99.07	3373656	98.03
OSBS-52-2-Rh	153902	140185	91.09	125944	82.15
OSBS-52-2-Ro	80816	74120	91.71	66886	83.01
OSBS-55-1-No	1077052	1021106	94.81	952002	88.67
OSBS-55-1-Rh	167523	159499	95.21	150316	90.00
OSBS-55-1-Ro	527910	485246	91.92	433302	82.55
OSBS-69-1-No	1782279	1644290	92.26	1478140	83.20
OSBS-69-1-Rh	303958	291412	95.87	274256	90.63
OSBS-69-1-Ro	18628	17293	92.83	15406	82.89
OSBS-91-1-No	506722	462492	91.27	408098	80.89
OSBS-91-1-Rh	45911	37697	82.11	25388	55.31
OSBS-91-1-Ro	338337	306351	90.55	270250	80.43
OSBS-95-3-Rh	106754	94649	88.66	79492	74.80
OSBS-95-3-Ro	688618	588404	85.45	455620	67.07
OSBS-97-2-Rh	609187	511412	83.95	391192	64.52
OSBS-97-2-Ro	182951	167960	91.81	150220	82.36
OSBS-99-No	49287	46346	94.03	41506	84.30
OSBS-99-Rh	132727	126733	95.48	121556	91.64
OSBS-99-Ro	9969	9477	95.06	8842	89.08
OSBS-CEVI-50-3-No	824429	780711	94.70	726272	88.41
OSBS-CEVI-50-3-Rh	685502	632993	92.34	572546	83.81
OSBS-CEVI-50-3-Ro	101329	92573	91.36	82552	81.63
OSBS-DETR-64-3-No	74793	68781	91.96	62280	83.35
OSBS-DETR-64-3-Rh	123906	118325	95.50	110870	89.75
OSBS-DETR-64-3-Ro	113649	105626	92.94	96206	84.97
OSBS-LEHI-62-5-No	3045792	2867672	94.15	2641416	87.04
OSBS-LEHI-62-5-Rh	280332	255409	91.11	227010	81.46
OSBS-LEHI-62-5-Ro	15820	15268	96.51	14666	92.99
OSBS-TEVI-61-4-No	1206590	1164360	96.50	1121582	92.97
OSBS-TEVI-61-4-Rh	89500	80630	90.09	71056	79.61
OSBS-TEVI-61-4-Ro	3338	3023	90.56	2694	81.00
RMNP-1-No	4365623	3789915	86.81	3122930	71.64
RMNP-1-Rh	219826	203576	92.61	182008	83.53
RMNP-1-Ro	6671	6266	93.93	5906	88.63
RMNP-2-No	2706470	2453340	90.65	2095120	77.51
RMNP-2-Rh	3322961	3220809	96.93	3007104	90.62
RMNP-2-Ro	20766	18774	90.41	16706	80.59
RMNP-3-No	1115919	1082460	97.00	1016616	91.36
RMNP-3-Rh	234153	224889	96.04	213848	91.86
RMNP-3-Ro	215435	206267	95.74	190812	88.97
RMNP-4-No	117505	115664	98.43	113998	97.09
RMNP-4-Rh	232782	217344	93.37	198346	85.59
RMNP-4-Ro	4586	4133	90.12	3696	80.66
RMNP-5-1-No	2345343	2211839	94.31	2040386	88.30
RMNP-5-1-Rh	878	825	93.96	754	86.07
RMNP-5-1-Ro	918	856	93.25	776	84.90
SCBI-1-1-Rh	195801	178460	91.14	158442	81.17
SCBI-1-1-Ro	10011	9696	96.85	9312	93.18
SCBI-10-1-No	1020923	892749	87.45	726776	71.31
SCBI-10-1-Rh	106556	96722	90.77	85382	80.37
SCBI-10-1-Ro	99297	90585	91.23	80746	81.85
SCBI-11-1-No	3950948	3788089	95.88	3586294	90.99
SCBI-11-1-Rh	276148	271016	98.14	265430	96.19
SCBI-11-1-Ro	89021	84345	94.75	78440	88.40
SCBI-12-1-No	1218931	1163307	95.44	1094186	90.05
SCBI-12-1-Rh	439695	420013	95.52	396304	90.23
SCBI-12-1-Ro	158578	153126	96.56	145614	92.21
SCBI-13-1-No	1039102	971681	93.51	857116	82.66
SCBI-13-1-Rh	223086	209145	93.75	190254	85.78
SCBI-13-1-Ro	55490	52897	95.33	49834	90.42
SCBI-2-1-No	137406	129686	94.38	121382	88.42
SCBI-2-1-Rh	276894	261352	94.39	239240	87.71
SCBI-2-1-Ro	361738	328676	90.86	293422	81.32
SCBI-3-1-No	1259361	1187302	94.28	1059020	84.18
SCBI-3-1-Rh	220862	211253	95.65	200536	91.06
SCBI-3-1-Ro	119774	112350	93.80	102948	86.45
SCBI-4-1-No	1850774	1761405	95.17	1653062	89.53
SCBI-4-1-Rh	926492	874313	94.37	812790	87.94
SCBI-4-1-Ro	64866	60340	93.02	55512	85.78
SCBI-5-1-No	6820194	6507777	95.42	5941724	87.30
SCBI-5-1-Rh	99020	91045	91.95	82904	84.09
SCBI-5-1-Ro	12466	11462	91.95	10470	84.20
SCBI-6-1-No	5509223	5289377	96.01	5006002	91.16
SCBI-6-1-Rh	366131	342089	93.43	314430	86.16
SCBI-6-1-Ro	109484	105017	95.92	98640	90.54
SCBI-7-1-No	6773560	6699398	98.91	6591784	97.34
SCBI-7-1-Rh	253177	235731	93.11	212282	84.73
SCBI-7-1-Ro	90776	88501	97.49	85308	94.18
SCBI-8-2-No	1543790	1498996	97.10	1402902	91.86
SCBI-8-2-Rh	187703	178635	95.17	164704	88.31
SCBI-8-2-Ro	101779	95253	93.59	87824	86.73
SCBI-9-2-No	1165725	1121083	96.17	1067112	91.79
SCBI-9-2-Rh	264186	247255	93.59	226608	86.17
SCBI-9-2-Ro	29926	27998	93.56	25978	87.15
SERC-1-1-No	1765805	1735857	98.30	1673142	94.86
SERC-1-1-Rh	30760	29572	96.14	28418	92.40
SERC-1-1-Ro	292503	276527	94.54	248288	85.04
SERC-2-1-No	2387438	2324994	97.38	2177042	91.34
SERC-2-1-Rh	172307	157245	91.26	141334	82.36
SERC-2-1-Ro	60755	55960	92.11	50388	83.29
SERC-3-1-Rh	311411	285402	91.65	257654	83.01
SERC-3-1-Ro	25083	23683	94.42	22174	88.65
SERC-4-1-No	2068097	1946209	94.11	1797078	87.26
SERC-4-1-Rh	311779	284892	91.38	257176	82.76
SERC-4-1-Ro	62510	61816	98.89	60740	97.70
SERC-5-1-No	2840148	2766568	97.41	2665262	94.13
SERC-5-1-Rh	320395	306141	95.55	290248	90.76
SERC-5-1-Ro	30484	29364	96.33	28424	93.25
SERC-6-1-No	47980997	46589045	97.10	44958292	93.86
SERC-6-1-Rh	2889942	2844345	98.42	2786496	96.47
SERC-6-1-Ro	159679	156454	97.98	152296	95.46
SERC-7-1-No	13413739	13235665	98.67	12908700	96.70
SERC-7-1-Rh	363900	335221	92.12	306568	84.29
SERC-7-1-Ro	142376	127326	89.43	109906	77.55
SJER-1-1-No	1259399	1150363	91.34	1018134	81.31
SJER-1-1-Rh	237671	227968	95.92	216822	91.24
SJER-1-1-Ro	28600	27351	95.63	25684	90.19
SJER-2-3-No	7480132	7357224	98.36	7207596	96.45
SJER-2-3-Rh	615964	591704	96.06	566022	91.96
SJER-2-3-Ro	146465	142338	97.18	132100	91.67
SJER-3-5-No	1294706	1239572	95.74	1160060	90.18
SJER-3-5-Rh	558810	529812	94.81	491218	88.42
SJER-3-5-Ro	121878	115086	94.43	106082	87.60
SJER-4-1-No	96662	91188	94.34	83944	87.66
SJER-4-1-Rh	211866	202064	95.37	191852	90.73
SJER-4-1-Ro	19719	18688	94.77	17518	88.93
SJER-5-1-No	925444	905018	97.79	876144	94.92
SJER-5-1-Rh	143166	136767	95.53	128418	90.13
SJER-5-1-Ro	36821	34941	94.89	32466	88.61
TALL-10-4-No	368566	355344	96.41	335066	91.68
TALL-10-4-Rh	82515	78741	95.43	73042	88.74
TALL-10-4-Ro	8236	7992	97.04	7628	92.69
TALL-11-1-No	146328	133737	91.40	119614	81.91
TALL-11-1-Rh	113466	101181	89.17	87828	77.69
TALL-11-1-Ro	105515	94658	89.71	83596	79.41
TALL-12-2-No	3870932	3686422	95.23	3451154	89.48
TALL-12-2-Rh	94800	89596	94.51	84152	89.03
TALL-12-2-Ro	787935	763707	96.93	731212	93.24
TALL-13-3-No	7456851	7061117	94.69	6414890	86.34
TALL-13-3-Rh	287219	274061	95.42	255084	89.02
TALL-13-3-Ro	239767	229655	95.78	214626	90.28
TALL-14-2-No	1212263	1163641	95.99	1098800	90.94
TALL-14-2-Rh	319072	283462	88.84	246928	77.46
TALL-14-2-Ro	367954	313900	85.31	255466	70.02
TALL-15-2-No	9479055	8832918	93.18	7916312	84.00
TALL-15-2-Rh	106983	102762	96.05	98588	92.26
TALL-15-2-Ro	11665	11253	96.47	10720	92.08
TALL-16-No	1360124	1265178	93.02	1156636	85.09
TALL-16-Rh	295264	270877	91.74	239670	81.55
TALL-16-Ro	9817	9314	94.88	8620	87.82
TALL-17-2-No	1954451	1846143	94.46	1712632	87.78
TALL-17-2-Rh	121817	109161	89.61	94502	78.03
TALL-17-2-Ro	5720	5378	94.02	5008	87.71
TALL-18-1-No	1665995	1512560	90.79	1339994	80.57
TALL-18-1-Rh	291473	279153	95.77	255550	89.42
TALL-18-1-Ro	123013	113533	92.29	102894	83.76
TALL-19-2-No	6999305	6258982	89.42	5408250	77.38
TALL-19-2-Rh	130575	117766	90.19	103684	79.74
TALL-19-2-Ro	118384	104962	88.66	90520	76.74
TALL-2-3-No	3869671	3606756	93.21	3302486	85.46
TALL-2-3-Rh	354885	328832	92.66	300410	85.03
TALL-2-3-Ro	670844	628013	93.62	558390	83.83
TALL-20-1-No	1528351	1451502	94.97	1352790	88.66
TALL-20-1-Rh	111507	101587	91.10	91422	82.19
TALL-20-1-Ro	111466	102837	92.26	89566	81.14
TALL-21-2-No	947992	884207	93.27	808870	85.48
TALL-21-2-Rh	187713	181383	96.63	173052	92.37
TALL-21-2-Ro	286409	271555	94.81	236598	83.40
TALL-22-No	673284	635822	94.44	589744	87.74
TALL-22-Rh	417615	388053	92.92	347994	83.95
TALL-22-Ro	6010	5750	95.67	5448	91.04
TALL-23-2-No	1531831	1425439	93.05	1290070	84.54
TALL-23-2-Rh	210514	197358	93.75	183316	87.27
TALL-23-2-Ro	882468	832888	94.38	768210	87.66
TALL-24-2-No	3950154	3769109	95.42	3471130	88.44
TALL-24-2-Rh	514396	487392	94.75	449236	87.79
TALL-24-2-Ro	29476	28377	96.27	26750	91.03
TALL-25-2-No	4304233	4145148	96.30	3935120	91.62
TALL-25-2-Rh	1114352	1089249	97.75	1049096	94.56
TALL-25-2-Ro	142231	135588	95.33	125338	88.55
TALL-26-3-No	460407	437760	95.08	412040	89.74
TALL-26-3-Rh	133332	122420	91.82	110802	83.24
TALL-26-3-Ro	170760	159950	93.67	147530	86.71
TALL-27-1-No	219956	201441	91.58	179528	81.98
TALL-27-1-Rh	258779	242499	93.71	222046	86.11
TALL-27-1-Ro	104587	93840	89.72	82356	78.93
TALL-28-1-No	3103248	2745806	88.48	2350400	75.85
TALL-28-1-Rh	220408	196696	89.24	165544	75.79
TALL-28-1-Ro	82003	74441	90.78	66260	80.96
TALL-29-3-No	1555628	1434363	92.20	1293002	83.28
TALL-29-3-Rh	375128	354458	94.49	329572	88.33
TALL-29-3-Ro	44781	41000	91.56	36100	81.30
TALL-30-1-No	293937	274628	93.43	250872	85.54
TALL-30-1-Rh	2091017	2076022	99.28	2041746	97.92
TALL-30-1-Ro	87262	84201	96.49	80056	92.05
TALL-31-1-No	1965997	1895931	96.44	1803768	91.96
TALL-31-1-Rh	620062	611458	98.61	599266	96.90
TALL-31-1-Ro	35781	34075	95.23	32136	90.08
TALL-32-1-No	1066625	1045642	98.03	1009904	94.86
TALL-32-1-Rh	570159	558275	97.92	542966	95.68
TALL-32-1-Ro	78930	74821	94.79	68720	87.55
TALL-33-1-No	3146937	3071280	97.60	2977852	94.78
TALL-33-1-Rh	381227	362972	95.21	342146	90.09
TALL-33-1-Ro	7160	6839	95.52	6474	90.44
TALL-34-1-No	1654015	1570612	94.96	1433802	87.48
TALL-34-1-Rh	851188	818978	96.22	774768	91.31
TALL-34-1-Ro	52425	49207	93.86	45642	87.44
TALL-35-1-No	444803	405505	91.17	351374	79.31
TALL-35-1-Rh	422596	389257	92.11	343602	81.52
TALL-35-1-Ro	75176	71847	95.57	67850	90.57
TALL-36-1-No	262945	244939	93.15	222576	85.15
TALL-36-1-Rh	390331	362582	92.89	317446	82.12
TALL-36-1-Ro	110770	102680	92.70	92644	84.09
TALL-37-1-No	61775	56420	91.33	46566	77.15
TALL-37-1-Rh	706483	654610	92.66	586798	83.58
TALL-37-1-Ro	28939	27042	93.44	24850	86.26
TALL-38-3-No	2597809	2425846	93.38	2225364	85.87
TALL-38-3-Rh	911200	847820	93.04	763054	84.23
TALL-38-3-Ro	12831	12238	95.38	11318	88.84
TALL-39-2-No	3611601	3337395	92.41	3026452	83.95
TALL-39-2-Rh	26459	25077	94.78	23714	89.64
TALL-39-2-Ro	30898	28211	91.30	25404	82.49
TALL-4-1-No	3422092	3057970	89.36	2683652	78.46
TALL-40-1-No	1775366	1687930	95.08	1576514	88.95
TALL-40-1-Rh	406570	377879	92.94	335686	83.56
TALL-40-1-Ro	30884	29063	94.10	26712	87.15
TALL-41-3-No	2786164	2637544	94.67	2475056	88.90
TALL-41-3-Rh	690578	649198	94.01	592476	86.12
TALL-41-3-Ro	16899	15699	92.90	14378	85.27
TALL-42-1-No	1954860	1896892	97.03	1820314	93.27
TALL-42-1-Rh	427689	398705	93.22	363590	85.23
TALL-42-1-Ro	8328	7567	90.86	6636	80.05
TALL-5-2-No	112236	102477	91.30	91294	81.52
TALL-5-2-Rh	44377	41009	92.41	36908	83.79
TALL-5-2-Ro	42285	40425	95.60	37762	89.73
TALL-53-3-No	4149462	3652450	88.02	3106974	74.98
TALL-53-3-Ro	75009	66246	88.32	56618	75.65
TALL-55-1-No	3242937	2932935	90.44	2570264	79.44
TALL-59-1-No	2151072	2093143	97.31	2020590	94.08
TALL-59-1-Rh	434512	371995	85.61	307248	70.92
TALL-59-1-Ro	59571	55028	92.37	49742	83.74
TALL-6-2-No	137516	131613	95.71	124328	90.65
TALL-6-2-Rh	339072	297723	87.81	254058	75.15
TALL-6-2-Ro	42762	40948	95.76	38820	91.20
TALL-60-1-No	5619875	5420127	96.45	5160824	91.93
TALL-60-1-Rh	87433	83028	94.96	75786	87.84
TALL-60-1-Ro	5652	5569	98.53	5484	97.13
TALL-61-2-No	376940	367529	97.50	337352	89.54
TALL-61-2-Rh	21677	19768	91.19	17740	81.85
TALL-61-2-Ro	4447	4348	97.77	4252	95.68
TALL-62-1-No	3404664	3288926	96.60	3162204	92.94
TALL-62-1-Rh	395942	347041	87.65	293778	74.49
TALL-62-1-Ro	55244	51522	93.26	46458	84.66
TALL-63-1-No	2496358	2408025	96.46	2298988	92.21
TALL-63-1-Rh	54271	47570	87.65	40296	74.53
TALL-63-1-Ro	7878	7387	93.77	6788	86.69
TALL-64-1-No	1624146	1578877	97.21	1501110	92.54
TALL-64-1-Rh	403040	351318	87.17	298518	74.37
TALL-64-1-Ro	82067	76055	92.67	69152	84.43
TALL-65-1-No	1593144	1523282	95.61	1442394	90.67
TALL-65-1-Rh	224789	204419	90.94	182352	81.41
TALL-65-1-Ro	14155	12622	89.17	10818	76.71
TALL-66-2-No	1481939	1403503	94.71	1309400	88.56
TALL-66-2-Rh	348028	315406	90.63	277316	80.19
TALL-66-2-Ro	14050	13147	93.57	12130	86.58
TALL-67-1-No	1482509	1439244	97.08	1382144	93.35
TALL-67-1-Rh	401231	383029	95.46	355252	89.22
TALL-67-1-Ro	14248	13092	91.89	11664	82.15
TALL-68-2-No	3344419	3217592	96.21	3020832	90.51
TALL-68-2-Rh	208601	186952	89.62	158282	76.42
TALL-68-2-Ro	28511	26378	92.52	22938	81.03
TALL-69-1-No	511960	471312	92.06	418338	82.29
TALL-69-1-Rh	585470	545488	93.17	482814	83.26
TALL-69-1-Ro	19250	18086	93.95	16830	87.81
TALL-7-2-No	338711	330450	97.56	318842	94.62
TALL-7-2-Rh	170010	160142	94.20	144644	86.14
TALL-7-2-Ro	20921	18964	90.65	16576	79.77
TALL-70-1-No	1716748	1660926	96.75	1583726	92.40
TALL-70-1-Rh	120350	109370	90.88	97404	81.34
TALL-70-1-Ro	6832	6219	91.03	5640	82.58
TALL-71-2-No	809559	781548	96.54	744286	92.11
TALL-71-2-Rh	591508	567336	95.91	536052	90.92
TALL-71-2-Ro	6319	6105	96.61	5872	92.97
TALL-72-1-No	2447698	2386684	97.51	2298432	94.00
TALL-72-1-Rh	10874	10296	94.68	9694	89.20
TALL-72-1-Ro	567171	545285	96.14	507782	90.32
TALL-73-2-No	3337891	3266454	97.86	3184382	95.63
TALL-73-2-Rh	210806	196504	93.22	180302	85.93
TALL-73-2-Ro	4723	4624	97.90	2288	48.52
TALL-74-3-No	3665592	3526086	96.19	3345378	91.43
TALL-74-3-Rh	1484394	1395875	94.04	1295140	87.47
TALL-74-3-Ro	39532	37059	93.74	34074	86.50
TALL-75-2-No	359628	346791	96.43	333060	92.75
TALL-75-2-Rh	272036	238848	87.80	202132	74.57
TALL-75-2-Ro	12663	11364	89.74	10086	79.73
TALL-76-3-No	6296591	5930180	94.18	5502430	87.54
TALL-76-3-Rh	913486	846752	92.69	772510	84.81
TALL-76-3-Ro	167377	156371	93.42	143348	85.92
TALL-78-2-No	4245667	4147715	97.69	4012208	94.62
TALL-78-2-Rh	252036	221761	87.99	188824	75.12
TALL-78-2-Ro	5100	4951	97.08	4784	93.91
TALL-79-1-No	4778463	4672912	97.79	4530064	95.03
TALL-79-1-Rh	181754	169969	93.52	156138	86.39
TALL-79-1-Ro	165057	149506	90.58	130738	79.51
TALL-8-2-No	5635311	5590365	99.20	5529232	98.27
TALL-8-2-Rh	226472	220007	97.15	209878	93.11
TALL-8-2-Ro	133953	123755	92.39	108038	81.27
TALL-80-1-No	440296	405565	92.11	366302	83.46
TALL-80-1-Rh	181735	170384	93.75	159246	87.85
TALL-80-1-Ro	163443	148620	90.93	132600	81.29
TALL-81-1-Rh	451362	430234	95.32	404776	89.97
TALL-81-1-Ro	13576	13263	97.69	12104	89.17
TALL-82-1-No	13457	12970	96.38	12396	92.27
TALL-82-1-Rh	148935	138292	92.85	126342	85.25
TALL-82-1-Ro	29123	28161	96.70	26706	93.46
TALL-83-2-No	4668223	4634081	99.27	4552684	97.61
TALL-83-2-Rh	340578	323789	95.07	303106	89.45
TALL-83-2-Ro	13014	12928	99.34	12814	98.52
TALL-84-1-No	4602689	4511663	98.02	4410778	95.91
TALL-84-1-Rh	496432	480465	96.78	451930	91.72
TALL-84-1-Ro	9411	9154	97.27	8878	94.39
TALL-85-1-No	9724	8715	89.62	7596	78.39
TALL-85-1-Rh	262509	245580	93.55	224170	85.80
TALL-85-1-Ro	20678	17779	85.98	14530	70.52
TALL-86-1-No	4631699	4361924	94.18	4061998	87.79
TALL-86-1-Rh	2125416	2068404	97.32	1995416	94.01
TALL-86-1-Ro	55097	53181	96.52	50526	92.16
TALL-87-3-No	4036243	3894676	96.49	3709060	92.06
TALL-87-3-Rh	246111	233885	95.03	217934	89.32
TALL-87-3-Ro	15945	15266	95.74	14462	91.08
TALL-88-1-No	2970373	2898605	97.58	2798902	94.34
TALL-88-1-Rh	310123	291135	93.88	267292	86.67
TALL-88-1-Ro	158999	149675	94.14	137752	86.81
TALL-89-1-No	3885396	3698432	95.19	3474224	89.56
TALL-89-1-Rh	263202	250928	95.34	233418	89.33
TALL-89-1-Ro	33645	31818	94.57	29900	89.15
TALL-9-2-No	10620257	10527452	99.13	10394082	97.96
TALL-9-2-Rh	110846	100035	90.25	88324	79.80
TALL-9-2-Ro	20072	19305	96.18	18304	91.21
TALL-90-1-No	2497082	2456565	98.38	2411948	96.69
TALL-90-1-Rh	1430	1393	97.41	1344	94.25
TALL-90-1-Ro	19904	19181	96.37	18054	90.76
TALL-91-1-No	15598	13700	87.83	9234	59.20
TALL-91-1-Rh	1861	1811	97.31	1750	94.19
TALL-91-1-Ro	10217	10132	99.17	5664	55.44
TALL-92-1-No	3780382	3749626	99.19	3706270	98.12
TALL-92-1-Rh	90476	79599	87.98	68380	75.79
TALL-92-1-Ro	22383	22030	98.42	21680	96.93
TALL-93-3-No	426827	423971	99.33	419254	98.23
TALL-93-3-Rh	38563	37935	98.37	26550	68.85
TALL-93-3-Ro	37100	35283	95.10	32690	88.79
TEAK-1-2-Rh	768	734	95.57	694	90.60
TEAK-1-2-Ro	20047	18700	93.28	17040	85.26
TEAK-2-1-No	6363227	6015330	94.53	5647192	88.85
TEAK-2-1-Rh	18923	18140	95.86	16328	86.35
TEAK-2-1-Ro	9874	9028	91.43	8118	82.89
TEAK-3-1-No	4051678	3752104	92.61	3395738	84.21
TEAK-3-1-Rh	113338	102636	90.56	91330	80.66
TEAK-3-1-Ro	56290	54201	96.29	51204	91.47
TOOL-1-No	1057879	978338	92.48	874320	83.06
TOOL-1-Rh	71330	67463	94.58	62518	87.69
TOOL-1-Ro	28049	27919	99.54	27720	98.99
TOOL-10-No	7910180	7475769	94.51	6683168	84.55
TOOL-10-Rh	1404468	1292624	92.04	1126050	80.48
TOOL-10-Ro	38995	33412	85.68	27470	70.52
TOOL-11-No	17199997	16075113	93.46	13959986	81.22
TOOL-11-Rh	79826	69191	86.68	56688	71.65
TOOL-11-Ro	33758	29808	88.30	24916	74.28
TOOL-12-No	716921	662053	92.35	578858	80.81
TOOL-12-Rh	22817	21691	95.07	18154	79.66
TOOL-12-Ro	146914	136623	93.00	125884	85.76
TOOL-13-Rh	576050	511459	88.79	429078	74.66
TOOL-13-Ro	86736	79932	92.16	68462	80.87
TOOL-14-No	1844055	1631996	88.50	1344600	73.04
TOOL-14-Rh	910925	808574	88.76	674524	74.45
TOOL-14-Ro	6048	5823	96.28	5404	89.56
TOOL-15-No	1243148	1176681	94.65	1056252	85.05
TOOL-15-Rh	37293	30759	82.48	19982	53.89
TOOL-15-Ro	11033	10326	93.59	9410	85.45
TOOL-16-No	296133	267885	90.46	227292	77.09
TOOL-16-Rh	340791	280792	82.39	209546	61.84
TOOL-16-Ro	154493	138732	89.80	116346	75.63
TOOL-17-No	292323	244430	83.62	196418	67.29
TOOL-17-Rh	2158951	1949773	90.31	1645656	76.40
TOOL-17-Ro	70817	64948	91.71	56296	79.99
TOOL-18-No	662862	550906	83.11	438570	66.26
TOOL-18-Rh	332902	294099	88.34	242514	73.13
TOOL-18-Ro	67360	62532	92.83	57022	84.81
TOOL-19-No	1060032	929142	87.65	756642	71.49
TOOL-19-Rh	651770	534105	81.95	376858	58.03
TOOL-19-Ro	34836	32276	92.65	29372	84.81
TOOL-2-No	49338	45343	91.90	39842	81.24
TOOL-2-Rh	161929	140386	86.70	113386	70.48
TOOL-2-Ro	11864	11329	95.49	6802	57.41
TOOL-20-No	27198	26227	96.43	24878	91.81
TOOL-20-Rh	719941	609616	84.68	454564	63.53
TOOL-20-Ro	47942	44154	92.10	39936	83.67
TOOL-21-No	972924	848295	87.19	687864	70.98
TOOL-21-Rh	1562311	1384833	88.64	1154772	74.06
TOOL-21-Ro	6143	5713	93.00	5130	83.55
TOOL-22-No	178122	155288	87.18	129818	73.10
TOOL-22-Rh	278750	254352	91.25	222490	80.00
TOOL-22-Ro	35047	32110	91.62	28742	82.62
TOOL-23-No	853401	844458	98.95	828060	97.26
TOOL-23-Rh	293352	260032	88.64	219070	75.08
TOOL-23-Ro	1102145	1050169	95.28	969820	88.26
TOOL-24-No	8625784	8062792	93.47	7100076	82.43
TOOL-24-Rh	290849	262092	90.11	223736	77.20
TOOL-24-Ro	28484	26978	94.71	24744	87.26
TOOL-25-No	7266710	6739787	92.75	5775702	79.63
TOOL-25-Rh	88979	76820	86.33	63002	71.14
TOOL-25-Ro	60470	56301	93.11	51088	85.00
TOOL-26-No	8243772	7730854	93.78	6826988	82.97
TOOL-26-Rh	113762	101909	89.58	87266	77.03
TOOL-26-Ro	35165	32755	93.15	30024	85.58
TOOL-27-2-No	8929248	8310714	93.07	7216848	80.95
TOOL-27-2-Rh	181901	163585	89.93	141750	78.23
TOOL-27-2-Ro	47338	45261	95.61	42726	90.42
TOOL-28-No	377236	309167	81.96	235592	62.57
TOOL-28-Rh	673022	551488	81.94	425364	63.35
TOOL-28-Ro	42005	37033	88.16	31684	75.53
TOOL-29-Rh	351634	281902	80.17	211888	60.65
TOOL-29-Ro	290133	242039	83.42	191180	65.90
TOOL-3-No	18028	16266	90.23	13872	77.12
TOOL-3-Rh	524497	478470	91.22	412562	79.49
TOOL-3-Ro	143382	136931	95.50	122782	85.66
TOOL-30-No	395695	348946	88.19	285848	72.70
TOOL-30-Rh	635540	557731	87.76	457166	72.48
TOOL-30-Ro	67633	56362	83.34	44346	65.64
TOOL-31-No	12495	11932	95.49	11240	90.01
TOOL-31-Rh	143889	124113	86.26	101640	71.11
TOOL-31-Ro	9135	7074	77.44	4990	54.69
TOOL-32-Rh	371185	330996	89.17	283720	76.80
TOOL-32-Ro	38802	36519	94.12	34042	87.87
TOOL-33-1-No	39029	36432	93.35	33342	85.88
TOOL-33-1-Rh	40858	36517	89.38	31882	78.27
TOOL-33-1-Ro	31634	28915	91.40	25128	80.10
TOOL-34-No	102972	94397	91.67	84628	82.42
TOOL-34-Rh	208846	188959	90.48	166994	80.25
TOOL-34-Ro	15254	13502	88.51	7172	47.05
TOOL-35-1-No	135301	128840	95.22	118006	87.23
TOOL-35-1-Rh	341199	308393	90.39	275084	80.76
TOOL-35-1-Ro	10736	10205	95.05	9440	88.61
TOOL-4-No	87928	79670	90.61	70106	80.22
TOOL-4-Rh	2212	2124	96.02	2004	90.84
TOOL-4-Ro	6877	6431	93.51	5926	86.21
TOOL-5-No	312343	282174	90.34	242510	78.14
TOOL-5-Rh	227219	200712	88.33	170306	75.55
TOOL-5-Ro	112504	108816	96.72	104372	93.08
TOOL-6-No	304606	276884	90.90	240708	79.82
TOOL-6-Rh	110910	104263	94.01	81344	74.48
TOOL-6-Ro	91626	84557	92.28	70136	76.75
TOOL-7-No	60071	55321	92.09	49256	82.76
TOOL-7-Rh	549007	497397	90.60	432130	79.61
TOOL-7-Ro	55968	50219	89.73	43946	78.89
TOOL-8-No	13432190	13077098	97.36	12156536	90.57
TOOL-8-Rh	291216	260226	89.36	220790	77.15
TOOL-8-Ro	9647	8903	92.29	8116	84.14
TOOL-9-No	4375891	3854331	88.08	3133520	71.66
TOOL-9-Rh	65398	57168	87.42	48570	74.31
TOOL-9-Ro	49919	47352	94.86	43212	86.69
WOOD-1-1-No	655986	602234	91.81	505778	77.85
WOOD-1-1-Rh	757836	687848	90.76	598188	79.24
WOOD-1-1-Ro	19362	18247	94.24	16880	87.47
WOOD-10-1-No	22466309	22441796	99.89	22320470	99.58
WOOD-10-1-Rh	228531	221144	96.77	205890	91.23
WOOD-10-1-Ro	157325	147257	93.60	133632	85.50
WOOD-11-1-No	19445453	19403415	99.78	19161318	98.94
WOOD-11-1-Rh	189235	182962	96.69	175814	93.10
WOOD-11-1-Ro	274718	262153	95.43	247926	90.40
WOOD-12-No	14396548	14269071	99.11	13920992	97.38
WOOD-12-Rh	200904	191889	95.51	179296	89.36
WOOD-12-Ro	239270	229671	95.99	214610	90.38
WOOD-2-2-Rh	112778	101345	89.86	83126	76.44
WOOD-2-2-Ro	11990	11060	92.24	10108	84.43
WOOD-3-2-No	41519782	41328012	99.54	40728404	98.26
WOOD-3-2-Rh	666914	583315	87.46	471484	72.15
WOOD-3-2-Ro	131175	124862	95.19	114722	87.81
WOOD-4-1-No	2636834	2573185	97.59	2375230	90.22
WOOD-4-1-Rh	693875	621899	89.63	522160	75.99
WOOD-4-1-Ro	20810	18177	87.35	14170	69.24
WOOD-5-1-No	42547	41196	96.82	38686	91.23
WOOD-5-1-Rh	431843	414564	96.00	387394	90.83
WOOD-5-1-Ro	7800637	7636398	97.89	7420500	95.21
WOOD-6-1-No	28620825	27941688	97.63	27010492	94.67
WOOD-6-1-Rh	230766	220853	95.70	201750	89.05
WOOD-6-1-Ro	320431	317590	99.11	309942	97.18
WOOD-7-1-No	19949940	19783703	99.17	19269132	97.08
WOOD-7-1-Rh	456105	442344	96.98	424696	93.39
WOOD-7-1-Ro	23607	22713	96.21	21544	91.54
WOOD-8-No	2084935	2075529	99.55	2044392	98.56
WOOD-8-Rh	557919	546428	97.94	531596	95.46
WOOD-8-Ro	23872	22814	95.57	21648	90.93
WOOD-9-Rh	171188	158089	92.35	141706	83.25
WOOD-9-Ro	8463	7808	92.26	6958	82.38
YELL-10-1-No	7307	6947	95.07	6486	89.04
YELL-10-1-Rh	417494	408458	97.84	393948	95.33
YELL-10-1-Ro	7572	7073	93.41	6402	84.82
YELL-11-No	8608	7948	92.33	7272	84.58
YELL-11-Rh	1405	1347	95.87	1278	91.29
YELL-11-Ro	4980	4643	93.23	4296	86.40
YELL-3-5-No	2799	2564	91.60	2282	81.79
YELL-3-5-Rh	2513	2410	95.90	2246	89.48
YELL-3-5-Ro	25322	24183	95.50	23012	91.07
YELL-4-4-No	11289	10040	88.94	8626	76.65
YELL-4-4-Rh	3804406	3774192	99.21	3721250	98.08
YELL-4-4-Ro	40406	34925	86.44	28804	71.46
YELL-5-3-Rh	272625	259126	95.05	237522	88.24
YELL-5-3-Ro	18719	18154	96.98	17638	94.79
YELL-6-1-Rh	160214	147646	92.16	131624	82.94
YELL-6-1-Ro	13103	11460	87.46	9566	73.37
YELL-7-1-Rh	61046	53357	87.40	44456	73.05
YELL-7-1-Ro	1133695	1101295	97.14	1035568	91.62
