tip_label	sample_id	domain	species	date_finalized	qubit_average	total_dna	nebnext_protocol	isotope_reference_name	sample_preservation	type	family	site	genus	tribe	plot_simple	county	state	native	lat	long	date_field_collection	closest_blast_genus	closest_blast_taxon	percent_identity	query_coverage_percent	evalue	bitscore
BLAN-4-2-No|nifJ|consensus50|strict_single_dominant	BLAN-4-2-No	D02	Elaeagnus umbellata	7/8/25	2.225	106.8	Quarter	BLAN-4	ethanol	nodule	Elaeagnaceae	BLAN	Elaeagnus	actinorhizal	BLAN_020	Clarke	VA	no	39.100987	-77.980772	8/13/24	Candidatus	Candidatus_Frankia_alpina	98.156	52.2676	0	3251
BONA-10-2-No|nifJ|consensus50|strict_single_dominant	BONA-10-2-No	D19	Alnus viridis	7/8/25	4.39	210.72	Quarter	BONA-10	ethanol	nodule	Betulaceae	BONA	Alnus	actinorhizal	BONA_003	NA	Alaska	yes	NA	NA	20240909	Candidatus	Candidatus_Frankia_alpina	99.621	52.2959	0	3369
DEJU-5-1-Ro|nifJ|consensus50|strict_single_dominant	DEJU-5-1-Ro	D19	Alnus viridis	2/13/25	3.005	144.24	Quarter	DEJU-5	ethanol	root	Betulaceae	DEJU	Alnus	actinorhizal	DEJU_047	NA	Alaska	yes	NA	NA	NA	Candidatus	Candidatus_Frankia_alpina	97.967	29.28	0	1823
LAJA-23-1-Ro|nifJ|consensus50|strict_single_dominant	LAJA-23-1-Ro	D04	Rhynchosia minima	3/19/25	1.29	61.92	Quarter	LAJA-23	dry	root	Fabaceae	LAJA	Rhynchosia	Phaseoleae	LAJA_023	LAJA	P.R	yes	18.03583	-67.06962	10/7/24	Candidatus	Candidatus_Frankia_alpina	97.722	52.2676	0	3238
DEJU-55-Rh|nifJ|consensus50|strict_single_dominant	DEJU-55-Rh	D19	Alnus viridis	5/23/25	0	0	Quarter	DEJU-55	ethanol	rhizosphere	Betulaceae	DEJU	Alnus	actinorhizal	DEJU_045	NA	Unknown	yes	NA	NA	NA	Candidatus	Candidatus_Frankia_alpina	99.675	52.2959	0	3374
BONA-12-2-No|nifJ|consensus50|strict_single_dominant	BONA-12-2-No	D19	Alnus viridis	7/8/25	1.575	75.6	Quarter	BONA-12	ethanol	nodule	Betulaceae	BONA	Alnus	actinorhizal	BONA_003	NA	Alaska	yes	NA	NA	20240909	Candidatus	Candidatus_Frankia_alpina	99.675	52.3243	0	3376
BONA-12-1-No|nifJ|consensus50|strict_single_dominant	BONA-12-1-No	D19	Alnus viridis	3/6/25	25.65	1231.2	Half	BONA-12	ethanol	nodule	Betulaceae	BONA	Alnus	actinorhizal	BONA_003	NA	Alaska	yes	NA	NA	20240909	Candidatus	Candidatus_Frankia_alpina	99.675	52.3243	0	3376
DEJU-33-No|nifJ|consensus50|strict_single_dominant	DEJU-33-No	D19	Alnus viridis	2/20/25	12.2	585.6	Half	DEJU-33	ethanol	nodule	Betulaceae	DEJU	Alnus	actinorhizal	DEJU_015	NA	Alaska	yes	NA	NA	NA	Candidatus	Candidatus_Frankia_alpina	99.675	52.3243	0	3376
DEJU-34-No|nifJ|consensus50|strict_single_dominant	DEJU-34-No	D19	Alnus viridis	2/20/25	9.035	433.68	Half	DEJU-34	ethanol	nodule	Betulaceae	DEJU	Alnus	actinorhizal	DEJU_015	NA	Alaska	yes	NA	NA	NA	Candidatus	Candidatus_Frankia_alpina	99.675	52.3243	0	3376
BONA-11-2-No|nifJ|consensus50|strict_single_dominant	BONA-11-2-No	D19	Alnus viridis	7/8/25	3.235	155.28	Quarter	BONA-11	ethanol	nodule	Betulaceae	BONA	Alnus	actinorhizal	BONA_003	NA	Alaska	yes	NA	NA	20240909	Candidatus	Candidatus_Frankia_alpina	95.716	23.1576	0	1351
DSNY-18-1-No|nifJ|consensus50|strict_single_dominant	DSNY-18-1-No	D03	Morella cerifera	9/25/24	5.585	268.08	Half	DSNY-MOCE-18	dry	nodule	Myricaceae	DSNY	Morella	actinorhizal	DSNY_044	Osceola	Florida	yes	NA	NA	20240401	Candidatus	Candidatus_Frankia_alpina	84.245	34.1837	0	1240
LENO-15-2-No|nifJ|consensus50|strict_single_dominant	LENO-15-2-No	D08	Elaeagnus umbellata	3/20/25	43.9	2107.2	Half	LENO-15	dry	nodule	Elaeagnaceae	LENO	Elaeagnus	actinorhizal	LENO_029	Choctaw County	AL	no	31.831293	-88.171122	7/3/24	Candidatus	Candidatus_Frankia_alpina	85.185	32.1429	0	1227
TALL-61-1-No|nifJ|consensus50|strict_single_dominant	TALL-61-1-No	D08	Morella cerifera	10/31/25	0.061	2.928	Quarter	TALL-61	dry	nodule	Myricaceae	TALL	Morella	actinorhizal	TALL_R_015	Hale County	AL	yes	32.916557	-87.438945	8/28/24	Candidatus	Candidatus_Frankia_alpina	91.414	16.8367	0	815
ORNL-1-3-No|nifJ|consensus50|strict_single_dominant	ORNL-1-3-No	D07	Elaeagnus umbellata	7/8/25	32.45	1557.6	Half	ORNL-1	dry	nodule	Elaeagnaceae	ORNL	Elaeagnus	actinorhizal	ORNL_009	Anderson	TN	no	35.974444	-84.228056	5/15/24	Candidatus	Candidatus_Frankia_alpina	89.437	52.3243	0	2346
SERC-2-2-No|nifJ|consensus50|strict_single_dominant	SERC-2-2-No	D02	Elaeagnus umbellata	7/15/25	0.1965	9.432	Quarter	SERC-2	ethanol	nodule	Elaeagnaceae	SERC	Elaeagnus	actinorhizal	SERC_016	Anne Arundel	MD	no	38.899477	-76.547521	8/14/24	Candidatus	Candidatus_Frankia_alpina	88.325	27.9195	0	1214
ORNL-3-1-No|nifJ|consensus50|strict_single_dominant	ORNL-3-1-No	D07	Elaeagnus umbellata	2/17/25	10.9	523.2	Half	ORNL-3	dry	nodule	Elaeagnaceae	ORNL	Elaeagnus	actinorhizal	ORNL_029	Anderson	TN	no	35.96	-84.26	5/15/24	Candidatus	Candidatus_Frankia_alpina	91.924	52.2959	0	2582
ORNL-3-2-No|nifJ|consensus50|strict_single_dominant	ORNL-3-2-No	D07	Elaeagnus umbellata	7/8/25	21.25	1020	Half	ORNL-3	dry	nodule	Elaeagnaceae	ORNL	Elaeagnus	actinorhizal	ORNL_029	Anderson	TN	no	35.96	-84.26	5/15/24	Candidatus	Candidatus_Frankia_alpina	89.707	52.3243	0	2414
ORNL-5-3-No|nifJ|consensus50|strict_single_dominant	ORNL-5-3-No	D07	Elaeagnus umbellata	10/30/25	33.9	1627.2	Half	ORNL-5	dry	nodule	Elaeagnaceae	ORNL	Elaeagnus	actinorhizal	ORNL_021	Anderson	TN	no	35.955556	-84.221111	5/15/24	Candidatus	Candidatus_Frankia_alpina	89.859	52.2676	0	2409
ORNL-5-2-No|nifJ|consensus50|strict_single_dominant	ORNL-5-2-No	D07	Elaeagnus umbellata	7/8/25	0	0	Quarter	ORNL-5	dry	nodule	Elaeagnaceae	ORNL	Elaeagnus	actinorhizal	ORNL_021	Anderson	TN	no	35.955556	-84.221111	5/15/24	Candidatus	Candidatus_Frankia_alpina	88.377	28.288	0	1260
ORNL-1-1-No|nifJ|consensus50|strict_single_dominant	ORNL-1-1-No	D07	Elaeagnus umbellata	2/17/25	10.85	520.8	Half	ORNL-1	dry	nodule	Elaeagnaceae	ORNL	Elaeagnus	actinorhizal	ORNL_009	Anderson	TN	no	35.974444	-84.228056	5/15/24	Candidatus	Candidatus_Frankia_alpina	92.803	52.381	0	2675
BONA-1-1-No|nifJ|consensus50|strict_single_dominant	BONA-1-1-No	D19	Alnus viridis	3/3/25	9.05	434.4	Half	BONA-1	ethanol	nodule	Betulaceae	BONA	Alnus	actinorhizal	BONA_072	NA	Alaska	yes	NA	NA	20240829	Candidatus	Candidatus_Frankia_alpina	92.694	29.8753	0	1550
DEJU-31-No|nifJ|consensus50|strict_single_dominant	DEJU-31-No	D19	Alnus viridis	2/20/25	31.35	1504.8	Half	DEJU-31	ethanol	nodule	Betulaceae	DEJU	Alnus	actinorhizal	DEJU_015	NA	Alaska	yes	NA	NA	NA	Candidatus	Candidatus_Frankia_alpina	91.638	32.5397	0	1672
HEAL-5-2-No|nifJ|consensus50|strict_single_dominant	HEAL-5-2-No	D19	Alnus viridis	4/4/25	20.35	976.8	Half	HEAL-5	ethanol	nodule	Betulaceae	HEAL	Alnus	actinorhizal	HEAL_010	Denali Borough	Alaska	yes	63.87738 N	149.26297 W	20240723	Candidatus	Candidatus_Frankia_alpina	92.081	15.3912	0	765
HEAL-3-1-No|nifJ|consensus50|strict_single_dominant	HEAL-3-1-No	D19	Alnus viridis	4/4/25	23.65	1135.2	Half	HEAL-3	ethanol	nodule	Betulaceae	HEAL	Alnus	actinorhizal	HEAL_010	Denali Borough	Alaska	yes	63.87738 N	149.26297 W	20240723	Candidatus	Candidatus_Frankia_alpina	90.058	29.3651	0	1387
HEAL-5-1-No|nifJ|consensus50|strict_single_dominant	HEAL-5-1-No	D19	Alnus viridis	7/8/25	15.1	724.8	Half	HEAL-5	ethanol	nodule	Betulaceae	HEAL	Alnus	actinorhizal	HEAL_010	Denali Borough	Alaska	yes	63.87738 N	149.26297 W	20240723	Candidatus	Candidatus_Frankia_alpina	95.431	33.5034	0	1884
TALL-72-1-No|nifJ|consensus50|strict_single_dominant	TALL-72-1-No	D08	Alnus serrulata	4/8/25	11.25	540	Half	TALL-72	dry	nodule	Betulaceae	TALL	Alnus	actinorhizal	TALL_032	Hale county	AL	yes	32.911661	-87.430302	9/4/24	Candidatus	Candidatus_Frankia_alpina	89.708	20.3798	0	953
TALL-72-2-No|nifJ|consensus50|strict_single_dominant	TALL-72-2-No	D08	Alnus serrulata	10/31/25	31.15	1495.2	Half	TALL-72	dry	nodule	Betulaceae	TALL	Alnus	actinorhizal	TALL_032	Hale county	AL	yes	32.911661	-87.430302	9/4/24	Candidatus	Candidatus_Frankia_alpina	93.196	23.3277	0	1210
TALL-72-3-No|nifJ|consensus50|strict_single_dominant	TALL-72-3-No	D08	Alnus serrulata	10/30/25	6.36	305.28	Half	TALL-72	dry	nodule	Betulaceae	TALL	Alnus	actinorhizal	TALL_032	Hale county	AL	yes	32.911661	-87.430302	9/4/24	Candidatus	Candidatus_Frankia_alpina	89.814	35.0624	0	1677
TALL-72-3-Rh|nifJ|consensus50|strict_single_dominant	TALL-72-3-Rh	D08	Alnus serrulata	10/30/25	2.96	142.08	Quarter	TALL-72	dry	rhizosphere	Betulaceae	TALL	Alnus	actinorhizal	TALL_032	Hale county	AL	yes	32.911661	-87.430302	9/4/24	Candidatus	Candidatus_Frankia_alpina	89.827	29.5351	0	1399
DEJU-48-No|nifJ|consensus50|strict_single_dominant	DEJU-48-No	D19	Alnus viridis	2/20/25	16.2	777.6	Half	DEJU-48	ethanol	nodule	Betulaceae	DEJU	Alnus	actinorhizal	DEJU_002	NA	Alaska	yes	NA	NA	NA	Candidatus	Candidatus_Frankia_alpina	87.456	48.5828	0	2001
HARV-1-2-No|nifJ|consensus50|strict_single_dominant	HARV-1-2-No	D01	Comptonia peregrina	7/14/25	1.045	50.16	Quarter	HARV-1	dry	nodule	Myricaceae	HARV	Comptonia	actinorhizal	HARV_004	Worcester	MA	yes	42.42709	-72.22974	5/2/24	Candidatus	Candidatus_Frankia_alpina	86.179	52.2959	0	2104
JERC-26-5-No|nifJ|consensus50|strict_single_dominant	JERC-26-5-No	D03	Centrosema virginiana	10/2/24	5.77	276.96	Half	JERC-26	dry	nodule	Fabaceae	JERC	Centrosema	Phaseoleae	JERC_007	Baker County	Georgia	yes	NA	NA	20240603	Candidatus	Candidatus_Frankia_alpina	87.039	52.2676	0	2182
HARV-1-2-Ro|nifJ|consensus50|strict_single_dominant	HARV-1-2-Ro	D01	Comptonia peregrina	7/14/25	2.145	102.96	Quarter	HARV-1	dry	root	Myricaceae	HARV	Comptonia	actinorhizal	HARV_004	Worcester	MA	yes	42.42709	-72.22974	5/2/24	Candidatus	Candidatus_Frankia_alpina	89.444	24.9717	0	1147
JERC-90-1-Rh|nifJ|consensus50|strict_single_dominant	JERC-90-1-Rh	D03	Ceanothus americanus	5/14/25	0.1575	7.56	Quarter	JERC-90	dry	rhizosphere	Rhamnaceae	JERC	Ceanothus	actinorhizal	JERC_050	Baker County	Georgia	yes	31.1963	-84.4678	20240625	Candidatus	Candidatus_Frankia_alpina	89.871	35.2608	0	1600
TALL-93-1-No|nifJ|consensus50|strict_single_dominant	TALL-93-1-No	D08	Alnus serrulata	7/15/25	0.1545	7.416	Quarter	TALL-93	dry	nodule	Betulaceae	TALL	Alnus	actinorhizal	TALL_032	Hale County	AL	yes	32.910379	-87.420687	9/19/24	Candidatus	Candidatus_Frankia_alpina	89.865	35.7993	0	1624
DSNY-20-1-No|nifJ|consensus50|strict_single_dominant	DSNY-20-1-No	D03	Morella cerifera	9/25/24	8.035	385.68	Half	DSNY-MOCE-20	dry	nodule	Myricaceae	DSNY	Morella	actinorhizal	DSNY_009	Polk	Florida	yes	NA	NA	20240401	Candidatus	Candidatus_Frankia_alpina	91.545	52.2959	0	2614
DSNY-4-1-No|nifJ|consensus50|strict_single_dominant	DSNY-4-1-No	D03	Morella cerifera	8/14/24	29.25	1404	Half	DSNY-MOCE-4	dry	nodule	Myricaceae	DSNY	Morella	actinorhizal	DSNY_043	Osceola	Florida	yes	28.1232 N, -81.434871 W. WGS84.	NA	20240312	Candidatus	Candidatus_Frankia_alpina	91.914	21.0317	0	1085
OSBS-52-2-No|nifJ|consensus50|strict_single_dominant	OSBS-52-2-No	D03	Morella cerifera	3/6/25	4.69	225.12	Quarter	OSBS-52	dry	nodule	Myricaceae	OSBS	Morella	actinorhizal	OSBS_004	Putnam	FL	yes	NA	NA	20240618	Candidatus	Candidatus_Frankia_alpina	91.142	26.559	0	1291
OAES-13-2-No|nifJ|consensus50|strict_single_dominant	OAES-13-2-No	D11	Ceanothus herbaceus	7/15/25	4.17	200.16	Quarter	OAES-13	ethanol	nodule	Rhamnaceae	OAES	Ceanothus	actinorhizal	OAES_005	Washita	OK	yes	35.39246	-99.10002	4/10/24	Candidatus	Candidatus_Frankia_alpina	92.611	17.2619	0	876
OSBS-52-3-No|nifJ|consensus50|strict_single_dominant	OSBS-52-3-No	D03	Morella cerifera	10/31/25	6.66	319.68	Half	OSBS-52	dry	nodule	Myricaceae	OSBS	Morella	actinorhizal	OSBS_004	Putnam	FL	yes	NA	NA	20240618	Candidatus	Candidatus_Frankia_alpina	93.543	34.2404	0	1836
OSBS-52-5-No|nifJ|consensus50|strict_single_dominant	OSBS-52-5-No	D03	Morella cerifera	10/31/25	10.6	508.8	Half	OSBS-52	dry	nodule	Myricaceae	OSBS	Morella	actinorhizal	OSBS_004	Putnam	FL	yes	NA	NA	20240618	Candidatus	Candidatus_Frankia_alpina	91.304	29.9887	0	1469
OSBS-4-3-No|nifJ|consensus50|strict_single_dominant	OSBS-4-3-No	D03	Morella cerifera	8/14/24	9.745	467.76	Half	OSBS-MOCE-4	dry	nodule	Myricaceae	OSBS	Morella	actinorhizal	OSBS_048	Putnam	FL	yes	NA	NA	20240424	Candidatus	Candidatus_Frankia_alpina	95.088	24.2347	0	1347
TALL-92-2-Ro|nifJ|consensus50|strict_single_dominant	TALL-92-2-Ro	D08	Morella caroliniensis	7/14/25	2.42	116.16	Quarter	TALL-92	dry	root	Myricaceae	TALL	Morella	actinorhizal	TALL_030	Bibb County	AL	yes	32.954599	-87.403549	9/19/24	Candidatus	Candidatus_Frankia_alpina	91.251	25.5952	0	1262
TALL-90-2-Ro|nifJ|consensus50|strict_single_dominant	TALL-90-2-Ro	D08	Morella caroliniensis	7/14/25	3.42	164.16	Quarter	TALL-90	dry	root	Myricaceae	TALL	Morella	actinorhizal	TALL_032	Hale County	AL	yes	32.910379	-87.420687	9/19/24	Candidatus	Candidatus_Frankia_alpina	91.586	29.3084	0	1469
TALL-73-1-No|nifJ|consensus50|strict_single_dominant	TALL-73-1-No	D08	Morella cerifera	10/31/25	31.75	1524	Half	TALL-73	dry	nodule	Myricaceae	TALL	Morella	actinorhizal	TALL_R_022	Bibb County	AL	yes	32.906455	-87.390317	9/4/24	Candidatus	Candidatus_Frankia_alpina	92.412	52.2959	0	2671
TALL-73-3-No|nifJ|consensus50|strict_single_dominant	TALL-73-3-No	D08	Morella cerifera	10/30/25	26.4	1267.2	Half	TALL-73	dry	nodule	Myricaceae	TALL	Morella	actinorhizal	TALL_R_022	Bibb County	AL	yes	32.906455	-87.390317	9/4/24	Candidatus	Candidatus_Frankia_alpina	92.737	52.2959	0	2695
TALL-73-2-No|nifJ|consensus50|strict_single_dominant	TALL-73-2-No	D08	Morella cerifera	4/8/25	36.55	1754.4	Half	TALL-73	dry	nodule	Myricaceae	TALL	Morella	actinorhizal	TALL_R_022	Bibb County	AL	yes	32.906455	-87.390317	9/4/24	Candidatus	Candidatus_Frankia_alpina	91.974	30.017	0	1485
TALL-8-1-No|nifJ|consensus50|strict_single_dominant	TALL-8-1-No	D08	Alnus serrulata	7/14/25	0.5345	25.656	Quarter	TALL-8	dry	nodule	Betulaceae	TALL	Alnus	actinorhizal	TALL_051	Bibb County	AL	yes	32.950269	-87.397402	2024-Apr-16	Candidatus	Candidatus_Frankia_alpina	89.707	30.017	0	1399
TALL-8-2-No|nifJ|consensus50|strict_single_dominant	TALL-8-2-No	D08	Alnus serrulata	3/28/25	0	0	Quarter	TALL-8	dry	nodule	Betulaceae	TALL	Alnus	actinorhizal	TALL_051	Bibb County	AL	yes	32.950269	-87.397402	2024-Apr-16	Candidatus	Candidatus_Frankia_alpina	90.654	30.3288	0	1502
TALL-8-3-No|nifJ|consensus50|strict_single_dominant	TALL-8-3-No	D08	Alnus serrulata	10/30/25	1.03	49.44	Quarter	TALL-8	dry	nodule	Betulaceae	TALL	Alnus	actinorhizal	TALL_051	Bibb County	AL	yes	32.950269	-87.397402	2024-Apr-16	Candidatus	Candidatus_Frankia_alpina	90.408	29.8469	0	1421
TALL-9-2-No|nifJ|consensus50|strict_single_dominant	TALL-9-2-No	D08	Morella cerifera	3/28/25	4.99	239.52	Quarter	TALL-9	dry	nodule	Myricaceae	TALL	Morella	actinorhizal	TALL_058	Bibb County	AL	yes	32.946864	-87.396457	2024-Apr-29	Candidatus	Candidatus_Frankia_alpina	90.459	30.8957	0	1520
TALL-9-1-No|nifJ|consensus50|strict_single_dominant	TALL-9-1-No	D08	Morella cerifera	10/30/25	20.1	964.8	Half	TALL-9	dry	nodule	Myricaceae	TALL	Morella	actinorhizal	TALL_058	Bibb County	AL	yes	32.946864	-87.396457	2024-Apr-29	Candidatus	Candidatus_Frankia_alpina	90.467	30.924	0	1524
TALL-9-3-Ro|nifJ|consensus50|strict_single_dominant	TALL-9-3-Ro	D08	Morella cerifera	7/14/25	8.905	427.44	Half	TALL-9	dry	root	Myricaceae	TALL	Morella	actinorhizal	TALL_058	Bibb County	AL	yes	32.946864	-87.396457	2024-Apr-29	Candidatus	Candidatus_Frankia_alpina	91.022	27.466	0	1345
TALL-82-1-No|nifJ|consensus50|strict_single_dominant	TALL-82-1-No	D08	Morella cerifera	10/30/25	3.065	147.12	Quarter	TALL-82	dry	nodule	Myricaceae	TALL	Morella	actinorhizal	TALL_020	Hale County	AL	yes	32.95591	-87.42683	9/11/24	Candidatus	Candidatus_Frankia_alpina	92.125	29.8753	0	1561
TALL-90-3-No|nifJ|consensus50|strict_single_dominant	TALL-90-3-No	D08	Morella caroliniensis	10/30/25	8.92	428.16	Half	TALL-90	dry	nodule	Myricaceae	TALL	Morella	actinorhizal	TALL_032	Hale County	AL	yes	32.910379	-87.420687	9/19/24	Candidatus	Candidatus_Frankia_alpina	94.205	34.2404	0	1912
TALL-72-2-Ro|nifJ|consensus50|strict_single_dominant	TALL-72-2-Ro	D08	Alnus serrulata	10/31/25	14.6	700.8	Half	TALL-72	dry	root	Betulaceae	TALL	Alnus	actinorhizal	TALL_032	Hale county	AL	yes	32.911661	-87.430302	9/4/24	Candidatus	Candidatus_Frankia_alpina	92.688	29.8469	0	1550
TALL-90-3-Ro|nifJ|consensus50|strict_single_dominant	TALL-90-3-Ro	D08	Morella caroliniensis	10/30/25	0	0	Quarter	TALL-90	dry	root	Myricaceae	TALL	Morella	actinorhizal	TALL_032	Hale County	AL	yes	32.910379	-87.420687	9/19/24	Candidatus	Candidatus_Frankia_alpina	99.133	19.6145	0	1245
OAES-30-3-Ro|nifJ|consensus50|strict_single_dominant	OAES-30-3-Ro	D11	Ceanothus herbaceus	7/15/25	0.307	14.736	Quarter	OAES-30	ethanol	root	Rhamnaceae	OAES	Ceanothus	actinorhizal	OAES_006_R	Washita	OK	yes	35.25165	-99.2881	4/23/24	Candidatus	Candidatus_Frankia_alpina	95.941	51.6723	0	3011
DEJU-5-2-Ro|nifJ|consensus50|strict_single_dominant	DEJU-5-2-Ro	D19	Alnus viridis	7/15/25	5.295	254.16	Half	DEJU-5	ethanol	root	Betulaceae	DEJU	Alnus	actinorhizal	DEJU_047	NA	Alaska	yes	NA	NA	NA	Candidatus	Candidatus_Frankia_alpina	97.722	52.2676	0	3210
OSBS-44-1-No|nifJ|consensus50|strict_single_dominant	OSBS-44-1-No	D03	Pediomelum canescens	3/6/25	0	0	Quarter	OSBS-44	dry	nodule	Fabaceae	OSBS	Pediomelum	Psoraleeae	OSBS_026	Putnam	FL	yes	NA	NA	20240617	Candidatus	Candidatus_Frankia_alpina	98.93	42.3753	0	2673
DEJU-17-2-Ro|nifJ|consensus50|strict_single_dominant	DEJU-17-2-Ro	D19	Alnus viridis	7/15/25	5.71	274.08	Half	DEJU-17	ethanol	root	Betulaceae	DEJU	Alnus	actinorhizal	DEJU_046	NA	Alaska	yes	NA	NA	NA	Candidatus	Candidatus_Frankia_alpina	96.657	20.3515	0	1229
LENO-9-2-No|nifJ|consensus50|strict_single_dominant	LENO-9-2-No	D08	Amorpha fruticosa	2/5/25	16.6	796.8	Half	LENO-9	ethanol	nodule	Fabaceae	LENO	Amorpha	Amorpheae	LENO_002	Choctaw County	AL	yes	31.806911	-88.193998	7/2/24	Candidatus	Candidatus_Frankia_alpina	99.62	52.1825	0	3362
YELL-1-2-No|nifJ|consensus50|strict_single_dominant	YELL-1-2-No	D12	Lupinus sericieus	3/6/25	0.077	3.696	Quarter	YELL-1	ethanol	nodule	Fabaceae	YELL	Lupinus	Genisteae	YELL_004	Park County	WY	yes	44.962834	-110.593234	6/17/24	Candidatus	Candidatus_Frankia_alpina	98.697	52.2109	0	3301
YELL-1-2-Rh|nifJ|consensus50|strict_single_dominant	YELL-1-2-Rh	D12	Lupinus sericieus	3/6/25	0	0	Quarter	YELL-1	ethanol	rhizosphere	Fabaceae	YELL	Lupinus	Genisteae	YELL_004	Park County	WY	yes	44.962834	-110.593234	6/17/24	Candidatus	Candidatus_Frankia_alpina	98.006	29.8469	0	1860
MC-1|nifJ|consensus50|strict_single_dominant	MC-1	NA	ZymoBIOMICS mock community	3/19/25	100	2000	Half	Mock community	NA	Mock community	NA	Unknown	NA	NA	NA	NA	Unknown	0	NA	NA	NA	Candidatus	Candidatus_Frankia_alpina	99.674	52.2392	0	3371
HEAL-13-2-Ro|nifJ|consensus50|strict_single_dominant	HEAL-13-2-Ro	D19	Alnus viridis	7/8/25	5.885	282.48	Half	HEAL-13	ethanol	root	Betulaceae	HEAL	Alnus	actinorhizal	HEAL_001	Denali Borough	Alaska	yes	63.88839 N	149.20410 W	20240725	Candidatus	Candidatus_Frankia_alpina	99.675	52.3243	0	3376
DEJU-24-1-Rh|nifJ|consensus50|strict_single_dominant	DEJU-24-1-Rh	D19	Alnus viridis	4/10/25	0	0	Quarter	DEJU-24	ethanol	rhizosphere	Betulaceae	DEJU	Alnus	actinorhizal	DEJU_046	NA	Alaska	yes	NA	NA	NA	Candidatus	Candidatus_Frankia_alpina	98.585	52.0975	0	3284
DEJU-6-2-No|nifJ|consensus50|strict_single_dominant	DEJU-6-2-No	D19	Alnus viridis	7/15/25	1.715	82.32	Quarter	DEJU-6	ethanol	nodule	Betulaceae	DEJU	Alnus	actinorhizal	DEJU_047	NA	Alaska	yes	NA	NA	NA	Candidatus	Candidatus_Frankia_alpina	99.674	52.1825	0	3367
DEJU-29-1-Rh|nifJ|consensus50|strict_single_dominant	DEJU-29-1-Rh	D19	Alnus viridis	4/15/25	0.3895	18.696	Quarter	DEJU-29	ethanol	rhizosphere	Betulaceae	DEJU	Alnus	actinorhizal	DEJU_015	NA	Alaska	yes	NA	NA	NA	Candidatus	Candidatus_Frankia_alpina	99.675	52.3243	0	3376
DEJU-55-Ro|nifJ|consensus50|strict_single_dominant	DEJU-55-Ro	D19	Alnus viridis	5/23/25	4.515	216.72	Quarter	DEJU-55	ethanol	root	Betulaceae	DEJU	Alnus	actinorhizal	DEJU_045	NA	Unknown	yes	NA	NA	NA	Candidatus	Candidatus_Frankia_alpina	99.674	52.2392	0	3371
BONA-10-Rh|nifJ|consensus50|strict_single_dominant	BONA-10-Rh	D19	Alnus viridis	3/6/25	0	0	Quarter	BONA-10	ethanol	rhizosphere	Betulaceae	BONA	Alnus	actinorhizal	BONA_003	NA	Alaska	yes	NA	NA	20240909	Candidatus	Candidatus_Frankia_alpina	98.643	52.2109	0	3299
BONA-14-Ro|nifJ|consensus50|strict_single_dominant	BONA-14-Ro	D19	Alnus viridis	3/6/25	3.14	150.72	Quarter	BONA-14	ethanol	root	Betulaceae	BONA	Alnus	actinorhizal	BONA_003	NA	Alaska	yes	NA	NA	20240909	Candidatus	Candidatus_Frankia_alpina	97.662	52.1259	0	3212
LAJA-22-2-Ro|nifJ|consensus50|strict_single_dominant	LAJA-22-2-Ro	D04	Desmanthus pernambucanus	3/19/25	1.175	56.4	Quarter	LAJA-22	dry	root	Fabaceae	LAJA	Desmanthus	Mimosoideae	LAJA_023	LAJA	P.R	yes	18.03577	-67.06951	10/7/24	Candidatus	Candidatus_Frankia_alpina	99.075	52.0692	0	3317
LAJA-21-1-Ro|nifJ|consensus50|strict_single_dominant	LAJA-21-1-Ro	D04	Aeschynomene americana	3/19/25	0	0	Quarter	LAJA-21	dry	root	Fabaceae	LAJA	Aeschynomene	Dalbergieae	LAJA_023	LAJA	P.R	yes	18.03581	-67.0696	10/7/24	Candidatus	Candidatus_Frankia_alpina	98.699	52.2959	0	3306
BONA-10-Ro|nifJ|consensus50|strict_single_dominant	BONA-10-Ro	D19	Alnus viridis	3/6/25	2.915	139.92	Quarter	BONA-10	ethanol	root	Betulaceae	BONA	Alnus	actinorhizal	BONA_003	NA	Alaska	yes	NA	NA	20240909	Candidatus	Candidatus_Frankia_alpina	99.843	18.0272	0	1170
DEJU-58-Ro|nifJ|consensus50|strict_single_dominant	DEJU-58-Ro	D19	Alnus viridis	4/15/25	1.08	51.84	Quarter	DEJU-58	ethanol	root	Betulaceae	DEJU	Alnus	actinorhizal	DEJU_045	NA	Unknown	yes	NA	NA	NA	Candidatus	Candidatus_Frankia_alpina	99.775	25.1984	0	1631
DSNY-78-1-No|nifJ|consensus50|strict_single_dominant	DSNY-78-1-No	D03	Sesbania herbacea	3/3/25	9.14	438.72	Half	DSNY-78	dry	nodule	Fabaceae	DSNY	Sesbania	Sesbanieae	DSNY_010	Polk	Florida	yes	28.1137669	-81.4352667	20240904	Candidatus	Candidatus_Frankia_alpina	99.619	52.0125	0	3352
BONA-10-2-Ro|nifJ|consensus50|strict_single_dominant	BONA-10-2-Ro	D19	Alnus viridis	7/8/25	1.9	91.2	Quarter	BONA-10	ethanol	root	Betulaceae	BONA	Alnus	actinorhizal	BONA_003	NA	Alaska	yes	NA	NA	20240909	Candidatus	Candidatus_Frankia_alpina	100	21.2585	0	1386
GUAN-10-Ro|nifJ|consensus50|strict_single_dominant	GUAN-10-Ro	D04	Desmodium tortuosum	2/19/25	0.0975	4.68	Quarter	GUAN-10	dry	root	Fabaceae	GUAN	Desmodium	Desmodieae	GUAN_049	Guanica	P.R	yes	17.968	-66.864449	10/31/24	Candidatus	Candidatus_Frankia_alpina	94.477	33.3617	0	1890
BONA-8-Ro|nifJ|consensus50|strict_single_dominant	BONA-8-Ro	D19	Alnus viridis	3/6/25	25.5	1224	Half	BONA-8	ethanol	root	Betulaceae	BONA	Alnus	actinorhizal	BONA_088	NA	Alaska	yes	65.15709	-147.50527	20240829	Candidatus	Candidatus_Frankia_alpina	99.133	52.2959	0	3334
BONA-2-Rh|nifJ|consensus50|strict_single_dominant	BONA-2-Rh	D19	Alnus viridis	3/6/25	0.114	5.472	Quarter	BONA-2	ethanol	rhizosphere	Betulaceae	BONA	Alnus	actinorhizal	BONA_072	NA	Alaska	yes	NA	NA	20240829	Candidatus	Candidatus_Frankia_alpina	99.566	52.2392	0	3362
BONA-4-No|nifJ|consensus50|strict_single_dominant	BONA-4-No	D19	Alnus viridis	3/3/25	6.52	312.96	Half	BONA-4	ethanol	nodule	Betulaceae	BONA	Alnus	actinorhizal	BONA_072	NA	Alaska	yes	NA	NA	20240829	Candidatus	Candidatus_Frankia_alpina	99.621	52.3243	0	3371
BONA-8-No|nifJ|consensus50|strict_single_dominant	BONA-8-No	D19	Alnus viridis	3/6/25	11.35	544.8	Half	BONA-8	ethanol	nodule	Betulaceae	BONA	Alnus	actinorhizal	BONA_088	NA	Alaska	yes	65.15709	-147.50527	20240829	Candidatus	Candidatus_Frankia_alpina	99.62	52.2392	0	3365
BONA-9-No|nifJ|consensus50|strict_single_dominant	BONA-9-No	D19	Alnus viridis	3/6/25	15.25	732	Half	BONA-9	ethanol	nodule	Betulaceae	BONA	Alnus	actinorhizal	BONA_088	NA	Alaska	yes	65.15709	-147.50527	20240829	Candidatus	Candidatus_Frankia_alpina	99.62	52.2392	0	3365
DEJU-21-1-No|nifJ|consensus50|strict_single_dominant	DEJU-21-1-No	D19	Alnus viridis	4/2/25	1.41	67.68	Quarter	DEJU-21	ethanol	nodule	Betulaceae	DEJU	Alnus	actinorhizal	DEJU_046	NA	Alaska	yes	NA	NA	NA	Candidatus	Candidatus_Frankia_alpina	99.675	52.3243	0	3376
HARV-1-2-Rh|nifJ|consensus50|strict_single_dominant	HARV-1-2-Rh	D01	Comptonia peregrina	7/14/25	27.15	1303.2	Half	HARV-1	dry	rhizosphere	Myricaceae	HARV	Comptonia	actinorhizal	HARV_004	Worcester	MA	yes	42.42709	-72.22974	5/2/24	Candidatus	Candidatus_Frankia_alpina	97.056	29.8469	0	1805
OSBS-65-1-Rh|nifJ|consensus50|strict_single_dominant	OSBS-65-1-Rh	D03	Crotalaria rotundifolia	3/6/25	0	0	Quarter	OSBS-65	dry	rhizosphere	Fabaceae	OSBS	Crotalaria	Crotalarieae	OSBS_008	Putnam	FL	yes	NA	NA	20240723	Candidatus	Candidatus_Frankia_alpina	97.701	17.2619	0	1048
HEAL-15-1-Rh|nifJ|consensus50|strict_single_dominant	HEAL-15-1-Rh	D19	Alnus viridis	3/3/25	0	0	Quarter	HEAL-15	ethanol	rhizosphere	Betulaceae	HEAL	Alnus	actinorhizal	HEAL_001	Denali Borough	Alaska	yes	63.88836 N	149.20340 W	20240725	Candidatus	Candidatus_Frankia_alpina	98.88	17.7154	0	1116
OSBS-52-5-Ro|nifJ|consensus50|strict_single_dominant	OSBS-52-5-Ro	D03	Morella cerifera	10/31/25	3.13	150.24	Quarter	OSBS-52	dry	root	Myricaceae	OSBS	Morella	actinorhizal	OSBS_004	Putnam	FL	yes	NA	NA	20240618	Candidatus	Candidatus_Frankia_alpina	92.87	32.5964	0	1738
OSBS-MOCE-52-4-Ro|nifJ|consensus50|strict_single_dominant	OSBS-MOCE-52-4-Ro	D03	Morella cerifera	7/15/25	9.77	468.96	Half	OSBS-52	dry	root	Myricaceae	OSBS	Morella	actinorhizal	OSBS_004	Putnam	FL	yes	NA	NA	20240618	Candidatus	Candidatus_Frankia_alpina	98.171	34.0986	0	2115
DEJU-6-1-No|nifJ|consensus50|strict_single_dominant	DEJU-6-1-No	D19	Alnus viridis	2/13/25	40.45	1941.6	Half	DEJU-6	ethanol	nodule	Betulaceae	DEJU	Alnus	actinorhizal	DEJU_047	NA	Alaska	yes	NA	NA	NA	Candidatus	Candidatus_Frankia_alpina	99.675	52.3243	0	3376
HEAL-13-2-No|nifJ|consensus50|strict_single_dominant	HEAL-13-2-No	D19	Alnus viridis	7/8/25	32.15	1543.2	Half	HEAL-13	ethanol	nodule	Betulaceae	HEAL	Alnus	actinorhizal	HEAL_001	Denali Borough	Alaska	yes	63.88839 N	149.20410 W	20240725	Candidatus	Candidatus_Frankia_alpina	99.675	52.3243	0	3376
HEAL-15-1-Ro|nifJ|consensus50|strict_single_dominant	HEAL-15-1-Ro	D19	Alnus viridis	3/3/25	7.395	354.96	Half	HEAL-15	ethanol	root	Betulaceae	HEAL	Alnus	actinorhizal	HEAL_001	Denali Borough	Alaska	yes	63.88836 N	149.20340 W	20240725	Candidatus	Candidatus_Frankia_alpina	99.783	26.1054	0	1690
BONA-13-1-No|nifJ|consensus50|strict_single_dominant	BONA-13-1-No	D19	Alnus viridis	3/6/25	24.75	1188	Half	BONA-13	ethanol	nodule	Betulaceae	BONA	Alnus	actinorhizal	BONA_003	NA	Alaska	yes	NA	NA	20240909	Candidatus	Candidatus_Frankia_alpina	99.675	52.3243	0	3376
HEAL-4-1-No|nifJ|consensus50|strict_single_dominant	HEAL-4-1-No	D19	Alnus viridis	4/4/25	14.15	679.2	Half	HEAL-4	ethanol	nodule	Betulaceae	HEAL	Alnus	actinorhizal	HEAL_010	Denali Borough	Alaska	yes	63.87738 N	149.26297 W	20240723	Candidatus	Candidatus_Frankia_alpina	99.675	52.3243	0	3376
DEJU-59-No|nifJ|consensus50|strict_single_dominant	DEJU-59-No	D19	Alnus viridis	4/15/25	21.3	1022.4	Half	DEJU-59	ethanol	nodule	Betulaceae	DEJU	Alnus	actinorhizal	DEJU_045	NA	Unknown	yes	NA	NA	NA	Candidatus	Candidatus_Frankia_alpina	99.675	52.3243	0	3376
DEJU-29-1-No|nifJ|consensus50|strict_single_dominant	DEJU-29-1-No	D19	Alnus viridis	4/15/25	29.2	1401.6	Half	DEJU-29	ethanol	nodule	Betulaceae	DEJU	Alnus	actinorhizal	DEJU_015	NA	Alaska	yes	NA	NA	NA	Candidatus	Candidatus_Frankia_alpina	99.675	52.3243	0	3376
DEJU-29-2-No|nifJ|consensus50|strict_single_dominant	DEJU-29-2-No	D19	Alnus viridis	10/30/25	26.15	1255.2	Half	DEJU-29	ethanol	nodule	Betulaceae	DEJU	Alnus	actinorhizal	DEJU_015	NA	Alaska	yes	NA	NA	NA	Candidatus	Candidatus_Frankia_alpina	99.675	52.3243	0	3376
DEJU-30-No|nifJ|consensus50|strict_single_dominant	DEJU-30-No	D19	Alnus viridis	2/20/25	15.3	734.4	Half	DEJU-30	ethanol	nodule	Betulaceae	DEJU	Alnus	actinorhizal	DEJU_015	NA	Alaska	yes	NA	NA	NA	Candidatus	Candidatus_Frankia_alpina	99.675	52.3243	0	3376
HEAL-15-1-No|nifJ|consensus50|strict_single_dominant	HEAL-15-1-No	D19	Alnus viridis	3/3/25	18.2	873.6	Half	HEAL-15	ethanol	nodule	Betulaceae	HEAL	Alnus	actinorhizal	HEAL_001	Denali Borough	Alaska	yes	63.88836 N	149.20340 W	20240725	Candidatus	Candidatus_Frankia_alpina	99.675	52.3243	0	3376
BONA-13-3-No|nifJ|consensus50|strict_single_dominant	BONA-13-3-No	D19	Alnus viridis	10/30/25	3.445	165.36	Quarter	BONA-13	ethanol	nodule	Betulaceae	BONA	Alnus	actinorhizal	BONA_003	NA	Alaska	yes	NA	NA	20240909	Candidatus	Candidatus_Frankia_alpina	99.675	52.3243	0	3376
DEJU-35-No|nifJ|consensus50|strict_single_dominant	DEJU-35-No	D19	Alnus viridis	2/19/25	5.04	241.92	Quarter	DEJU-35	ethanol	nodule	Betulaceae	DEJU	Alnus	actinorhizal	DEJU_015	NA	Alaska	yes	NA	NA	NA	Candidatus	Candidatus_Frankia_alpina	99.675	52.2959	0	3374
HEAL-7-1-No|nifJ|consensus50|strict_single_dominant	HEAL-7-1-No	D19	Alnus viridis	4/4/25	3.195	153.36	Quarter	HEAL-7	ethanol	nodule	Betulaceae	HEAL	Alnus	actinorhizal	HEAL_004	Denali Borough	Alaska	yes	63.86378 N	149.27284 W	20240723	Candidatus	Candidatus_Frankia_alpina	99.675	52.2959	0	3374
DEJU-18-1-No|nifJ|consensus50|strict_single_dominant	DEJU-18-1-No	D19	Alnus viridis	4/2/25	11.7	561.6	Half	DEJU-18	ethanol	nodule	Betulaceae	DEJU	Alnus	actinorhizal	DEJU_046	NA	Alaska	yes	NA	NA	NA	Candidatus	Candidatus_Frankia_alpina	99.675	52.3243	0	3376
BONA-2-Ro|nifJ|consensus50|strict_single_dominant	BONA-2-Ro	D19	Alnus viridis	3/6/25	14.75	708	Half	BONA-2	ethanol	root	Betulaceae	BONA	Alnus	actinorhizal	BONA_072	NA	Alaska	yes	NA	NA	20240829	Candidatus	Candidatus_Frankia_alpina	98.537	52.2959	0	3290
BONA-5-No|nifJ|consensus50|strict_single_dominant	BONA-5-No	D19	Alnus viridis	3/6/25	2.8	134.4	Quarter	BONA-5	ethanol	nodule	Betulaceae	BONA	Alnus	actinorhizal	BONA_072	NA	Alaska	yes	NA	NA	20240829	Candidatus	Candidatus_Frankia_alpina	99.567	52.3243	0	3365
DEJU-16-2-No|nifJ|consensus50|strict_single_dominant	DEJU-16-2-No	D19	Alnus viridis	7/15/25	9.87	473.76	Half	DEJU-16	ethanol	nodule	Betulaceae	DEJU	Alnus	actinorhizal	DEJU_046	NA	Alaska	yes	NA	NA	NA	Candidatus	Candidatus_Frankia_alpina	99.621	52.3243	0	3371
DEJU-32-No|nifJ|consensus50|strict_single_dominant	DEJU-32-No	D19	Alnus viridis	2/20/25	2.295	110.16	Quarter	DEJU-32	ethanol	nodule	Betulaceae	DEJU	Alnus	actinorhizal	DEJU_015	NA	Alaska	yes	NA	NA	NA	Candidatus	Candidatus_Frankia_alpina	99.621	52.3243	0	3371
DEJU-16-2-Rh|nifJ|consensus50|strict_single_dominant	DEJU-16-2-Rh	D19	Alnus viridis	7/15/25	0.0765	3.672	Quarter	DEJU-16	ethanol	rhizosphere	Betulaceae	DEJU	Alnus	actinorhizal	DEJU_046	NA	Alaska	yes	NA	NA	NA	Candidatus	Candidatus_Frankia_alpina	99.62	52.2392	0	3365
HEAL-4-3-No|nifJ|consensus50|strict_single_dominant	HEAL-4-3-No	D19	Alnus viridis	10/30/25	2.61	125.28	Quarter	HEAL-4	ethanol	nodule	Betulaceae	HEAL	Alnus	actinorhizal	HEAL_010	Denali Borough	Alaska	yes	63.87738 N	149.26297 W	20240723	Candidatus	Candidatus_Frankia_alpina	99.621	52.3243	0	3371
DEJU-43-Ro|nifJ|consensus50|strict_single_dominant	DEJU-43-Ro	D19	Lupinus arcticus	2/20/25	1.4	67.2	Quarter	DEJU-43	ethanol	root	Fabaceae	DEJU	Lupinus	Genisteae	DEJU_002	NA	Alaska	yes	NA	NA	NA	Candidatus	Candidatus_Frankia_alpina	99.528	30.017	0	1929
DEJU-16-1-No|nifJ|consensus50|strict_single_dominant	DEJU-16-1-No	D19	Alnus viridis	4/2/25	38.25	1836	Half	DEJU-16	ethanol	nodule	Betulaceae	DEJU	Alnus	actinorhizal	DEJU_046	NA	Alaska	yes	NA	NA	NA	Candidatus	Candidatus_Frankia_alpina	99.621	52.3243	0	3371
DEJU-32-Rh|nifJ|consensus50|strict_single_dominant	DEJU-32-Rh	D19	Alnus viridis	2/20/25	0.709	34.032	Quarter	DEJU-32	ethanol	rhizosphere	Betulaceae	DEJU	Alnus	actinorhizal	DEJU_015	NA	Alaska	yes	NA	NA	NA	Candidatus	Candidatus_Frankia_alpina	99.621	52.2959	0	3369
HEAL-10-1-No|nifJ|consensus50|strict_single_dominant	HEAL-10-1-No	D19	Alnus viridis	7/8/25	12.05	578.4	Half	HEAL-10	ethanol	nodule	Betulaceae	HEAL	Alnus	actinorhizal	HEAL_004	Denali Borough	Alaska	yes	63.86378 N	149.27284 W	20240723	Candidatus	Candidatus_Frankia_alpina	99.621	52.3243	0	3371
HEAL-10-2-No|nifJ|consensus50|strict_single_dominant	HEAL-10-2-No	D19	Alnus viridis	3/20/25	5.975	286.8	Half	HEAL-10	ethanol	nodule	Betulaceae	HEAL	Alnus	actinorhizal	HEAL_004	Denali Borough	Alaska	yes	63.86378 N	149.27284 W	20240723	Candidatus	Candidatus_Frankia_alpina	99.621	52.3243	0	3371
HEAL-2-1-No|nifJ|consensus50|strict_single_dominant	HEAL-2-1-No	D19	Alnus viridis	4/4/25	13.45	645.6	Half	HEAL-2	ethanol	nodule	Betulaceae	HEAL	Alnus	actinorhizal	HEAL_010	Denali Borough	Alaska	yes	63.87736 N	149.26331 W	20240723	Candidatus	Candidatus_Frankia_alpina	99.621	52.3243	0	3371
DEJU-52-1-No|nifJ|consensus50|strict_single_dominant	DEJU-52-1-No	D19	Alnus viridis	2/17/25	13.4	643.2	Half	DEJU-52	ethanol	nodule	Betulaceae	DEJU	Alnus	actinorhizal	DEJU_002	NA	Alaska	yes	NA	NA	NA	Candidatus	Candidatus_Frankia_alpina	99.621	52.3243	0	3371
DEJU-43-Rh|nifJ|consensus50|strict_single_dominant	DEJU-43-Rh	D19	Lupinus arcticus	2/20/25	0.173	8.304	Quarter	DEJU-43	ethanol	rhizosphere	Fabaceae	DEJU	Lupinus	Genisteae	DEJU_002	NA	Alaska	yes	NA	NA	NA	Candidatus	Candidatus_Frankia_alpina	98.302	30.0454	0	1890
DEJU-32-Ro|nifJ|consensus50|strict_single_dominant	DEJU-32-Ro	D19	Alnus viridis	2/20/25	0.055	2.64	Quarter	DEJU-32	ethanol	root	Betulaceae	DEJU	Alnus	actinorhizal	DEJU_015	NA	Alaska	yes	NA	NA	NA	Candidatus	Candidatus_Frankia_alpina	99.527	29.932	0	1923
JERC-RHRE-55-1-Ro|nifJ|consensus50|strict_single_dominant	JERC-RHRE-55-1-Ro	D03	Rhynchosia reniformis	12/4/24	6.375	306	Half	JERC-55	dry	root	Fabaceae	JERC	Rhynchosia	Phaseoleae	JERC_050	Baker County	Georgia	yes	NA	NA	20240618	Candidatus	Candidatus_Frankia_alpina	97.911	29.8469	0	1855
OSBS-52-5-Rh|nifJ|consensus50|strict_single_dominant	OSBS-52-5-Rh	D03	Morella cerifera	10/31/25	0	0	Quarter	OSBS-52	dry	rhizosphere	Myricaceae	OSBS	Morella	actinorhizal	OSBS_004	Putnam	FL	yes	NA	NA	20240618	Candidatus	Candidatus_Frankia_alpina	97.786	29.4501	0	1823
DEJU-44-Ro|nifJ|consensus50|strict_single_dominant	DEJU-44-Ro	D19	Lupinus arcticus	2/20/25	9.355	449.04	Half	DEJU-44	ethanol	root	Fabaceae	DEJU	Lupinus	Genisteae	DEJU_002	NA	Alaska	yes	NA	NA	NA	Candidatus	Candidatus_Frankia_alpina	93.942	34.1553	0	1945
HEAL-4-2-No|nifJ|consensus50|strict_single_dominant	HEAL-4-2-No	D19	Alnus viridis	7/8/25	7.355	353.04	Half	HEAL-4	ethanol	nodule	Betulaceae	HEAL	Alnus	actinorhizal	HEAL_010	Denali Borough	Alaska	yes	63.87738 N	149.26297 W	20240723	Candidatus	Candidatus_Frankia_alpina	99.675	52.3243	0	3376
DSNY-99-Rh|nifJ|consensus50|strict_single_dominant	DSNY-99-Rh	D03	Indigofera hirsuta	2/19/25	0	0	Quarter	DSNY-99	dry	rhizosphere	Fabaceae	DSNY	Indigofera	Indigofereae	DSNY_044	Osceola	FLorida	no	28.23888889	-81.43333333	20241024	Candidatus	Candidatus_Frankia_alpina	96.353	29.5351	0	1748
HEAL-12-2-Rh|nifJ|consensus50|strict_single_dominant	HEAL-12-2-Rh	D19	Alnus viridis	7/8/25	0	0	Quarter	HEAL-12	ethanol	rhizosphere	Betulaceae	HEAL	Alnus	actinorhizal	HEAL_001	Denali Borough	Alaska	yes	63.88839 N	149.20410 W	20240725	Candidatus	Candidatus_Frankia_alpina	98.765	29.8469	0	1873
TALL-3-1-Rh|nifJ|consensus50|strict_single_dominant	TALL-3-1-Rh	D08	Lespedeza sp.	3/21/25	0	0	Quarter	TALL-3	dry	rhizosphere	Fabaceae	TALL	Lespedeza	Desmodieae	TALL_016	Bibb County	AL	0	32.970408	-87.415018	2024-Apr-11	Candidatus	Candidatus_Frankia_alpina	94.017	29.8469	0	1663
HEAL-4-3-Rh|nifJ|consensus50|strict_single_dominant	HEAL-4-3-Rh	D19	Alnus viridis	10/30/25	0	0	Quarter	HEAL-4	ethanol	rhizosphere	Betulaceae	HEAL	Alnus	actinorhizal	HEAL_010	Denali Borough	Alaska	yes	63.87738 N	149.26297 W	20240723	Candidatus	Candidatus_Frankia_alpina	95.063	51.6723	0	2977
TOOL-16-No|nifJ|consensus50|strict_single_dominant	TOOL-16-No	D18	Dryas integrifolia	5/2/25	0	0	Quarter	TOOL-16	ethanol	nodule	Rosaceae	TOOL	Dryas	actinorhizal	TOOL_002	North Slope Borough	Alaska	yes	68.63136	-149.34375	20240709	Candidatus	Candidatus_Frankia_alpina	97.59	25.8787	0	1598
GUAN-2-No|nifJ|consensus50|strict_single_dominant	GUAN-2-No	D04	Leucaena leucocephala	2/19/25	0	0	Quarter	GUAN-2	dry	nodule	Fabaceae	GUAN	Leucaena	Mimosoideae	GUAN_004	Yauco	P.R	no	17.964444	-66.8513611	10/10/24	Candidatus	Candidatus_Frankia_alpina	96.011	29.8469	0	1783
JERC-36-1-No|nifJ|consensus50|strict_single_dominant	JERC-36-1-No	D03	Galactia sp.	1/23/25	8.76	420.48	Half	JERC-36	dry	nodule	Fabaceae	JERC	Galactia	Diocleae	JERC_062	Baker County	Georgia	yes	NA	NA	20240604	Candidatus	Candidatus_Frankia_alpina	98.011	29.932	0	1866
HARV-2-2-No|nifJ|consensus50|strict_single_dominant	HARV-2-2-No	D01	Alnus serrulata	7/15/25	49.2	2361.6	Half	HARV-2	dry	nodule	Betulaceae	HARV	Alnus	actinorhizal	HARV_016	Worcester	MA	yes	42.45847	-72.23199	5/2/24	Candidatus	Candidatus_Frankia_alpina	99.567	52.3243	0	3365
JERC-145-1-Ro|nifJ|consensus50|strict_single_dominant	JERC-145-1-Ro	D03	Desmodium cileari	2/17/25	0.079	3.792	Quarter	JERC-145	dry	root	Fabaceae	JERC	Desmodium	Desmodieae	JERC_010	Baker County	Georgia	yes	NA	NA	20240821	Candidatus	Candidatus_Frankia_alpina	97.809	32.3413	0	1991
UNDE-3-1-No|nifJ|consensus50|strict_single_dominant	UNDE-3-1-No	D05	Alnus incana	2/12/25	13.35	640.8	Half	UNDE-3	ethanol	nodule	Betulaceae	UNDE	Alnus	actinorhizal	UNDE_002	Gogebic	MI	yes	46.243291°N	-89.544838°W	8/29/24	Candidatus	Candidatus_Frankia_alpina	99.567	52.3243	0	3365
UNDE-5-4-No|nifJ|consensus50|strict_single_dominant	UNDE-5-4-No	D05	Alnus incana	2/13/25	25.75	1236	Half	UNDE-5	ethanol	nodule	Betulaceae	UNDE	Alnus	actinorhizal	UNDE_049	Gogebic	MI	yes	46.230777°N	-89.536568°W	9/9/24	Candidatus	Candidatus_Frankia_alpina	99.621	52.3243	0	3371
UNDE-2-1-No|nifJ|consensus50|strict_single_dominant	UNDE-2-1-No	D05	Alnus incana	2/12/25	13.2	633.6	Half	UNDE-2	ethanol	nodule	Betulaceae	UNDE	Alnus	actinorhizal	UNDE_010	Gogebic	MI	yes	46.238173°N	-89.543143°W	8/29/24	Candidatus	Candidatus_Frankia_alpina	99.62	52.2676	0	3367
HARV-2-3-No|nifJ|consensus50|strict_single_dominant	HARV-2-3-No	D01	Alnus serrulata	10/30/25	37.8	1814.4	Half	HARV-2	dry	nodule	Betulaceae	HARV	Alnus	actinorhizal	HARV_016	Worcester	MA	yes	42.45847	-72.23199	5/2/24	Candidatus	Candidatus_Frankia_alpina	99.621	52.3243	0	3371
UNDE-1-2-No|nifJ|consensus50|strict_single_dominant	UNDE-1-2-No	D05	Alnus incana	2/12/25	8.545	410.16	Half	UNDE-1	ethanol	nodule	Betulaceae	UNDE	Alnus	actinorhizal	UNDE_003	Gogebic	MI	yes	46.256438°N	-89.536159°W	8/15/24	Candidatus	Candidatus_Frankia_alpina	99.621	52.3243	0	3371
OSBS-72-1-Ro|nifJ|consensus50|strict_single_dominant	OSBS-72-1-Ro	D03	Rhynchosia reniformis	1/28/25	7.53	361.44	Half	OSBS-72	dry	root	Fabaceae	OSBS	Rhynchosia	Phaseoleae	OSBS_063	Putnam	FL	yes	NA	NA	20240822	Candidatus	Candidatus_Frankia_alpina	97.56	52.2676	0	3229
OSBS-88-1-Ro|nifJ|consensus50|strict_single_dominant	OSBS-88-1-Ro	D03	Desmodium triflorum	2/13/25	5.505	264.24	Half	OSBS-88	dry	root	Fabaceae	OSBS	Desmodium	Desmodieae	OSBS_072	Putnam	FL	yes	29.690915	-82.00887	20240827	Candidatus	Candidatus_Frankia_alpina	99.729	52.2676	0	3378
DEJU-8-1-No|nifJ|consensus50|strict_single_dominant	DEJU-8-1-No	D19	Alnus viridis	3/6/25	6.185	296.88	Half	DEJU-8	ethanol	nodule	Betulaceae	DEJU	Alnus	actinorhizal	DEJU_047	NA	Alaska	yes	NA	NA	NA	Candidatus	Candidatus_Frankia_alpina	98.646	52.3243	0	3271
LENO-6-1-No|nifJ|consensus50|strict_single_dominant	LENO-6-1-No	D08	Hylodesmum pauciflorum	2/5/25	12.4	595.2	Half	LENO-6	ethanol	nodule	Fabaceae	LENO	Desmodium	Desmodieae	LENO_012	Choctaw County	AL	yes	31.80805	-88.179966	6/25/24	Candidatus	Candidatus_Frankia_alpina	97.394	52.2109	0	3203
OSBS-MOCE-52-4-No|nifJ|consensus50|strict_single_dominant	OSBS-MOCE-52-4-No	D03	Morella cerifera	7/15/25	6.42	308.16	Half	OSBS-52	dry	nodule	Myricaceae	OSBS	Morella	actinorhizal	OSBS_004	Putnam	FL	yes	NA	NA	20240618	Candidatus	Candidatus_Frankia_alpina	97.83	30.0454	0	1862
OSBS-71-1-Ro|nifJ|consensus50|strict_single_dominant	OSBS-71-1-Ro	D03	Rhynchosia reniformis	1/28/25	16	768	Half	OSBS-71	dry	root	Fabaceae	OSBS	Rhynchosia	Phaseoleae	OSBS_006	Putnam	FL	yes	NA	NA	20240822	Candidatus	Candidatus_Frankia_alpina	97.61	52.1825	0	3229
HEAL-13-1-Rh|nifJ|consensus50|strict_single_dominant	HEAL-13-1-Rh	D19	Alnus viridis	3/3/25	0	0	Quarter	HEAL-13	ethanol	rhizosphere	Betulaceae	HEAL	Alnus	actinorhizal	HEAL_001	Denali Borough	Alaska	yes	63.88839 N	149.20410 W	20240725	Candidatus	Candidatus_Frankia_alpina	99.848	18.5941	0	1206
DEJU-8-2-No|nifJ|consensus50|strict_single_dominant	DEJU-8-2-No	D19	Alnus viridis	7/15/25	19.9	955.2	Half	DEJU-8	ethanol	nodule	Betulaceae	DEJU	Alnus	actinorhizal	DEJU_047	NA	Alaska	yes	NA	NA	NA	Candidatus	Candidatus_Frankia_alpina	99.675	52.3243	0	3376
DEJU-28-2-No|nifJ|consensus50|strict_single_dominant	DEJU-28-2-No	D19	Alnus viridis	4/10/25	16.15	775.2	Half	DEJU-28	ethanol	nodule	Betulaceae	DEJU	Alnus	actinorhizal	DEJU_015	NA	Alaska	yes	NA	NA	NA	Candidatus	Candidatus_Frankia_alpina	99.675	52.3243	0	3376
HEAL-8-1-No|nifJ|consensus50|strict_single_dominant	HEAL-8-1-No	D19	Alnus viridis	4/4/25	26.4	1267.2	Half	HEAL-8	ethanol	nodule	Betulaceae	HEAL	Alnus	actinorhizal	HEAL_004	Denali Borough	Alaska	yes	63.86378 N	149.27284 W	20240723	Candidatus	Candidatus_Frankia_alpina	99.675	52.3243	0	3376
HEAL-15-2-No|nifJ|consensus50|strict_single_dominant	HEAL-15-2-No	D19	Alnus viridis	7/8/25	4.75	228	Quarter	HEAL-15	ethanol	nodule	Betulaceae	HEAL	Alnus	actinorhizal	HEAL_001	Denali Borough	Alaska	yes	63.88836 N	149.20340 W	20240725	Candidatus	Candidatus_Frankia_alpina	99.675	52.3243	0	3376
BONA-13-2-No|nifJ|consensus50|strict_single_dominant	BONA-13-2-No	D19	Alnus viridis	7/8/25	6.805	326.64	Half	BONA-13	ethanol	nodule	Betulaceae	BONA	Alnus	actinorhizal	BONA_003	NA	Alaska	yes	NA	NA	20240909	Candidatus	Candidatus_Frankia_alpina	99.675	52.3243	0	3376
BONA-10-No|nifJ|consensus50|strict_single_dominant	BONA-10-No	D19	Alnus viridis	3/6/25	18.25	876	Half	BONA-10	ethanol	nodule	Betulaceae	BONA	Alnus	actinorhizal	BONA_003	NA	Alaska	yes	NA	NA	20240909	Candidatus	Candidatus_Frankia_alpina	99.675	52.3243	0	3376
DEJU-7-1-No|nifJ|consensus50|strict_single_dominant	DEJU-7-1-No	D19	Alnus viridis	2/13/25	36.25	1740	Half	DEJU-7	ethanol	nodule	Betulaceae	DEJU	Alnus	actinorhizal	DEJU_047	NA	Alaska	yes	NA	NA	NA	Candidatus	Candidatus_Frankia_alpina	99.567	52.3243	0	3365
DEJU-7-2-No|nifJ|consensus50|strict_single_dominant	DEJU-7-2-No	D19	Alnus viridis	7/15/25	3.74	179.52	Quarter	DEJU-7	ethanol	nodule	Betulaceae	DEJU	Alnus	actinorhizal	DEJU_047	NA	Alaska	yes	NA	NA	NA	Candidatus	Candidatus_Frankia_alpina	99.567	52.3243	0	3365
DSNY-80-1-No|nifJ|consensus50|strict_single_dominant	DSNY-80-1-No	D03	Galactia volubilis	3/3/25	33.65	1615.2	Half	DSNY-80	dry	nodule	Fabaceae	DSNY	Galactia	Diocleae	DSNY_015	Polk	Florida	yes	28.1094603	-81.4310661	20240904	Candidatus	Candidatus_Frankia_alpina	99.566	52.2109	0	3358
DEJU-57-No|nifJ|consensus50|strict_single_dominant	DEJU-57-No	D19	Alnus viridis	5/23/25	13.8	662.4	Half	DEJU-57	ethanol	nodule	Betulaceae	DEJU	Alnus	actinorhizal	DEJU_045	NA	Unknown	yes	NA	NA	NA	Candidatus	Candidatus_Frankia_alpina	99.675	52.3243	0	3376
DEJU-7-1-Rh|nifJ|consensus50|strict_single_dominant	DEJU-7-1-Rh	D19	Alnus viridis	2/13/25	0.183	8.784	Quarter	DEJU-7	ethanol	rhizosphere	Betulaceae	DEJU	Alnus	actinorhizal	DEJU_047	NA	Alaska	yes	NA	NA	NA	Candidatus	Candidatus_Frankia_alpina	99.675	52.3243	0	3376
HEAL-12-2-No|nifJ|consensus50|strict_single_dominant	HEAL-12-2-No	D19	Alnus viridis	7/8/25	0.0975	4.68	Quarter	HEAL-12	ethanol	nodule	Betulaceae	HEAL	Alnus	actinorhizal	HEAL_001	Denali Borough	Alaska	yes	63.88839 N	149.20410 W	20240725	Candidatus	Candidatus_Frankia_alpina	99.675	52.3243	0	3376
DEJU-5-2-No|nifJ|consensus50|strict_single_dominant	DEJU-5-2-No	D19	Alnus viridis	7/15/25	12.55	602.4	Half	DEJU-5	ethanol	nodule	Betulaceae	DEJU	Alnus	actinorhizal	DEJU_047	NA	Alaska	yes	NA	NA	NA	Candidatus	Candidatus_Frankia_alpina	99.675	52.3243	0	3376
DEJU-4-1-No|nifJ|consensus50|strict_single_dominant	DEJU-4-1-No	D19	Alnus viridis	2/26/25	3	144	Quarter	DEJU-4	ethanol	nodule	Betulaceae	DEJU	Alnus	actinorhizal	DEJU_047	NA	Alaska	yes	NA	NA	NA	Candidatus	Candidatus_Frankia_alpina	99.675	52.2959	0	3374
HEAL-12-1-No|nifJ|consensus50|strict_single_dominant	HEAL-12-1-No	D19	Alnus viridis	3/3/25	6.625	318	Half	HEAL-12	ethanol	nodule	Betulaceae	HEAL	Alnus	actinorhizal	HEAL_001	Denali Borough	Alaska	yes	63.88839 N	149.20410 W	20240725	Candidatus	Candidatus_Frankia_alpina	99.675	52.3243	0	3376
BONA-14-No|nifJ|consensus50|strict_single_dominant	BONA-14-No	D19	Alnus viridis	3/6/25	4.2	201.6	Quarter	BONA-14	ethanol	nodule	Betulaceae	BONA	Alnus	actinorhizal	BONA_003	NA	Alaska	yes	NA	NA	20240909	Candidatus	Candidatus_Frankia_alpina	99.675	52.3243	0	3376
BONA-11-1-No|nifJ|consensus50|strict_single_dominant	BONA-11-1-No	D19	Alnus viridis	3/6/25	13.4	643.2	Half	BONA-11	ethanol	nodule	Betulaceae	BONA	Alnus	actinorhizal	BONA_003	NA	Alaska	yes	NA	NA	20240909	Candidatus	Candidatus_Frankia_alpina	99.675	52.3243	0	3376
BONA-10-2-Rh|nifJ|consensus50|strict_single_dominant	BONA-10-2-Rh	D19	Alnus viridis	7/8/25	1.3	62.4	Quarter	BONA-10	ethanol	rhizosphere	Betulaceae	BONA	Alnus	actinorhizal	BONA_003	NA	Alaska	yes	NA	NA	20240909	Candidatus	Candidatus_Frankia_alpina	99.675	52.3243	0	3376
DSNY-79-1-No|nifJ|consensus50|strict_single_dominant	DSNY-79-1-No	D03	Desmodium incanum	3/3/25	9.235	443.28	Half	DSNY-79	dry	nodule	Fabaceae	DSNY	Desmodium	Desmodieae	DSNY_015	Polk	Florida	yes	28.1094603	-81.4310661	20240904	Candidatus	Candidatus_Frankia_alpina	99.671	51.7574	0	3339
BONA-12-2-Rh|nifJ|consensus50|strict_single_dominant	BONA-12-2-Rh	D19	Alnus viridis	7/8/25	0.9925	47.64	Quarter	BONA-12	ethanol	rhizosphere	Betulaceae	BONA	Alnus	actinorhizal	BONA_003	NA	Alaska	yes	NA	NA	20240909	Candidatus	Candidatus_Frankia_alpina	99.675	52.3243	0	3376
BONA-12-2-Ro|nifJ|consensus50|strict_single_dominant	BONA-12-2-Ro	D19	Alnus viridis	7/8/25	10.45	501.6	Half	BONA-12	ethanol	root	Betulaceae	BONA	Alnus	actinorhizal	BONA_003	NA	Alaska	yes	NA	NA	20240909	Candidatus	Candidatus_Frankia_alpina	99.675	52.2959	0	3374
DEJU-18-1-Ro|nifJ|consensus50|strict_single_dominant	DEJU-18-1-Ro	D19	Alnus viridis	4/2/25	2.145	102.96	Quarter	DEJU-18	ethanol	root	Betulaceae	DEJU	Alnus	actinorhizal	DEJU_046	NA	Alaska	yes	NA	NA	NA	Candidatus	Candidatus_Frankia_alpina	99.675	52.2959	0	3374
DEJU-29-2-Ro|nifJ|consensus50|strict_single_dominant	DEJU-29-2-Ro	D19	Alnus viridis	10/30/25	4.665	223.92	Quarter	DEJU-29	ethanol	root	Betulaceae	DEJU	Alnus	actinorhizal	DEJU_015	NA	Alaska	yes	NA	NA	NA	Candidatus	Candidatus_Frankia_alpina	99.675	52.2959	0	3374
DEJU-53-No|nifJ|consensus50|strict_single_dominant	DEJU-53-No	D19	Alnus viridis	2/17/25	2.295	110.16	Quarter	DEJU-53	ethanol	nodule	Betulaceae	DEJU	Alnus	actinorhizal	DEJU_045	NA	Unknown	yes	NA	NA	NA	Candidatus	Candidatus_Frankia_alpina	99.675	52.3243	0	3376
DEJU-60-Ro|nifJ|consensus50|strict_single_dominant	DEJU-60-Ro	D19	Lupinus arcticus	4/15/25	5.97	286.56	Half	DEJU-60	ethanol	root	Fabaceae	DEJU	Lupinus	Genisteae	DEJU_045	NA	Unknown	yes	NA	NA	NA	Candidatus	Candidatus_Frankia_alpina	99.674	52.0975	0	3362
CLBJ-33-1-No|nifJ|consensus50|strict_single_dominant	CLBJ-33-1-No	D11	Stylosanthes biflora	2/26/25	11.35	544.8	Half	CLBJ-33	ethanol	nodule	Fabaceae	CLBJ	Stylosanthes	Dalbergieae	CLBJ_036_R	Wise	TX	yes	33.397578	-97.57995	6/11/24	Candidatus	Candidatus_Frankia_alpina	98.806	52.2109	0	3310
DEJU-4-2-No|nifJ|consensus50|strict_single_dominant	DEJU-4-2-No	D19	Alnus viridis	7/15/25	27.6	1324.8	Half	DEJU-4	ethanol	nodule	Betulaceae	DEJU	Alnus	actinorhizal	DEJU_047	NA	Alaska	yes	NA	NA	NA	Candidatus	Candidatus_Frankia_alpina	99.675	52.3243	0	3376
DEJU-30-Rh|nifJ|consensus50|strict_single_dominant	DEJU-30-Rh	D19	Alnus viridis	2/20/25	0.8285	39.768	Quarter	DEJU-30	ethanol	rhizosphere	Betulaceae	DEJU	Alnus	actinorhizal	DEJU_015	NA	Alaska	yes	NA	NA	NA	Candidatus	Candidatus_Frankia_alpina	99.621	52.2959	0	3371
DEJU-17-2-Rh|nifJ|consensus50|strict_single_dominant	DEJU-17-2-Rh	D19	Alnus viridis	7/15/25	0.0885	4.248	Quarter	DEJU-17	ethanol	rhizosphere	Betulaceae	DEJU	Alnus	actinorhizal	DEJU_046	NA	Alaska	yes	NA	NA	NA	Candidatus	Candidatus_Frankia_alpina	99.675	52.2676	0	3373
MC-2|nifJ|consensus50|strict_single_dominant	MC-2	NA	ZymoBIOMICS mock community	3/19/25	100	2000	Half	Mock community	NA	Mock community	NA	Unknown	NA	NA	NA	NA	Unknown	0	NA	NA	NA	Candidatus	Candidatus_Frankia_alpina	99.62	52.1542	0	3360
CLBJ-34-1-No|nifJ|consensus50|strict_single_dominant	CLBJ-34-1-No	D11	Lespedeza virginica	2/26/25	5.91	283.68	Half	CLBJ-34	ethanol	nodule	Fabaceae	CLBJ	Lespedeza	Desmodieae	CLBJ_036_R	Wise	TX	yes	33.397578	-97.57995	6/11/24	Candidatus	Candidatus_Frankia_alpina	97.672	51.1338	0	3166
DEJU-24-1-No|nifJ|consensus50|strict_single_dominant	DEJU-24-1-No	D19	Alnus viridis	4/10/25	2.915	139.92	Quarter	DEJU-24	ethanol	nodule	Betulaceae	DEJU	Alnus	actinorhizal	DEJU_046	NA	Alaska	yes	NA	NA	NA	Candidatus	Candidatus_Frankia_alpina	99.675	52.2959	0	3374
DEJU-5-1-No|nifJ|consensus50|strict_single_dominant	DEJU-5-1-No	D19	Alnus viridis	2/13/25	NA	0	Quarter	DEJU-5	ethanol	nodule	Betulaceae	DEJU	Alnus	actinorhizal	DEJU_047	NA	Alaska	yes	NA	NA	NA	Candidatus	Candidatus_Frankia_alpina	99.675	52.3243	0	3376
DEJU-55-No|nifJ|consensus50|strict_single_dominant	DEJU-55-No	D19	Alnus viridis	5/23/25	7.73	371.04	Half	DEJU-55	ethanol	nodule	Betulaceae	DEJU	Alnus	actinorhizal	DEJU_045	NA	Unknown	yes	NA	NA	NA	Candidatus	Candidatus_Frankia_alpina	99.675	52.3243	0	3376
HEAL-13-1-No|nifJ|consensus50|strict_single_dominant	HEAL-13-1-No	D19	Alnus viridis	3/3/25	3.455	165.84	Quarter	HEAL-13	ethanol	nodule	Betulaceae	HEAL	Alnus	actinorhizal	HEAL_001	Denali Borough	Alaska	yes	63.88839 N	149.20410 W	20240725	Candidatus	Candidatus_Frankia_alpina	99.675	52.3243	0	3376
DEJU-8-1-Rh|nifJ|consensus50|strict_single_dominant	DEJU-8-1-Rh	D19	Alnus viridis	3/6/25	0	0	Quarter	DEJU-8	ethanol	rhizosphere	Betulaceae	DEJU	Alnus	actinorhizal	DEJU_047	NA	Alaska	yes	NA	NA	NA	Candidatus	Candidatus_Frankia_alpina	97.059	52.0408	0	3181
LAJA-21-1-Rh|nifJ|consensus50|strict_single_dominant	LAJA-21-1-Rh	D04	Aeschynomene americana	3/19/25	0.429	20.592	Quarter	LAJA-21	dry	rhizosphere	Fabaceae	LAJA	Aeschynomene	Dalbergieae	LAJA_023	LAJA	P.R	yes	18.03581	-67.0696	10/7/24	Candidatus	Candidatus_Frankia_alpina	98.751	52.2109	0	3306
