sample_id	best_reference_id	best_reference_taxon	best_reference_genus	percent_identity	alignment_length	query_coverage_percent	evalue	bitscore
BLAN-1-1-No|noeB|consensus50|strict_single_dominant	noeB|Sinorhizobium_meliloti_(Rhizobium_meliloti)|WQO97007.1	Sinorhizobium_meliloti_(Rhizobium_meliloti)	Sinorhizobium	99.940	1657	98.9845	0.0	3057.0
BLAN-1-1-Rh|noeB|consensus50|strict_single_dominant	noeB|Sinorhizobium_meliloti_(Rhizobium_meliloti)|WQO97007.1	Sinorhizobium_meliloti_(Rhizobium_meliloti)	Sinorhizobium	99.638	1656	98.9247	0.0	3027.0
BLAN-1-1-Ro|noeB|consensus50|strict_single_dominant	noeB|Sinorhizobium_meliloti_(Rhizobium_meliloti)|WQO97007.1	Sinorhizobium_meliloti_(Rhizobium_meliloti)	Sinorhizobium	98.436	1662	99.2832	0.0	2972.0
BLAN-2-1-No|noeB|consensus50|strict_single_dominant	noeB|Sinorhizobium_meliloti_(Rhizobium_meliloti)|QQF06432.1	Sinorhizobium_meliloti_(Rhizobium_meliloti)	Sinorhizobium	99.699	1662	99.2832	0.0	3042.0
BLAN-2-1-Rh|noeB|consensus50|strict_single_dominant	noeB|Sinorhizobium_meliloti_(Rhizobium_meliloti)|UIJ90961.1	Sinorhizobium_meliloti_(Rhizobium_meliloti)	Sinorhizobium	99.759	1662	99.2832	0.0	3048.0
BLAN-2-1-Ro|noeB|consensus50|strict_single_dominant	noeB|Sinorhizobium_meliloti_(Rhizobium_meliloti)|WQO97007.1	Sinorhizobium_meliloti_(Rhizobium_meliloti)	Sinorhizobium	100.000	1662	99.2832	0.0	3070.0
BLAN-3-1-No|noeB|consensus50|strict_single_dominant	noeB|Sinorhizobium_meliloti_(Rhizobium_meliloti)|WQO97007.1	Sinorhizobium_meliloti_(Rhizobium_meliloti)	Sinorhizobium	99.880	1662	99.2832	0.0	3059.0
BLAN-4-1-Ro|noeB|consensus50|strict_single_dominant	noeB|Sinorhizobium_meliloti_(Rhizobium_meliloti)|WQO97007.1	Sinorhizobium_meliloti_(Rhizobium_meliloti)	Sinorhizobium	99.880	1662	99.2832	0.0	3059.0
CLBJ-40-1-Ro|noeB|consensus50|strict_single_dominant	noeB|Sinorhizobium_meliloti_(Rhizobium_meliloti)|WQO97007.1	Sinorhizobium_meliloti_(Rhizobium_meliloti)	Sinorhizobium	100.000	1662	99.2832	0.0	3070.0
CLBJ-5-2-No|noeB|consensus50|strict_single_dominant	noeB|Sinorhizobium_meliloti_(Rhizobium_meliloti)|UIJ90961.1	Sinorhizobium_meliloti_(Rhizobium_meliloti)	Sinorhizobium	100.000	1662	99.2832	0.0	3070.0
CPER-2-Rh|noeB|consensus50|strict_single_dominant	noeB|Sinorhizobium_meliloti_(Rhizobium_meliloti)|QQF06432.1	Sinorhizobium_meliloti_(Rhizobium_meliloti)	Sinorhizobium	99.216	1659	99.1039	0.0	2994.0
CPER-2-Ro|noeB|consensus50|strict_single_dominant	noeB|Sinorhizobium_meliloti_(Rhizobium_meliloti)|UIJ90961.1	Sinorhizobium_meliloti_(Rhizobium_meliloti)	Sinorhizobium	100.000	1662	99.2832	0.0	3070.0
CPER-3-1-Ro|noeB|consensus50|strict_single_dominant	noeB|Sinorhizobium_meliloti_(Rhizobium_meliloti)|WQO97007.1	Sinorhizobium_meliloti_(Rhizobium_meliloti)	Sinorhizobium	100.000	1662	99.2832	0.0	3070.0
CPER-5-1-Rh|noeB|consensus50|strict_single_dominant	noeB|Sinorhizobium_meliloti_(Rhizobium_meliloti)|QQF06432.1	Sinorhizobium_meliloti_(Rhizobium_meliloti)	Sinorhizobium	99.880	1662	99.2832	0.0	3059.0
CPER-5-1-Ro|noeB|consensus50|strict_single_dominant	noeB|Sinorhizobium_meliloti_(Rhizobium_meliloti)|WQO97007.1	Sinorhizobium_meliloti_(Rhizobium_meliloti)	Sinorhizobium	100.000	1661	99.2234	0.0	3068.0
DCFS-2-2-No|noeB|consensus50|strict_single_dominant	noeB|Sinorhizobium_meliloti_(Rhizobium_meliloti)|QQF06432.1	Sinorhizobium_meliloti_(Rhizobium_meliloti)	Sinorhizobium	99.880	1662	99.2832	0.0	3059.0
DCFS-2-2-Rh|noeB|consensus50|strict_single_dominant	noeB|Sinorhizobium_meliloti_(Rhizobium_meliloti)|QQF06432.1	Sinorhizobium_meliloti_(Rhizobium_meliloti)	Sinorhizobium	100.000	525	31.3620	0.0	970.0
DCFS-2-2-Ro|noeB|consensus50|strict_single_dominant	noeB|Sinorhizobium_meliloti_(Rhizobium_meliloti)|QQF06432.1	Sinorhizobium_meliloti_(Rhizobium_meliloti)	Sinorhizobium	99.730	740	44.2055	0.0	1356.0
DCFS-3-2-No|noeB|consensus50|strict_single_dominant	noeB|Sinorhizobium_meliloti_(Rhizobium_meliloti)|UDU22208.1	Sinorhizobium_meliloti_(Rhizobium_meliloti)	Sinorhizobium	100.000	1662	99.2832	0.0	3070.0
DCFS-3-2-Rh|noeB|consensus50|strict_single_dominant	noeB|Sinorhizobium_meliloti_(Rhizobium_meliloti)|QQF06432.1	Sinorhizobium_meliloti_(Rhizobium_meliloti)	Sinorhizobium	99.514	1439	85.9618	0.0	2623.0
DCFS-3-2-Ro|noeB|consensus50|strict_single_dominant	noeB|Sinorhizobium_meliloti_(Rhizobium_meliloti)|UDU22208.1	Sinorhizobium_meliloti_(Rhizobium_meliloti)	Sinorhizobium	99.880	1661	99.2234	0.0	3057.0
DCFS-4-No|noeB|consensus50|strict_single_dominant	noeB|Sinorhizobium_meliloti_(Rhizobium_meliloti)|QQF06432.1	Sinorhizobium_meliloti_(Rhizobium_meliloti)	Sinorhizobium	99.639	1662	99.2832	0.0	3037.0
DCFS-4-Rh|noeB|consensus50|strict_single_dominant	noeB|Sinorhizobium_meliloti_(Rhizobium_meliloti)|QQF06432.1	Sinorhizobium_meliloti_(Rhizobium_meliloti)	Sinorhizobium	99.458	1662	99.2832	0.0	3020.0
DCFS-4-Ro|noeB|consensus50|strict_single_dominant	noeB|Sinorhizobium_meliloti_(Rhizobium_meliloti)|QQF06432.1	Sinorhizobium_meliloti_(Rhizobium_meliloti)	Sinorhizobium	99.519	1662	99.2832	0.0	3025.0
DCFS-5-1-Rh|noeB|consensus50|strict_single_dominant	noeB|Sinorhizobium_meliloti_(Rhizobium_meliloti)|QND35617.1	Sinorhizobium_meliloti_(Rhizobium_meliloti)	Sinorhizobium	99.507	1623	96.9534	0.0	2953.0
DCFS-6-1-Ro|noeB|consensus50|strict_single_dominant	noeB|Sinorhizobium_meliloti_(Rhizobium_meliloti)|QQF06432.1	Sinorhizobium_meliloti_(Rhizobium_meliloti)	Sinorhizobium	99.458	1660	99.1637	0.0	3016.0
DCFS-8-1-No|noeB|consensus50|strict_single_dominant	noeB|Sinorhizobium_meliloti_(Rhizobium_meliloti)|QQF06432.1	Sinorhizobium_meliloti_(Rhizobium_meliloti)	Sinorhizobium	100.000	1662	99.2832	0.0	3070.0
DCFS-8-1-Rh|noeB|consensus50|strict_single_dominant	noeB|Sinorhizobium_meliloti_(Rhizobium_meliloti)|QQF06432.1	Sinorhizobium_meliloti_(Rhizobium_meliloti)	Sinorhizobium	99.880	1661	99.2234	0.0	3057.0
DCFS-8-1-Ro|noeB|consensus50|strict_single_dominant	noeB|Sinorhizobium_meliloti_(Rhizobium_meliloti)|QQF06432.1	Sinorhizobium_meliloti_(Rhizobium_meliloti)	Sinorhizobium	100.000	1662	99.2832	0.0	3070.0
DEJU-59-No|noeB|consensus50|strict_single_dominant	noeB|Sinorhizobium_meliloti_(Rhizobium_meliloti)|QQF06432.1	Sinorhizobium_meliloti_(Rhizobium_meliloti)	Sinorhizobium	100.000	1489	88.9486	0.0	2750.0
DELA-26-3-Ro|noeB|consensus50|strict_single_dominant	noeB|Sinorhizobium_meliloti_(Rhizobium_meliloti)|QQF06432.1	Sinorhizobium_meliloti_(Rhizobium_meliloti)	Sinorhizobium	99.940	1662	99.2832	0.0	3064.0
DSNY-14-1-Rh|noeB|consensus50|strict_single_dominant	noeB|Sinorhizobium_meliloti_(Rhizobium_meliloti)|QQF06432.1	Sinorhizobium_meliloti_(Rhizobium_meliloti)	Sinorhizobium	99.819	1662	99.2832	0.0	3053.0
DSNY-15-1-Ro|noeB|consensus50|strict_single_dominant	noeB|Sinorhizobium_meliloti_(Rhizobium_meliloti)|QQF06432.1	Sinorhizobium_meliloti_(Rhizobium_meliloti)	Sinorhizobium	99.819	1662	99.2832	0.0	3053.0
HEAL-7-1-Ro|noeB|consensus50|strict_single_dominant	noeB|Sinorhizobium_meliloti_(Rhizobium_meliloti)|WQO97007.1	Sinorhizobium_meliloti_(Rhizobium_meliloti)	Sinorhizobium	98.556	1662	99.2832	0.0	2979.0
JERC-DEST-32-1-No|noeB|consensus50|strict_single_dominant	noeB|Sinorhizobium_meliloti_(Rhizobium_meliloti)|UIJ90961.1	Sinorhizobium_meliloti_(Rhizobium_meliloti)	Sinorhizobium	100.000	1662	99.2832	0.0	3070.0
JORN-3-1-Rh|noeB|consensus50|strict_single_dominant	noeB|Sinorhizobium_meliloti_(Rhizobium_meliloti)|QQF06432.1	Sinorhizobium_meliloti_(Rhizobium_meliloti)	Sinorhizobium	99.819	1662	99.2832	0.0	3053.0
KONZ-1-Ro|noeB|consensus50|strict_single_dominant	noeB|Sinorhizobium_meliloti_(Rhizobium_meliloti)|QQF06432.1	Sinorhizobium_meliloti_(Rhizobium_meliloti)	Sinorhizobium	99.819	1662	99.2832	0.0	3053.0
KONZ-6-1-Ro|noeB|consensus50|strict_single_dominant	noeB|Sinorhizobium_meliloti_(Rhizobium_meliloti)|UIJ90961.1	Sinorhizobium_meliloti_(Rhizobium_meliloti)	Sinorhizobium	100.000	1662	99.2832	0.0	3070.0
LAJA-25-1-No|noeB|consensus50|strict_single_dominant	noeB|Sinorhizobium_meliloti_(Rhizobium_meliloti)|WQO97007.1	Sinorhizobium_meliloti_(Rhizobium_meliloti)	Sinorhizobium	98.195	1662	99.2832	0.0	2959.0
LENO-15-2-No|noeB|consensus50|strict_single_dominant	noeB|Sinorhizobium_meliloti_(Rhizobium_meliloti)|QQF06432.1	Sinorhizobium_meliloti_(Rhizobium_meliloti)	Sinorhizobium	99.940	1662	99.2832	0.0	3064.0
NIWO-1-Rh|noeB|consensus50|strict_single_dominant	noeB|Sinorhizobium_meliloti_(Rhizobium_meliloti)|QQF06432.1	Sinorhizobium_meliloti_(Rhizobium_meliloti)	Sinorhizobium	98.417	1327	79.2712	0.0	2361.0
NOGP-1-1-No|noeB|consensus50|strict_single_dominant	noeB|Sinorhizobium_medicae_(Ensifer_medicae)|WQO54450.1	Sinorhizobium_medicae_(Ensifer_medicae)	Sinorhizobium	100.000	1662	99.2832	0.0	3070.0
NOGP-1-1-Rh|noeB|consensus50|strict_single_dominant	noeB|Sinorhizobium_meliloti_(Rhizobium_meliloti)|QQF06432.1	Sinorhizobium_meliloti_(Rhizobium_meliloti)	Sinorhizobium	99.398	1662	99.2832	0.0	3020.0
NOGP-1-1-Ro|noeB|consensus50|strict_single_dominant	noeB|Sinorhizobium_meliloti_(Rhizobium_meliloti)|UIJ90961.1	Sinorhizobium_meliloti_(Rhizobium_meliloti)	Sinorhizobium	99.579	1662	99.2832	0.0	3031.0
NOGP-2-1-No|noeB|consensus50|strict_single_dominant	noeB|Sinorhizobium_meliloti_(Rhizobium_meliloti)|WQO97007.1	Sinorhizobium_meliloti_(Rhizobium_meliloti)	Sinorhizobium	100.000	1662	99.2832	0.0	3070.0
NOGP-2-1-Rh|noeB|consensus50|strict_single_dominant	noeB|Sinorhizobium_meliloti_(Rhizobium_meliloti)|QQF06432.1	Sinorhizobium_meliloti_(Rhizobium_meliloti)	Sinorhizobium	99.880	1662	99.2832	0.0	3059.0
NOGP-2-1-Ro|noeB|consensus50|strict_single_dominant	noeB|Sinorhizobium_meliloti_(Rhizobium_meliloti)|WQO97007.1	Sinorhizobium_meliloti_(Rhizobium_meliloti)	Sinorhizobium	100.000	1662	99.2832	0.0	3070.0
NOGP-3-2-No|noeB|consensus50|strict_single_dominant	noeB|Sinorhizobium_meliloti_(Rhizobium_meliloti)|QQF06432.1	Sinorhizobium_meliloti_(Rhizobium_meliloti)	Sinorhizobium	99.880	1662	99.2832	0.0	3059.0
NOGP-3-2-Rh|noeB|consensus50|strict_single_dominant	noeB|Sinorhizobium_meliloti_(Rhizobium_meliloti)|WQO97007.1	Sinorhizobium_meliloti_(Rhizobium_meliloti)	Sinorhizobium	99.940	1662	99.2832	0.0	3064.0
NOGP-3-2-Ro|noeB|consensus50|strict_single_dominant	noeB|Sinorhizobium_meliloti_(Rhizobium_meliloti)|QQF06432.1	Sinorhizobium_meliloti_(Rhizobium_meliloti)	Sinorhizobium	99.880	1662	99.2832	0.0	3059.0
NOGP-5-2-Rh|noeB|consensus50|strict_single_dominant	noeB|Sinorhizobium_meliloti_(Rhizobium_meliloti)|QQF06432.1	Sinorhizobium_meliloti_(Rhizobium_meliloti)	Sinorhizobium	99.218	1662	99.2832	0.0	3003.0
NOGP-5-2-Ro|noeB|consensus50|strict_single_dominant	noeB|Sinorhizobium_meliloti_(Rhizobium_meliloti)|UIJ90961.1	Sinorhizobium_meliloti_(Rhizobium_meliloti)	Sinorhizobium	99.097	1662	99.2832	0.0	2987.0
NOGP-6-3-No|noeB|consensus50|strict_single_dominant	noeB|Sinorhizobium_meliloti_(Rhizobium_meliloti)|QQF06432.1	Sinorhizobium_meliloti_(Rhizobium_meliloti)	Sinorhizobium	99.880	1662	99.2832	0.0	3059.0
NOGP-6-3-Rh|noeB|consensus50|strict_single_dominant	noeB|Sinorhizobium_meliloti_(Rhizobium_meliloti)|QQF06432.1	Sinorhizobium_meliloti_(Rhizobium_meliloti)	Sinorhizobium	99.880	1662	99.2832	0.0	3059.0
NOGP-6-3-Ro|noeB|consensus50|strict_single_dominant	noeB|Sinorhizobium_meliloti_(Rhizobium_meliloti)|QQF06432.1	Sinorhizobium_meliloti_(Rhizobium_meliloti)	Sinorhizobium	99.880	1662	99.2832	0.0	3059.0
NOGP-7-2-No|noeB|consensus50|strict_single_dominant	noeB|Sinorhizobium_meliloti_(Rhizobium_meliloti)|QQF06432.1	Sinorhizobium_meliloti_(Rhizobium_meliloti)	Sinorhizobium	99.719	1066	63.6798	0.0	1953.0
OAES-1-1-No|noeB|consensus50|strict_single_dominant	noeB|Sinorhizobium_meliloti_(Rhizobium_meliloti)|UIJ90961.1	Sinorhizobium_meliloti_(Rhizobium_meliloti)	Sinorhizobium	100.000	1662	99.2832	0.0	3070.0
OAES-14-1-No|noeB|consensus50|strict_single_dominant	noeB|Sinorhizobium_meliloti_(Rhizobium_meliloti)|QQF06432.1	Sinorhizobium_meliloti_(Rhizobium_meliloti)	Sinorhizobium	99.819	1662	99.2832	0.0	3053.0
OAES-14-1-Rh|noeB|consensus50|strict_single_dominant	noeB|Sinorhizobium_meliloti_(Rhizobium_meliloti)|QQF06432.1	Sinorhizobium_meliloti_(Rhizobium_meliloti)	Sinorhizobium	99.819	1660	99.1637	0.0	3049.0
OAES-14-1-Ro|noeB|consensus50|strict_single_dominant	noeB|Sinorhizobium_meliloti_(Rhizobium_meliloti)|QQF06432.1	Sinorhizobium_meliloti_(Rhizobium_meliloti)	Sinorhizobium	99.819	1662	99.2832	0.0	3053.0
OAES-15-No|noeB|consensus50|strict_single_dominant	noeB|Sinorhizobium_meliloti_(Rhizobium_meliloti)|QQF06432.1	Sinorhizobium_meliloti_(Rhizobium_meliloti)	Sinorhizobium	99.819	1662	99.2832	0.0	3053.0
OAES-2-1-No|noeB|consensus50|strict_single_dominant	noeB|Sinorhizobium_meliloti_(Rhizobium_meliloti)|UIJ90961.1	Sinorhizobium_meliloti_(Rhizobium_meliloti)	Sinorhizobium	100.000	1662	99.2832	0.0	3070.0
OAES-2-1-Ro|noeB|consensus50|strict_single_dominant	noeB|Sinorhizobium_meliloti_(Rhizobium_meliloti)|UIJ90961.1	Sinorhizobium_meliloti_(Rhizobium_meliloti)	Sinorhizobium	100.000	1662	99.2832	0.0	3070.0
OAES-20-Ro|noeB|consensus50|strict_single_dominant	noeB|Sinorhizobium_meliloti_(Rhizobium_meliloti)|UFX12595.1	Sinorhizobium_meliloti_(Rhizobium_meliloti)	Sinorhizobium	99.391	986	58.9008	0.0	1788.0
OAES-21-3-Ro|noeB|consensus50|strict_single_dominant	noeB|Sinorhizobium_meliloti_(Rhizobium_meliloti)|UFX12595.1	Sinorhizobium_meliloti_(Rhizobium_meliloti)	Sinorhizobium	99.939	1630	97.3716	0.0	3005.0
OAES-22-1-No|noeB|consensus50|strict_single_dominant	noeB|Sinorhizobium_meliloti_(Rhizobium_meliloti)|UFX12595.1	Sinorhizobium_meliloti_(Rhizobium_meliloti)	Sinorhizobium	100.000	1662	99.2832	0.0	3070.0
OAES-23-1-Rh|noeB|consensus50|strict_single_dominant	noeB|Sinorhizobium_meliloti_(Rhizobium_meliloti)|UFX12595.1	Sinorhizobium_meliloti_(Rhizobium_meliloti)	Sinorhizobium	99.691	1294	77.2999	0.0	2368.0
OAES-23-1-Ro|noeB|consensus50|strict_single_dominant	noeB|Sinorhizobium_meliloti_(Rhizobium_meliloti)|UFX12595.1	Sinorhizobium_meliloti_(Rhizobium_meliloti)	Sinorhizobium	99.819	1662	99.2832	0.0	3053.0
OAES-25-1-No|noeB|consensus50|strict_single_dominant	noeB|Sinorhizobium_meliloti_(Rhizobium_meliloti)|UFX12595.1	Sinorhizobium_meliloti_(Rhizobium_meliloti)	Sinorhizobium	99.895	950	56.7503	0.0	1751.0
OAES-25-1-Ro|noeB|consensus50|strict_single_dominant	noeB|Sinorhizobium_meliloti_(Rhizobium_meliloti)|UFX12595.1	Sinorhizobium_meliloti_(Rhizobium_meliloti)	Sinorhizobium	100.000	1662	99.2832	0.0	3070.0
OAES-26-1-Rh|noeB|consensus50|strict_single_dominant	noeB|Sinorhizobium_meliloti_(Rhizobium_meliloti)|UFX12595.1	Sinorhizobium_meliloti_(Rhizobium_meliloti)	Sinorhizobium	98.891	1443	86.2007	0.0	2606.0
OAES-27-2-Ro|noeB|consensus50|strict_single_dominant	noeB|Sinorhizobium_meliloti_(Rhizobium_meliloti)|QQF06432.1	Sinorhizobium_meliloti_(Rhizobium_meliloti)	Sinorhizobium	99.639	1662	99.2832	0.0	3037.0
OAES-3-1-No|noeB|consensus50|strict_single_dominant	noeB|Sinorhizobium_meliloti_(Rhizobium_meliloti)|UIJ90961.1	Sinorhizobium_meliloti_(Rhizobium_meliloti)	Sinorhizobium	100.000	1662	99.2832	0.0	3070.0
OAES-3-1-Ro|noeB|consensus50|strict_single_dominant	noeB|Sinorhizobium_meliloti_(Rhizobium_meliloti)|UIJ90961.1	Sinorhizobium_meliloti_(Rhizobium_meliloti)	Sinorhizobium	100.000	1570	93.7873	0.0	2900.0
OAES-36-2-No|noeB|consensus50|strict_single_dominant	noeB|Sinorhizobium_meliloti_(Rhizobium_meliloti)|WQO97007.1	Sinorhizobium_meliloti_(Rhizobium_meliloti)	Sinorhizobium	100.000	1662	99.2832	0.0	3070.0
OAES-36-3-No|noeB|consensus50|strict_single_dominant	noeB|Sinorhizobium_meliloti_(Rhizobium_meliloti)|QQF06432.1	Sinorhizobium_meliloti_(Rhizobium_meliloti)	Sinorhizobium	99.880	1662	99.2832	0.0	3059.0
OAES-36-3-Rh|noeB|consensus50|strict_single_dominant	noeB|Sinorhizobium_meliloti_(Rhizobium_meliloti)|QQF06432.1	Sinorhizobium_meliloti_(Rhizobium_meliloti)	Sinorhizobium	99.578	1422	84.9462	0.0	2601.0
OAES-37-2-Ro|noeB|consensus50|strict_single_dominant	noeB|Sinorhizobium_meliloti_(Rhizobium_meliloti)|QQF06432.1	Sinorhizobium_meliloti_(Rhizobium_meliloti)	Sinorhizobium	99.940	1662	99.2832	0.0	3064.0
OAES-5-Rh|noeB|consensus50|strict_single_dominant	noeB|Sinorhizobium_meliloti_(Rhizobium_meliloti)|QQF06432.1	Sinorhizobium_meliloti_(Rhizobium_meliloti)	Sinorhizobium	99.579	1661	99.2234	0.0	3029.0
OAES-5-Ro|noeB|consensus50|strict_single_dominant	noeB|Sinorhizobium_meliloti_(Rhizobium_meliloti)|UIJ90961.1	Sinorhizobium_meliloti_(Rhizobium_meliloti)	Sinorhizobium	100.000	1662	99.2832	0.0	3070.0
OAES-6-1-No|noeB|consensus50|strict_single_dominant	noeB|Sinorhizobium_meliloti_(Rhizobium_meliloti)|QQF06432.1	Sinorhizobium_meliloti_(Rhizobium_meliloti)	Sinorhizobium	99.940	1662	99.2832	0.0	3064.0
OAES-6-1-Rh|noeB|consensus50|strict_single_dominant	noeB|Sinorhizobium_meliloti_(Rhizobium_meliloti)|QQF06432.1	Sinorhizobium_meliloti_(Rhizobium_meliloti)	Sinorhizobium	99.819	1662	99.2832	0.0	3053.0
OAES-6-1-Ro|noeB|consensus50|strict_single_dominant	noeB|Sinorhizobium_meliloti_(Rhizobium_meliloti)|QQF06432.1	Sinorhizobium_meliloti_(Rhizobium_meliloti)	Sinorhizobium	99.699	1662	99.2832	0.0	3042.0
OAES-7-1-No|noeB|consensus50|strict_single_dominant	noeB|Sinorhizobium_meliloti_(Rhizobium_meliloti)|QQF06432.1	Sinorhizobium_meliloti_(Rhizobium_meliloti)	Sinorhizobium	99.278	1662	99.2832	0.0	3003.0
OAES-7-1-Rh|noeB|consensus50|strict_single_dominant	noeB|Sinorhizobium_meliloti_(Rhizobium_meliloti)|QQF06432.1	Sinorhizobium_meliloti_(Rhizobium_meliloti)	Sinorhizobium	99.819	1662	99.2832	0.0	3053.0
OAES-7-1-Ro|noeB|consensus50|strict_single_dominant	noeB|Sinorhizobium_meliloti_(Rhizobium_meliloti)|XWR32921.1	Sinorhizobium_meliloti_(Rhizobium_meliloti)	Sinorhizobium	99.278	1662	99.2832	0.0	3003.0
OAES-8-2-Ro|noeB|consensus50|strict_single_dominant	noeB|Sinorhizobium_meliloti_(Rhizobium_meliloti)|UIJ90961.1	Sinorhizobium_meliloti_(Rhizobium_meliloti)	Sinorhizobium	100.000	1662	99.2832	0.0	3070.0
OAES_19-2-Rh|noeB|consensus50|strict_single_dominant	noeB|Sinorhizobium_meliloti_(Rhizobium_meliloti)|QQF06432.1	Sinorhizobium_meliloti_(Rhizobium_meliloti)	Sinorhizobium	99.880	1662	99.2832	0.0	3059.0
OAES_19-2-Ro|noeB|consensus50|strict_single_dominant	noeB|Sinorhizobium_meliloti_(Rhizobium_meliloti)|QQF06432.1	Sinorhizobium_meliloti_(Rhizobium_meliloti)	Sinorhizobium	99.579	1662	99.2832	0.0	3031.0
OAES_24-3-No|noeB|consensus50|strict_single_dominant	noeB|Sinorhizobium_meliloti_(Rhizobium_meliloti)|QQF06432.1	Sinorhizobium_meliloti_(Rhizobium_meliloti)	Sinorhizobium	99.880	1662	99.2832	0.0	3059.0
OAES_24-3-Rh|noeB|consensus50|strict_single_dominant	noeB|Sinorhizobium_meliloti_(Rhizobium_meliloti)|QQF06432.1	Sinorhizobium_meliloti_(Rhizobium_meliloti)	Sinorhizobium	99.579	1662	99.2832	0.0	3031.0
OAES_24-3-Ro|noeB|consensus50|strict_single_dominant	noeB|Sinorhizobium_meliloti_(Rhizobium_meliloti)|QQF06432.1	Sinorhizobium_meliloti_(Rhizobium_meliloti)	Sinorhizobium	99.519	1662	99.2832	0.0	3025.0
OSBS-36-1-No|noeB|consensus50|strict_single_dominant	noeB|Sinorhizobium_meliloti_(Rhizobium_meliloti)|QQF06432.1	Sinorhizobium_meliloti_(Rhizobium_meliloti)	Sinorhizobium	99.880	1662	99.2832	0.0	3059.0
OSBS-36-1-Ro|noeB|consensus50|strict_single_dominant	noeB|Sinorhizobium_meliloti_(Rhizobium_meliloti)|QQF06432.1	Sinorhizobium_meliloti_(Rhizobium_meliloti)	Sinorhizobium	99.880	1662	99.2832	0.0	3059.0
RMNP-1-Rh|noeB|consensus50|strict_single_dominant	noeB|Sinorhizobium_meliloti_(Rhizobium_meliloti)|UIJ90961.1	Sinorhizobium_meliloti_(Rhizobium_meliloti)	Sinorhizobium	98.917	1662	99.2832	0.0	2983.0
SCBI-1-1-Ro|noeB|consensus50|strict_single_dominant	noeB|Sinorhizobium_meliloti_(Rhizobium_meliloti)|QQF06432.1	Sinorhizobium_meliloti_(Rhizobium_meliloti)	Sinorhizobium	97.919	1634	97.6105	0.0	2876.0
SCBI-2-1-No|noeB|consensus50|strict_single_dominant	noeB|Sinorhizobium_meliloti_(Rhizobium_meliloti)|WQO97007.1	Sinorhizobium_meliloti_(Rhizobium_meliloti)	Sinorhizobium	100.000	1662	99.2832	0.0	3070.0
SCBI-2-1-Rh|noeB|consensus50|strict_single_dominant	noeB|Sinorhizobium_meliloti_(Rhizobium_meliloti)|QQF06432.1	Sinorhizobium_meliloti_(Rhizobium_meliloti)	Sinorhizobium	99.880	1662	99.2832	0.0	3059.0
SCBI-2-1-Ro|noeB|consensus50|strict_single_dominant	noeB|Sinorhizobium_meliloti_(Rhizobium_meliloti)|WQO97007.1	Sinorhizobium_meliloti_(Rhizobium_meliloti)	Sinorhizobium	98.676	1662	99.2832	0.0	2987.0
SCBI-3-1-Rh|noeB|consensus50|strict_single_dominant	noeB|Sinorhizobium_meliloti_(Rhizobium_meliloti)|WQO97007.1	Sinorhizobium_meliloti_(Rhizobium_meliloti)	Sinorhizobium	98.797	1662	99.2832	0.0	2987.0
SCBI-3-1-Ro|noeB|consensus50|strict_single_dominant	noeB|Sinorhizobium_meliloti_(Rhizobium_meliloti)|WQO97007.1	Sinorhizobium_meliloti_(Rhizobium_meliloti)	Sinorhizobium	99.880	1662	99.2832	0.0	3059.0
SERC-6-1-No|noeB|consensus50|strict_single_dominant	noeB|Sinorhizobium_meliloti_(Rhizobium_meliloti)|QQF06432.1	Sinorhizobium_meliloti_(Rhizobium_meliloti)	Sinorhizobium	98.436	1662	99.2832	0.0	2961.0
TALL-24-2-No|noeB|consensus50|strict_single_dominant	noeB|Sinorhizobium_meliloti_(Rhizobium_meliloti)|WQO97007.1	Sinorhizobium_meliloti_(Rhizobium_meliloti)	Sinorhizobium	100.000	1662	99.2832	0.0	3070.0
TALL-28-1-No|noeB|consensus50|strict_single_dominant	noeB|Sinorhizobium_meliloti_(Rhizobium_meliloti)|UIJ90961.1	Sinorhizobium_meliloti_(Rhizobium_meliloti)	Sinorhizobium	99.940	1662	99.2832	0.0	3064.0
TALL-29-3-No|noeB|consensus50|strict_single_dominant	noeB|Sinorhizobium_meliloti_(Rhizobium_meliloti)|QQF06432.1	Sinorhizobium_meliloti_(Rhizobium_meliloti)	Sinorhizobium	99.880	1662	99.2832	0.0	3059.0
TALL-74-3-No|noeB|consensus50|strict_single_dominant	noeB|Sinorhizobium_meliloti_(Rhizobium_meliloti)|WQO97007.1	Sinorhizobium_meliloti_(Rhizobium_meliloti)	Sinorhizobium	100.000	1662	99.2832	0.0	3070.0
TEAK-1-2-Ro|noeB|consensus50|strict_single_dominant	noeB|Sinorhizobium_meliloti_(Rhizobium_meliloti)|QQF06432.1	Sinorhizobium_meliloti_(Rhizobium_meliloti)	Sinorhizobium	99.819	1662	99.2832	0.0	3053.0
TEAK-3-1-Ro|noeB|consensus50|strict_single_dominant	noeB|Sinorhizobium_meliloti_(Rhizobium_meliloti)|WQO97007.1	Sinorhizobium_meliloti_(Rhizobium_meliloti)	Sinorhizobium	98.496	1662	99.2832	0.0	2977.0
TOOL-1-Ro|noeB|consensus50|strict_single_dominant	noeB|Sinorhizobium_meliloti_(Rhizobium_meliloti)|UIJ90961.1	Sinorhizobium_meliloti_(Rhizobium_meliloti)	Sinorhizobium	99.759	1662	99.2832	0.0	3048.0
TOOL-10-Ro|noeB|consensus50|strict_single_dominant	noeB|Sinorhizobium_meliloti_(Rhizobium_meliloti)|QQF06432.1	Sinorhizobium_meliloti_(Rhizobium_meliloti)	Sinorhizobium	99.880	1662	99.2832	0.0	3059.0
TOOL-25-Ro|noeB|consensus50|strict_single_dominant	noeB|Sinorhizobium_meliloti_(Rhizobium_meliloti)|QQF06432.1	Sinorhizobium_meliloti_(Rhizobium_meliloti)	Sinorhizobium	99.819	1662	99.2832	0.0	3053.0
WOOD-1-1-No|noeB|consensus50|strict_single_dominant	noeB|Sinorhizobium_meliloti_(Rhizobium_meliloti)|QQF06432.1	Sinorhizobium_meliloti_(Rhizobium_meliloti)	Sinorhizobium	99.037	1662	99.2832	0.0	2996.0
WOOD-1-1-Ro|noeB|consensus50|strict_single_dominant	noeB|Sinorhizobium_meliloti_(Rhizobium_meliloti)|QQF06432.1	Sinorhizobium_meliloti_(Rhizobium_meliloti)	Sinorhizobium	99.928	1397	83.4528	0.0	2575.0
WOOD-10-1-Rh|noeB|consensus50|strict_single_dominant	noeB|Sinorhizobium_meliloti_(Rhizobium_meliloti)|WQO97007.1	Sinorhizobium_meliloti_(Rhizobium_meliloti)	Sinorhizobium	99.398	1662	99.2832	0.0	3014.0
WOOD-10-1-Ro|noeB|consensus50|strict_single_dominant	noeB|Sinorhizobium_meliloti_(Rhizobium_meliloti)|QND35617.1	Sinorhizobium_meliloti_(Rhizobium_meliloti)	Sinorhizobium	97.954	1662	99.2832	0.0	2913.0
WOOD-11-1-No|noeB|consensus50|strict_single_dominant	noeB|Sinorhizobium_meliloti_(Rhizobium_meliloti)|QQF06432.1	Sinorhizobium_meliloti_(Rhizobium_meliloti)	Sinorhizobium	99.880	1662	99.2832	0.0	3059.0
WOOD-12-No|noeB|consensus50|strict_single_dominant	noeB|Sinorhizobium_meliloti_(Rhizobium_meliloti)|UIJ90961.1	Sinorhizobium_meliloti_(Rhizobium_meliloti)	Sinorhizobium	99.097	1662	99.2832	0.0	2987.0
WOOD-12-Rh|noeB|consensus50|strict_single_dominant	noeB|Sinorhizobium_meliloti_(Rhizobium_meliloti)|UIJ90961.1	Sinorhizobium_meliloti_(Rhizobium_meliloti)	Sinorhizobium	99.458	1662	99.2832	0.0	3020.0
WOOD-3-2-No|noeB|consensus50|strict_single_dominant	noeB|Sinorhizobium_meliloti_(Rhizobium_meliloti)|QQF06432.1	Sinorhizobium_meliloti_(Rhizobium_meliloti)	Sinorhizobium	99.880	1662	99.2832	0.0	3059.0
WOOD-3-2-Rh|noeB|consensus50|strict_single_dominant	noeB|Sinorhizobium_meliloti_(Rhizobium_meliloti)|QQF06432.1	Sinorhizobium_meliloti_(Rhizobium_meliloti)	Sinorhizobium	99.868	755	45.1016	0.0	1389.0
WOOD-3-2-Ro|noeB|consensus50|strict_single_dominant	noeB|Sinorhizobium_meliloti_(Rhizobium_meliloti)|QQF06432.1	Sinorhizobium_meliloti_(Rhizobium_meliloti)	Sinorhizobium	98.654	1486	88.7694	0.0	2663.0
WOOD-4-1-No|noeB|consensus50|strict_single_dominant	noeB|Sinorhizobium_meliloti_(Rhizobium_meliloti)|QQF06432.1	Sinorhizobium_meliloti_(Rhizobium_meliloti)	Sinorhizobium	98.824	510	30.4659	0.0	909.0
WOOD-5-1-No|noeB|consensus50|strict_single_dominant	noeB|Sinorhizobium_meliloti_(Rhizobium_meliloti)|UIJ90961.1	Sinorhizobium_meliloti_(Rhizobium_meliloti)	Sinorhizobium	99.278	1662	99.2832	0.0	3003.0
WOOD-5-1-Rh|noeB|consensus50|strict_single_dominant	noeB|Sinorhizobium_kummerowiae_(Ensifer_kummerowiae)|WHS95916.1	Sinorhizobium_kummerowiae_(Ensifer_kummerowiae)	Sinorhizobium	99.365	1418	84.7073	0.0	2569.0
WOOD-5-1-Ro|noeB|consensus50|strict_single_dominant	noeB|Sinorhizobium_meliloti_(Rhizobium_meliloti)|UIJ90961.1	Sinorhizobium_meliloti_(Rhizobium_meliloti)	Sinorhizobium	99.880	1662	99.2832	0.0	3059.0
WOOD-6-1-Rh|noeB|consensus50|strict_single_dominant	noeB|Sinorhizobium_meliloti_(Rhizobium_meliloti)|UIJ90961.1	Sinorhizobium_meliloti_(Rhizobium_meliloti)	Sinorhizobium	99.169	1565	93.4886	0.0	2824.0
WOOD-7-1-No|noeB|consensus50|strict_single_dominant	noeB|Sinorhizobium_meliloti_(Rhizobium_meliloti)|QND35617.1	Sinorhizobium_meliloti_(Rhizobium_meliloti)	Sinorhizobium	99.699	1662	99.2832	0.0	3042.0
WOOD-7-1-Rh|noeB|consensus50|strict_single_dominant	noeB|Sinorhizobium_meliloti_(Rhizobium_meliloti)|UIJ90961.1	Sinorhizobium_meliloti_(Rhizobium_meliloti)	Sinorhizobium	99.338	1662	99.2832	0.0	3009.0
WOOD-8-No|noeB|consensus50|strict_single_dominant	noeB|Sinorhizobium_meliloti_(Rhizobium_meliloti)|WQO97007.1	Sinorhizobium_meliloti_(Rhizobium_meliloti)	Sinorhizobium	99.699	1662	99.2832	0.0	3042.0
WOOD-8-Rh|noeB|consensus50|strict_single_dominant	noeB|Sinorhizobium_meliloti_(Rhizobium_meliloti)|UIJ90961.1	Sinorhizobium_meliloti_(Rhizobium_meliloti)	Sinorhizobium	99.458	1662	99.2832	0.0	3020.0
WOOD-8-Ro|noeB|consensus50|strict_single_dominant	noeB|Sinorhizobium_meliloti_(Rhizobium_meliloti)|UIJ90961.1	Sinorhizobium_meliloti_(Rhizobium_meliloti)	Sinorhizobium	99.458	1662	99.2832	0.0	3020.0
WOOD-9-Rh|noeB|consensus50|strict_single_dominant	noeB|Sinorhizobium_meliloti_(Rhizobium_meliloti)|UIJ90961.1	Sinorhizobium_meliloti_(Rhizobium_meliloti)	Sinorhizobium	99.519	1662	99.2832	0.0	3025.0
