sample	target	length	covered_bases	percent_covered_from_pileup	mean_depth_from_pileup	median_depth_from_pileup	N_count	N_percent	mixed_positions	max_minor_allele_fraction	min_base_qual	min_map_qual	minor_count_threshold	minor_fraction_threshold	mixed_site_depth_threshold	mixed_positions_threshold	status
BLAN-1-1-No	nodX.fa	1121	1101	98.2159	14.5058	15	20	1.7841	1	0.5000	20	10	5	0.2000	20	10	pass_single_dominant
BLAN-1-1-Rh	nodX.fa	1121	1055	94.1124	33.3336	26	66	5.8876	3	0.5000	20	10	5	0.2000	20	10	pass_single_dominant
BLAN-2-1-No	nodX.fa	1121	1085	96.7886	19.6030	19	36	3.2114	7	0.4706	20	10	5	0.2000	20	10	pass_single_dominant
BLAN-1-1-Ro	nodX.fa	1121	1101	98.2159	66.7672	61	20	1.7841	1	0.4118	20	10	5	0.2000	20	10	pass_single_dominant
BLAN-2-1-Ro	nodX.fa	1121	1101	98.2159	171.0330	141	20	1.7841	0	0.1685	20	10	5	0.2000	20	10	pass_single_dominant
BLAN-3-1-Rh	nodX.fa	1121	1089	97.1454	155.0624	150	32	2.8546	0	0.1423	20	10	5	0.2000	20	10	pass_single_dominant
BLAN-3-1-Ro	nodX.fa	1121	1106	98.6619	5925.6066	6666	15	1.3381	0	0.0076	20	10	5	0.2000	20	10	pass_single_dominant
BLAN-4-1-No	nodX.fa	1121	1079	96.2533	10.0018	5	42	3.7467	0	0.5000	20	10	5	0.2000	20	10	pass_single_dominant
BLAN-4-1-Ro	nodX.fa	1121	1085	96.7886	11.0580	7	36	3.2114	2	0.5000	20	10	5	0.2000	20	10	pass_single_dominant
BONA-14-No	nodX.fa	1121	1102	98.3051	11.1534	11	19	1.6949	0	0.0909	20	10	5	0.2000	20	10	pass_single_dominant
BONA-2-Ro	nodX.fa	1121	1102	98.3051	10.7003	10	19	1.6949	0	0.1000	20	10	5	0.2000	20	10	pass_single_dominant
BONA-3-1-Rh	nodX.fa	1121	1104	98.4835	17.7752	19	17	1.5165	0	0.2500	20	10	5	0.2000	20	10	pass_single_dominant
CLBJ-1-1-No	nodX.fa	1121	1106	98.6619	7075.8555	7755	15	1.3381	0	0.0051	20	10	5	0.2000	20	10	pass_single_dominant
CLBJ-1-1-Ro	nodX.fa	1121	1095	97.6806	36.9857	38	26	2.3194	0	0.1587	20	10	5	0.2000	20	10	pass_single_dominant
CLBJ-36-1-No	nodX.fa	1121	1101	98.2159	261.0482	21	20	1.7841	0	0.0556	20	10	5	0.2000	20	10	pass_single_dominant
CLBJ-36-1-Rh	nodX.fa	1121	1101	98.2159	13.8983	14	20	1.7841	0	0.1250	20	10	5	0.2000	20	10	pass_single_dominant
CLBJ-36-1-Ro	nodX.fa	1121	1101	98.2159	358.4692	35	20	1.7841	0	0.0588	20	10	5	0.2000	20	10	pass_single_dominant
BLAN-3-1-No	nodX.fa	1121	1106	98.6619	7153.7288	7845	15	1.3381	11	0.4823	20	10	5	0.2000	20	10	pass_mixed_possible_multitemplate
CLBJ-37-1-Rh	nodX.fa	1121	1101	98.2159	15.6494	14	20	1.7841	0	0.0833	20	10	5	0.2000	20	10	pass_single_dominant
CLBJ-37-1-Ro	nodX.fa	1121	1104	98.4835	1894.5058	1675	17	1.5165	25	0.4862	20	10	5	0.2000	20	10	pass_mixed_possible_multitemplate
CLBJ-38-1-No	nodX.fa	1121	1104	98.4835	60.9474	27	17	1.5165	0	0.1795	20	10	5	0.2000	20	10	pass_single_dominant
CLBJ-38-1-Rh	nodX.fa	1121	1104	98.4835	51.1169	54	17	1.5165	0	0.0690	20	10	5	0.2000	20	10	pass_single_dominant
CLBJ-46-1-Ro	nodX.fa	1121	1097	97.8591	8.4407	8	24	2.1409	0	0.5000	20	10	5	0.2000	20	10	pass_single_dominant
CPER-3-1-Rh	nodX.fa	1121	1069	95.3613	13.6673	11	52	4.6387	0	0.2727	20	10	5	0.2000	20	10	pass_single_dominant
CPER-4-Rh	nodX.fa	1121	1080	96.3426	9.0723	6	41	3.6574	0	0.5000	20	10	5	0.2000	20	10	pass_single_dominant
CPER-5-1-Rh	nodX.fa	1121	1101	98.2159	8.3256	8	20	1.7841	0	0.3000	20	10	5	0.2000	20	10	pass_single_dominant
DCFS-1-2-No	nodX.fa	1121	1057	94.2908	1447.8822	1448	64	5.7092	0	0.0145	20	10	5	0.2000	20	10	pass_single_dominant
DCFS-6-1-No	nodX.fa	1121	1102	98.3051	17.4380	19	19	1.6949	7	0.4242	20	10	5	0.2000	20	10	pass_single_dominant
DEJU-31-No	nodX.fa	1121	1097	97.8591	12.0473	13	24	2.1409	0	0.3000	20	10	5	0.2000	20	10	pass_single_dominant
DEJU-34-No	nodX.fa	1121	1081	96.4318	8.5120	10	40	3.5682	0	0.0833	20	10	5	0.2000	20	10	pass_single_dominant
DEJU-35-Ro	nodX.fa	1121	1102	98.3051	10.7333	11	19	1.6949	0	0.2500	20	10	5	0.2000	20	10	pass_single_dominant
DEJU-44-No	nodX.fa	1121	1098	97.9483	16.0794	16	23	2.0517	0	0.1111	20	10	5	0.2000	20	10	pass_single_dominant
DEJU-56-Ro	nodX.fa	1121	1102	98.3051	31.3185	27	19	1.6949	8	0.5000	20	10	5	0.2000	20	10	pass_single_dominant
DEJU-57-Rh	nodX.fa	1121	1093	97.5022	8.5575	9	28	2.4978	0	0.5000	20	10	5	0.2000	20	10	pass_single_dominant
DEJU-57-Ro	nodX.fa	1121	1099	98.0375	9.3345	8	22	1.9625	0	0.2500	20	10	5	0.2000	20	10	pass_single_dominant
DEJU-9-1-Ro	nodX.fa	1121	1101	98.2159	10.9242	11	20	1.7841	0	0.2500	20	10	5	0.2000	20	10	pass_single_dominant
DELA-13-1-No	nodX.fa	1121	872	77.7877	717.2846	695	249	22.2123	1	0.2849	20	10	5	0.2000	20	10	fail_high_N
DELA-1-3-Rh	nodX.fa	1121	1102	98.3051	17.5772	18	19	1.6949	0	0.5000	20	10	5	0.2000	20	10	pass_single_dominant
DELA-15-1-No	nodX.fa	1121	999	89.1169	1523.0214	1657	122	10.8831	4	0.4435	20	10	5	0.2000	20	10	pass_single_dominant
DELA-15-1-Rh	nodX.fa	1121	1101	98.2159	9.0321	9	20	1.7841	0	0.3750	20	10	5	0.2000	20	10	pass_single_dominant
DELA-15-1-Ro	nodX.fa	1121	1008	89.9197	314.9447	243	113	10.0803	5	0.3802	20	10	5	0.2000	20	10	pass_single_dominant
DELA-16-No	nodX.fa	1121	1040	92.7743	8.8412	9	81	7.2257	0	0.4286	20	10	5	0.2000	20	10	pass_single_dominant
DELA-18-2-No	nodX.fa	1121	884	78.8582	503.4371	15	237	21.1418	6	0.5000	20	10	5	0.2000	20	10	fail_high_N
DELA-18-2-Rh	nodX.fa	1121	852	76.0036	912.9759	134	269	23.9964	3	0.3469	20	10	5	0.2000	20	10	fail_high_N
DELA-18-2-Ro	nodX.fa	1121	1034	92.2391	69.4246	34	87	7.7609	5	0.4118	20	10	5	0.2000	20	10	pass_single_dominant
DELA-20-1-No	nodX.fa	1121	1047	93.3988	129.7119	78	74	6.6012	4	0.3333	20	10	5	0.2000	20	10	pass_single_dominant
DELA-20-1-Rh	nodX.fa	1121	1103	98.3943	2184.4746	647	18	1.6057	1	0.2442	20	10	5	0.2000	20	10	pass_single_dominant
DELA-20-1-Ro	nodX.fa	1121	992	88.4924	721.3274	874	129	11.5076	3	0.3268	20	10	5	0.2000	20	10	pass_single_dominant
DELA-26-3-Ro	nodX.fa	1121	1101	98.2159	15.5986	18	20	1.7841	2	0.2692	20	10	5	0.2000	20	10	pass_single_dominant
DELA-7-3-No	nodX.fa	1121	1104	98.4835	9.3631	8	17	1.5165	0	0.3333	20	10	5	0.2000	20	10	pass_single_dominant
DSNY-25-1-Rh	nodX.fa	1121	1039	92.6851	11.5129	12	82	7.3149	4	0.5000	20	10	5	0.2000	20	10	pass_single_dominant
DSNY-52-1-No	nodX.fa	1121	1008	89.9197	24.3292	26	113	10.0803	25	0.5000	20	10	5	0.2000	20	10	pass_mixed_possible_multitemplate
DSNY-74-1-No	nodX.fa	1121	1103	98.3943	39.9126	42	18	1.6057	0	0.1667	20	10	5	0.2000	20	10	pass_single_dominant
DSNY-74-1-Ro	nodX.fa	1121	1043	93.0419	12.2712	4	78	6.9581	0	0.5000	20	10	5	0.2000	20	10	pass_single_dominant
DSNY-75-1-Ro	nodX.fa	1121	1062	94.7368	208.5986	201	59	5.2632	4	0.4220	20	10	5	0.2000	20	10	pass_single_dominant
DSNY-76-1-Rh	nodX.fa	1121	861	76.8064	44.5004	1	260	23.1936	8	0.4381	20	10	5	0.2000	20	10	fail_high_N
DSNY-79-1-Rh	nodX.fa	1121	1101	98.2159	11.4103	12	20	1.7841	0	0.2500	20	10	5	0.2000	20	10	pass_single_dominant
DSNY-81-1-No	nodX.fa	1121	1103	98.3943	29.0223	29	18	1.6057	0	0.0526	20	10	5	0.2000	20	10	pass_single_dominant
DSNY-83-3-Ro	nodX.fa	1121	1102	98.3051	57.5361	67	19	1.6949	0	0.0833	20	10	5	0.2000	20	10	pass_single_dominant
DSNY-85-1-Rh	nodX.fa	1121	1083	96.6102	8.2971	9	38	3.3898	0	0.5000	20	10	5	0.2000	20	10	pass_single_dominant
GRSM-1-No	nodX.fa	1121	1102	98.3051	7.8564	8	19	1.6949	0	0.5000	20	10	5	0.2000	20	10	pass_single_dominant
GUAN-8-No	nodX.fa	1121	1102	98.3051	10.7939	13	19	1.6949	0	0.5000	20	10	5	0.2000	20	10	pass_single_dominant
HEAL-9-1-Rh	nodX.fa	1121	1101	98.2159	25.8724	24	20	1.7841	0	0.0526	20	10	5	0.2000	20	10	pass_single_dominant
CLBJ-37-1-No	nodX.fa	1121	1107	98.7511	7470.1695	7926	14	1.2489	0	0.0709	20	10	5	0.2000	20	10	pass_single_dominant
JERC-134-3-Ro	nodX.fa	1121	1103	98.3943	11.5718	11	18	1.6057	0	0.5000	20	10	5	0.2000	20	10	pass_single_dominant
JERC-135-3-Rh	nodX.fa	1121	1101	98.2159	9.6806	10	20	1.7841	1	0.5000	20	10	5	0.2000	20	10	pass_single_dominant
JERC-151-Rh	nodX.fa	1121	1092	97.4130	14.3417	17	29	2.5870	0	0.1818	20	10	5	0.2000	20	10	pass_single_dominant
JERC-198-Ro	nodX.fa	1121	1099	98.0375	10.8046	9	22	1.9625	0	0.3333	20	10	5	0.2000	20	10	pass_single_dominant
JERC-25-1-Rh	nodX.fa	1121	1042	92.9527	9.0000	7	79	7.0473	0	0.0769	20	10	5	0.2000	20	10	pass_single_dominant
JERC-99-2-No	nodX.fa	1121	1101	98.2159	28.2792	29	20	1.7841	0	0.0741	20	10	5	0.2000	20	10	pass_single_dominant
JERC-CERE-67-1-No	nodX.fa	1121	1098	97.9483	13.6878	16	23	2.0517	3	0.5000	20	10	5	0.2000	20	10	pass_single_dominant
JERC-CLMA-83-1-No	nodX.fa	1121	1100	98.1267	8.3149	9	21	1.8733	0	0.5000	20	10	5	0.2000	20	10	pass_single_dominant
JERC-CLMA-83-1-Rh	nodX.fa	1121	1088	97.0562	8.2435	7	33	2.9438	0	0.5000	20	10	5	0.2000	20	10	pass_single_dominant
JERC-CRJU-86-1-No	nodX.fa	1121	1102	98.3051	14.7128	15	19	1.6949	0	0.3571	20	10	5	0.2000	20	10	pass_single_dominant
JERC-DEFL-61-3-No	nodX.fa	1121	1102	98.3051	37.3095	41	19	1.6949	0	0.0435	20	10	5	0.2000	20	10	pass_single_dominant
JERC-LEST-78-5-Rh	nodX.fa	1121	1069	95.3613	10.1615	11	52	4.6387	0	0.5000	20	10	5	0.2000	20	10	pass_single_dominant
JERC-LEVI-79-2-Ro	nodX.fa	1121	1019	90.9010	9.8216	12	102	9.0990	0	0.5000	20	10	5	0.2000	20	10	pass_single_dominant
JERC-RHRE-55-1-No	nodX.fa	1121	1061	94.6476	11.1481	9	60	5.3524	0	0.0769	20	10	5	0.2000	20	10	pass_single_dominant
KONZ-12-1-Ro	nodX.fa	1121	984	87.7788	8.8046	11	137	12.2212	0	0.5000	20	10	5	0.2000	20	10	pass_single_dominant
KONZ-9-2-No	nodX.fa	1121	1102	98.3051	37.0856	39	19	1.6949	0	0.0513	20	10	5	0.2000	20	10	pass_single_dominant
JERC-121-Rh	nodX.fa	1121	1107	98.7511	7470.1695	7926	14	1.2489	0	0.0709	20	10	5	0.2000	20	10	pass_single_dominant
N13-2-D-Rh	nodX.fa	1121	1100	98.1267	778.8189	53	21	1.8733	0	0.4286	20	10	5	0.2000	20	10	pass_single_dominant
N13-2-D-Ro	nodX.fa	1121	1106	98.6619	5901.4273	6689	15	1.3381	2	0.4495	20	10	5	0.2000	20	10	pass_single_dominant
N36-4-D-Ro	nodX.fa	1121	1088	97.0562	11.7440	12	33	2.9438	0	0.5000	20	10	5	0.2000	20	10	pass_single_dominant
N13-2-D-No	nodX.fa	1121	1106	98.6619	7034.8189	7796	15	1.3381	32	0.4800	20	10	5	0.2000	20	10	pass_mixed_possible_multitemplate
NOGP-2-1-No	nodX.fa	1121	1101	98.2159	8.6735	8	20	1.7841	0	0.4615	20	10	5	0.2000	20	10	pass_single_dominant
NOGP-3-2-Rh	nodX.fa	1121	1074	95.8073	7.1231	8	47	4.1927	0	0.5000	20	10	5	0.2000	20	10	pass_single_dominant
NOGP-7-2-Ro	nodX.fa	1121	1084	96.6994	10.5094	10	37	3.3006	0	0.4286	20	10	5	0.2000	20	10	pass_single_dominant
OAES-35-1-No	nodX.fa	1121	1101	98.2159	30.1650	30	20	1.7841	0	0.0625	20	10	5	0.2000	20	10	pass_single_dominant
OAES-35-1-Rh	nodX.fa	1121	1102	98.3051	2032.1293	3096	19	1.6949	0	0.1111	20	10	5	0.2000	20	10	pass_single_dominant
OAES-35-1-Ro	nodX.fa	1121	1101	98.2159	19.9286	19	20	1.7841	0	0.1053	20	10	5	0.2000	20	10	pass_single_dominant
ORNL-10-1-No	nodX.fa	1121	1100	98.1267	16.6450	17	21	1.8733	0	0.3333	20	10	5	0.2000	20	10	pass_single_dominant
ORNL-10-1-Rh	nodX.fa	1121	1101	98.2159	10.1873	10	20	1.7841	0	0.2500	20	10	5	0.2000	20	10	pass_single_dominant
ORNL-10-1-Ro	nodX.fa	1121	1101	98.2159	19.6146	23	20	1.7841	0	0.1250	20	10	5	0.2000	20	10	pass_single_dominant
ORNL-1-1-No	nodX.fa	1121	1102	98.3051	40.0027	41	19	1.6949	0	0.0750	20	10	5	0.2000	20	10	pass_single_dominant
ORNL-1-1-Rh	nodX.fa	1121	1057	94.2908	8.1017	9	64	5.7092	0	0.0000	20	10	5	0.2000	20	10	pass_single_dominant
ORNL-14-1-No	nodX.fa	1121	1101	98.2159	2241.5718	1705	20	1.7841	0	0.1019	20	10	5	0.2000	20	10	pass_single_dominant
ORNL-4-1-No	nodX.fa	1121	1108	98.8403	7176.8296	7854	13	1.1597	0	0.0249	20	10	5	0.2000	20	10	pass_single_dominant
ORNL-4-1-Rh	nodX.fa	1121	1030	91.8822	33.4550	33	91	8.1178	3	0.3585	20	10	5	0.2000	20	10	pass_single_dominant
ORNL-4-1-Ro	nodX.fa	1121	1104	98.4835	5351.9679	6062	17	1.5165	1	0.4049	20	10	5	0.2000	20	10	pass_single_dominant
ORNL-9-1-No	nodX.fa	1121	1102	98.3051	24.8385	25	19	1.6949	0	0.0588	20	10	5	0.2000	20	10	pass_single_dominant
ORNL-9-1-Rh	nodX.fa	1121	1102	98.3051	29.7529	30	19	1.6949	0	0.1250	20	10	5	0.2000	20	10	pass_single_dominant
OSBS-35-1-Rh	nodX.fa	1121	1103	98.3943	30.0999	28	18	1.6057	0	0.0400	20	10	5	0.2000	20	10	pass_single_dominant
OSBS-35-1-Ro	nodX.fa	1121	1101	98.2159	18.7574	19	20	1.7841	0	0.1667	20	10	5	0.2000	20	10	pass_single_dominant
OSBS-44-1-No	nodX.fa	1121	1103	98.3943	16.1035	17	18	1.6057	0	0.1111	20	10	5	0.2000	20	10	pass_single_dominant
OSBS-44-1-Rh	nodX.fa	1121	1102	98.3051	18.3961	18	19	1.6949	0	0.1429	20	10	5	0.2000	20	10	pass_single_dominant
OSBS-44-1-Ro	nodX.fa	1121	1104	98.4835	49.6896	55	17	1.5165	0	0.1250	20	10	5	0.2000	20	10	pass_single_dominant
OSBS-45-1-No	nodX.fa	1121	1101	98.2159	14.4567	15	20	1.7841	0	0.0833	20	10	5	0.2000	20	10	pass_single_dominant
OSBS-45-1-Rh	nodX.fa	1121	1101	98.2159	14.6851	16	20	1.7841	0	0.5000	20	10	5	0.2000	20	10	pass_single_dominant
OSBS-45-1-Ro	nodX.fa	1121	1101	98.2159	15.6726	18	20	1.7841	0	0.2000	20	10	5	0.2000	20	10	pass_single_dominant
OSBS-46-1-Rh	nodX.fa	1121	1095	97.6806	18.0687	18	26	2.3194	0	0.1250	20	10	5	0.2000	20	10	pass_single_dominant
OSBS-81-1-Rh	nodX.fa	1121	1073	95.7181	12.1829	11	48	4.2819	5	0.4545	20	10	5	0.2000	20	10	pass_single_dominant
OSBS-83-1-Ro	nodX.fa	1121	1076	95.9857	9.8475	11	45	4.0143	1	0.5000	20	10	5	0.2000	20	10	pass_single_dominant
SCBI-1-1-Rh	nodX.fa	1121	1084	96.6994	189.6039	214	37	3.3006	0	0.3333	20	10	5	0.2000	20	10	pass_single_dominant
SCBI-1-1-Ro	nodX.fa	1121	1100	98.1267	22.1258	5	21	1.8733	0	0.5000	20	10	5	0.2000	20	10	pass_single_dominant
SCBI-2-1-No	nodX.fa	1121	1102	98.3051	8.4880	8	19	1.6949	0	0.5000	20	10	5	0.2000	20	10	pass_single_dominant
SCBI-3-1-Rh	nodX.fa	1121	1070	95.4505	405.7047	6	51	4.5495	1	0.5000	20	10	5	0.2000	20	10	pass_single_dominant
NIWO-1-No	nodX.fa	1121	1106	98.6619	6912.3363	7454	15	1.3381	2	0.2510	20	10	5	0.2000	20	10	pass_single_dominant
SCBI-7-1-Ro	nodX.fa	1121	1102	98.3051	436.0214	397	19	1.6949	0	0.1472	20	10	5	0.2000	20	10	pass_single_dominant
SJER-4-1-Rh	nodX.fa	1121	1030	91.8822	229.2417	269	91	8.1178	1	0.3903	20	10	5	0.2000	20	10	pass_single_dominant
SJER-4-1-Ro	nodX.fa	1121	972	86.7083	8.3176	8	149	13.2917	0	0.4000	20	10	5	0.2000	20	10	pass_single_dominant
TALL-20-1-No	nodX.fa	1121	1093	97.5022	9.1293	8	28	2.4978	0	0.5000	20	10	5	0.2000	20	10	pass_single_dominant
TALL-44-1-No	nodX.fa	1121	1101	98.2159	9.5709	9	20	1.7841	4	0.5000	20	10	5	0.2000	20	10	pass_single_dominant
TALL-46-2-No	nodX.fa	1121	1102	98.3051	37.8635	39	19	1.6949	0	0.0952	20	10	5	0.2000	20	10	pass_single_dominant
SCBI-7-1-No	nodX.fa	1121	1104	98.4835	6683.2774	7381	17	1.5165	0	0.0483	20	10	5	0.2000	20	10	pass_single_dominant
TALL-48-2-Rh	nodX.fa	1121	904	80.6423	93.2052	30	217	19.3577	0	0.0588	20	10	5	0.2000	20	10	pass_single_dominant
TALL-52-1-No	nodX.fa	1121	1061	94.6476	8.6209	10	60	5.3524	0	0.1000	20	10	5	0.2000	20	10	pass_single_dominant
TALL-55-1-Ro	nodX.fa	1121	1104	98.4835	24.5870	23	17	1.5165	0	0.1034	20	10	5	0.2000	20	10	pass_single_dominant
TALL-70-1-Rh	nodX.fa	1121	1099	98.0375	11.0152	9	22	1.9625	3	0.5000	20	10	5	0.2000	20	10	pass_single_dominant
TOOL-16-Ro	nodX.fa	1121	1087	96.9670	9.6601	10	34	3.0330	0	0.5000	20	10	5	0.2000	20	10	pass_single_dominant
TOOL-18-Rh	nodX.fa	1121	1102	98.3051	14.3925	15	19	1.6949	0	0.5000	20	10	5	0.2000	20	10	pass_single_dominant
TOOL-22-Rh	nodX.fa	1121	1091	97.3238	12.1864	13	30	2.6762	0	0.1250	20	10	5	0.2000	20	10	pass_single_dominant
TOOL-31-No	nodX.fa	1121	1102	98.3051	12.4701	12	19	1.6949	0	0.4286	20	10	5	0.2000	20	10	pass_single_dominant
UNDE-3-1-No	nodX.fa	1121	1103	98.3943	27.8020	28	18	1.6057	0	0.0588	20	10	5	0.2000	20	10	pass_single_dominant
WOOD-10-1-Rh	nodX.fa	1121	1084	96.6994	9.2186	10	37	3.3006	0	0.4545	20	10	5	0.2000	20	10	pass_single_dominant
YELL-2-2-No	nodX.fa	1121	1104	98.4835	51.2855	54	17	1.5165	0	0.0333	20	10	5	0.2000	20	10	pass_single_dominant
TALL-48-2-No	nodX.fa	1121	1100	98.1267	6157.4639	6728	21	1.8733	0	0.0098	20	10	5	0.2000	20	10	pass_single_dominant
