sample_id	best_reference_id	best_reference_taxon	percent_identity	alignment_length	query_coverage_percent	reference_coverage_percent	evalue	bitscore
CLBJ-14-1-No|nifH|consensus50|strict_single_dominant	nifH|Mesorhizobium_sp._AaZ16|XIK06011.1	Mesorhizobium_sp._AaZ16	90.326	827	92.5056	NA	0.0	1081
CLBJ-16-2-No|nifH|consensus50|strict_single_dominant	nifH|Rhizobium_azibense|CAO4004957.1	Rhizobium_azibense	85.627	821	91.8345	NA	0.0	859
CLBJ-17-1-Rh|nifH|consensus50|strict_single_dominant	nifH|Microvirga_sp._RSM25|XKE00370.1	Microvirga_sp._RSM25	89.413	784	87.6957	NA	0.0	987
CLBJ-19-1-Rh|nifH|consensus50|strict_single_dominant	nifH|Microvirga_sp._RSM25|XKE00370.1	Microvirga_sp._RSM25	87.811	804	89.9329	NA	0.0	937
CLBJ-20-1-No|nifH|consensus50|strict_single_dominant	nifH|Neorhizobium_alkalisoli|ACF98259.1	Neorhizobium_alkalisoli	89.627	723	99.7241	NA	0.0	918
CLBJ-23-1-No|nifH|consensus50|strict_single_dominant	nifH|Neorhizobium_alkalisoli|ACF98259.1	Neorhizobium_alkalisoli	89.488	723	99.7241	NA	0.0	913
CLBJ-26-1-No|nifH|consensus50|strict_single_dominant	nifH|Sinorhizobium_prairiense|WEJ08560.1	Sinorhizobium_prairiense	91.941	819	91.6107	NA	0.0	1147
CLBJ-27-1-No|nifH|consensus50|strict_single_dominant	nifH|Sinorhizobium_prairiense|WEJ08560.1	Sinorhizobium_prairiense	91.697	819	91.6107	NA	0.0	1136
CLBJ-28-3-Rh|nifH|consensus50|strict_single_dominant	nifH|Microvirga_lotononidis|WQO30062.1	Microvirga_lotononidis	87.470	822	91.9463	NA	0.0	948
CLBJ-30-1-No|nifH|consensus50|strict_single_dominant	nifH|Bradyrhizobium_ottawaense|XZF72199.1	Bradyrhizobium_ottawaense	90.172	641	72.4294	NA	0.0	830
CLBJ-3-1-Rh|nifH|consensus50|strict_single_dominant	nifH|Mesorhizobium_sp._AaZ16|XIK06011.1	Mesorhizobium_sp._AaZ16	94.153	821	91.8345	NA	0.0	1247
CLBJ-32-1-Rh|nifH|consensus50|strict_single_dominant	nifH|Bradyrhizobium_ottawaense|XZF72199.1	Bradyrhizobium_ottawaense	88.743	835	94.3503	NA	0.0	1011
CLBJ-34-1-No|nifH|consensus50|strict_single_dominant	nifH|Mesorhizobium_sp._AaZ16|XIK06011.1	Mesorhizobium_sp._AaZ16	86.941	827	92.5056	NA	0.0	929
CLBJ-36-1-No|nifH|consensus50|strict_single_dominant	nifH|Microvirga_lotononidis|WQO30062.1	Microvirga_lotononidis	89.068	622	69.5749	NA	0.0	771
CLBJ-39-1-No|nifH|consensus50|strict_single_dominant	nifH|Mesorhizobium_sp._AaZ16|XIK06011.1	Mesorhizobium_sp._AaZ16	86.935	819	91.6107	NA	0.0	920
CLBJ-4-1-No|nifH|consensus50|strict_single_dominant	nifH|Ensifer_sp|QHB50514.1	Ensifer_sp	95.955	717	100	NA	0.0	1164
CLBJ-4-1-Ro|nifH|consensus50|strict_single_dominant	nifH|Ensifer_sp|QHB50514.1	Ensifer_sp	95.955	717	100	NA	0.0	1164
CLBJ-42-1-No|nifH|consensus50|strict_single_dominant	nifH|Mesorhizobium_sp._AaZ16|XIK06011.1	Mesorhizobium_sp._AaZ16	85.262	821	91.8345	NA	0.0	843
CLBJ-43-2-No|nifH|consensus50|strict_single_dominant	nifH|Bradyrhizobium_sp._SPXBL-03|XYL85905.1	Bradyrhizobium_sp._SPXBL-03	85.902	837	94.5763	NA	0.0	883
CLBJ-5-2-No|nifH|consensus50|strict_single_dominant	nifH|Mesorhizobium_sp._AaZ16|XIK06011.1	Mesorhizobium_sp._AaZ16	96.822	818	91.4989	NA	0.0	1363
CLBJ-7-1-No|nifH|consensus50|strict_single_dominant	nifH|Mesorhizobium_sp._AaZ16|XIK06011.1	Mesorhizobium_sp._AaZ16	91.209	819	91.6107	NA	0.0	1114
CPER-1-No|nifH|consensus50|strict_single_dominant	nifH|Mesorhizobium_sp._AaZ16|XIK06011.1	Mesorhizobium_sp._AaZ16	96.459	819	91.6107	NA	0.0	1352
CPER-3-1-No|nifH|consensus50|strict_single_dominant	nifH|Sinorhizobium_meliloti_(Rhizobium_meliloti)|XHY72514.1	Sinorhizobium_meliloti_(Rhizobium_meliloti)	96.247	826	92.3937	NA	0.0	1352
CPER-3-1-Rh|nifH|consensus50|strict_single_dominant	nifH|Sinorhizobium_meliloti_(Rhizobium_meliloti)|XHY72514.1	Sinorhizobium_meliloti_(Rhizobium_meliloti)	96.707	820	91.7226	NA	0.0	1363
CPER-4-No|nifH|consensus50|strict_single_dominant	nifH|Sinorhizobium_meliloti_(Rhizobium_meliloti)|XHY72514.1	Sinorhizobium_meliloti_(Rhizobium_meliloti)	96.368	826	92.3937	NA	0.0	1358
CPER-5-1-No|nifH|consensus50|strict_single_dominant	nifH|Sinorhizobium_meliloti_(Rhizobium_meliloti)|XHY72514.1	Sinorhizobium_meliloti_(Rhizobium_meliloti)	97.094	826	92.3937	NA	0.0	1391
CPER-5-1-Rh|nifH|consensus50|strict_single_dominant	nifH|Sinorhizobium_meliloti_(Rhizobium_meliloti)|XHY72514.1	Sinorhizobium_meliloti_(Rhizobium_meliloti)	96.610	826	92.3937	NA	0.0	1369
DCFS-2-2-No|nifH|consensus50|strict_single_dominant	nifH|Sinorhizobium_meliloti_(Rhizobium_meliloti)|XEM16083.1	Sinorhizobium_meliloti_(Rhizobium_meliloti)	97.927	820	91.7226	NA	0.0	1419
DCFS-2-2-Rh|nifH|consensus50|strict_single_dominant	nifH|Rhizobium_binae|XXB05130.1	Rhizobium_binae	90.830	807	90.2685	NA	0.0	1081
DCFS-2-2-Ro|nifH|consensus50|strict_single_dominant	nifH|Microvirga_lotononidis|WQO30062.1	Microvirga_lotononidis	89.259	810	90.604	NA	0.0	1014
DCFS-8-1-No|nifH|consensus50|strict_single_dominant	nifH|Sinorhizobium_meliloti_(Rhizobium_meliloti)|XHY72514.1	Sinorhizobium_meliloti_(Rhizobium_meliloti)	96.476	823	92.0582	NA	0.0	1358
DEJU-1-1-No|nifH|consensus50|strict_single_dominant	nifH|Mesorhizobium_sp._AaZ16|XIK06011.1	Mesorhizobium_sp._AaZ16	88.848	816	91.2752	NA	0.0	1003
DEJU-3-1-No|nifH|consensus50|strict_single_dominant	nifH|Mesorhizobium_sp._AaZ16|XIK06011.1	Mesorhizobium_sp._AaZ16	87.732	701	78.4116	NA	0.0	819
DEJU-37-No|nifH|consensus50|strict_single_dominant	nifH|Mesorhizobium_sp._AaZ16|XIK06011.1	Mesorhizobium_sp._AaZ16	87.845	798	89.2617	NA	0.0	937
DEJU-39-No|nifH|consensus50|strict_single_dominant	nifH|Mesorhizobium_sp._WSM4083|XXN81638.1	Mesorhizobium_sp._WSM4083	85.417	816	91.2752	NA	0.0	857
DEJU-40-No|nifH|consensus50|strict_single_dominant	nifH|Mesorhizobium_sp._WSM4083|XXN81638.1	Mesorhizobium_sp._WSM4083	84.063	822	91.9463	NA	0.0	822
DEJU-42-No|nifH|consensus50|strict_single_dominant	nifH|Mesorhizobium_sp._AaZ16|XIK06011.1	Mesorhizobium_sp._AaZ16	88.603	816	91.2752	NA	0.0	992
DEJU-43-No|nifH|consensus50|strict_single_dominant	nifH|Mesorhizobium_sp._AaZ16|XIK06011.1	Mesorhizobium_sp._AaZ16	88.122	623	69.6868	NA	0.0	741
DEJU-46-Ro|nifH|consensus50|strict_single_dominant	nifH|Mesorhizobium_sp._AaZ16|XIK06011.1	Mesorhizobium_sp._AaZ16	88.235	816	91.2752	NA	0.0	976
DEJU-54-No|nifH|consensus50|strict_single_dominant	nifH|Mesorhizobium_sp._AaZ16|XIK06011.1	Mesorhizobium_sp._AaZ16	84.587	824	92.17	NA	0.0	852
DEJU-58-Rh|nifH|consensus50|strict_single_dominant	nifH|Bradyrhizobium_sp._PUT101|XYX37671.1	Bradyrhizobium_sp._PUT101	89.498	657	74.2373	NA	0.0	828
DEJU-60-Rh|nifH|consensus50|strict_single_dominant	nifH|Sinorhizobium_meliloti_(Rhizobium_meliloti)|XEM16083.1	Sinorhizobium_meliloti_(Rhizobium_meliloti)	87.286	700	78.2998	NA	0.0	800
DEJU-62-1-No|nifH|consensus50|strict_single_dominant	nifH|Mesorhizobium_sp._AaZ16|XIK06011.1	Mesorhizobium_sp._AaZ16	89.744	819	91.6107	NA	0.0	1048
DEJU-8-1-Rh|nifH|consensus50|strict_single_dominant	nifH|Microvirga_sp._KLBC_81|PVE21514.1	Microvirga_sp._KLBC_81	85.135	814	91.0515	NA	0.0	874
DELA-12-2-Rh|nifH|consensus50|strict_single_dominant	nifH|Mesorhizobium_sp._AaZ16|XIK06011.1	Mesorhizobium_sp._AaZ16	93.705	699	78.1879	NA	0.0	1048
DELA-1-3-No|nifH|consensus50|strict_single_dominant	nifH|Rhizobium_binae|XXB05130.1	Rhizobium_binae	93.674	822	91.9463	NA	0.0	1230
DELA-1-3-Rh|nifH|consensus50|strict_single_dominant	nifH|Rhizobium_binae|XXB05130.1	Rhizobium_binae	93.584	826	92.3937	NA	0.0	1230
DELA-21-1-No|nifH|consensus50|strict_single_dominant	nifH|Bradyrhizobium_ottawaense|XZF72199.1	Bradyrhizobium_ottawaense	90.388	645	72.8814	NA	0.0	841
DELA-2-2-No|nifH|consensus50|strict_single_dominant	nifH|Mesorhizobium_sp._AaZ16|XIK06011.1	Mesorhizobium_sp._AaZ16	90.369	623	69.6868	NA	0.0	819
DELA-26-3-Ro|nifH|consensus50|strict_single_dominant	nifH|Mesorhizobium_sp._AaZ16|XIK06011.1	Mesorhizobium_sp._AaZ16	91.087	819	91.6107	NA	0.0	1109
DELA-27-3-No|nifH|consensus50|strict_single_dominant	nifH|Mesorhizobium_sp._AaZ16|XIK06011.1	Mesorhizobium_sp._AaZ16	90.998	822	91.9463	NA	0.0	1109
DELA-28-No|nifH|consensus50|strict_single_dominant	nifH|Rhizobium_binae|XXB05130.1	Rhizobium_binae	86.506	830	92.8412	NA	0.0	913
DELA-32-1-No|nifH|consensus50|strict_single_dominant	nifH|Mesorhizobium_sp._AaZ16|XIK06011.1	Mesorhizobium_sp._AaZ16	92.659	831	92.953	NA	0.0	1195
DELA-4-1-No|nifH|consensus50|strict_single_dominant	nifH|Bradyrhizobium_sp._PUT101|XYX37671.1	Bradyrhizobium_sp._PUT101	82.630	829	93.6723	NA	0.0	778
DELA-6-3-No|nifH|consensus50|strict_single_dominant	nifH|Bradyrhizobium_sp._BLXBL-03|XYL59930.1	Bradyrhizobium_sp._BLXBL-03	85.653	697	75.1888	NA	0.0	728
DELA-7-3-No|nifH|consensus50|strict_single_dominant	nifH|Mesorhizobium_caraganae|CAN7239890.1	Mesorhizobium_caraganae	86.375	822	91.9463	NA	0.0	898
DELA-8-2-Rh|nifH|consensus50|strict_single_dominant	nifH|Microvirga_sp._RSM25|XKE00370.1	Microvirga_sp._RSM25	88.109	698	78.0761	NA	0.0	839
DELA-9-1-No|nifH|consensus50|strict_single_dominant	nifH|Mesorhizobium_sp._AaZ16|XIK06011.1	Mesorhizobium_sp._AaZ16	89.186	823	92.0582	NA	0.0	1050
DSNY-101-1-No|nifH|consensus50|strict_single_dominant	nifH|Bradyrhizobium_sp._PMVTL-01|XYL30502.1	Bradyrhizobium_sp._PMVTL-01	85.560	831	93.8983	NA	0.0	917
DSNY-10-3-No|nifH|consensus50|strict_single_dominant	nifH|Mesorhizobium_sp._AaZ16|XIK06011.1	Mesorhizobium_sp._AaZ16	89.229	817	91.387	NA	0.0	1020
DSNY-10-3-Rh|nifH|consensus50|strict_single_dominant	nifH|Microvirga_sp._KLBC_81|PVE21514.1	Microvirga_sp._KLBC_81	89.962	797	89.1499	NA	0.0	1026
DSNY-15-1-Rh|nifH|consensus50|strict_single_dominant	nifH|Microvirga_lotononidis|WQO30062.1	Microvirga_lotononidis	90.511	822	91.9463	NA	0.0	1086
DSNY-2-1-Rh|nifH|consensus50|strict_single_dominant	nifH|Mesorhizobium_sp._AaZ16|XIK06011.1	Mesorhizobium_sp._AaZ16	92.892	816	91.2752	NA	0.0	1186
DSNY-28-1-Ro|nifH|consensus50|strict_single_dominant	nifH|Microvirga_lotononidis|WQO30062.1	Microvirga_lotononidis	88.321	822	91.9463	NA	0.0	987
DSNY-30-1-No|nifH|consensus50|strict_single_dominant	nifH|Microvirga_lotononidis|WQO30062.1	Microvirga_lotononidis	87.546	819	91.6107	NA	0.0	948
DSNY-31-1-No|nifH|consensus50|strict_single_dominant	nifH|Rhizobium_azibense|CAO4004957.1	Rhizobium_azibense	87.455	829	92.7293	NA	0.0	952
DSNY-44-1-No|nifH|consensus50|strict_single_dominant	nifH|Burkholderia_vietnamiensis|KVE58540.1	Burkholderia_vietnamiensis	84.930	856	97.0522	NA	0.0	907
DSNY-57-1-Rh|nifH|consensus50|strict_single_dominant	nifH|Mesorhizobium_sp._WSM4083|XXN81638.1	Mesorhizobium_sp._WSM4083	88.620	826	92.3937	NA	0.0	1003
DSNY-57-No|nifH|consensus50|strict_single_dominant	nifH|Bradyrhizobium_sp._PUT101|XYX37671.1	Bradyrhizobium_sp._PUT101	91.284	654	73.8983	NA	0.0	891
DSNY-61-4-Rh|nifH|consensus50|strict_single_dominant	nifH|Mesorhizobium_sp._AaZ16|XIK06011.1	Mesorhizobium_sp._AaZ16	88.645	819	91.6107	NA	0.0	998
DSNY-66-1-No|nifH|consensus50|strict_single_dominant	nifH|Mesorhizobium_sp._AaZ16|XIK06011.1	Mesorhizobium_sp._AaZ16	87.621	824	92.17	NA	0.0	953
DSNY-83-1-Rh|nifH|consensus50|strict_single_dominant	nifH|Bradyrhizobium_sp._PUT101|XYX37671.1	Bradyrhizobium_sp._PUT101	87.590	830	93.7853	NA	0.0	961
DSNY-83-2-Rh|nifH|consensus50|strict_single_dominant	nifH|Microvirga_lotononidis|WQO30062.1	Microvirga_lotononidis	84.812	823	92.0582	NA	0.0	872
DSNY-88-1-Rh|nifH|consensus50|strict_single_dominant	nifH|Microvirga_sp._RSM25|XKE00370.1	Microvirga_sp._RSM25	88.486	799	89.3736	NA	0.0	968
DSNY-90-No|nifH|consensus50|strict_single_dominant	nifH|Microvirga_lotononidis|WQO30062.1	Microvirga_lotononidis	87.879	627	70.1342	NA	0.0	737
DSNY-90-Rh|nifH|consensus50|strict_single_dominant	nifH|Microvirga_lotononidis|WQO30062.1	Microvirga_lotononidis	89.263	624	69.7987	NA	0.0	782
DSNY-92-1-Ro|nifH|consensus50|strict_single_dominant	nifH|Bradyrhizobium_sp._PUT101|XYX37671.1	Bradyrhizobium_sp._PUT101	89.193	657	74.2373	NA	0.0	817
DSNY-CLFR-60-Rh|nifH|consensus50|strict_single_dominant	nifH|Mesorhizobium_sp._AaZ16|XIK06011.1	Mesorhizobium_sp._AaZ16	87.623	816	91.2752	NA	0.0	983
DSNY-CRMA-35-1-No|nifH|consensus50|strict_single_dominant	nifH|Bradyrhizobium_sp._PUT101|XYX37671.1	Bradyrhizobium_sp._PUT101	84.940	830	93.7853	NA	0.0	841
DSNY-GARE-35-1-Rh|nifH|consensus50|strict_single_dominant	nifH|Bradyrhizobium_sp._PUT101|XYX37671.1	Bradyrhizobium_sp._PUT101	88.072	830	93.7853	NA	0.0	983
DSNY-SEHE-60-No|nifH|consensus50|strict_single_dominant	nifH|Rhizobium_binae|XXB05130.1	Rhizobium_binae	93.674	822	91.9463	NA	0.0	1230
GRSM-4-2-Ro|nifH|consensus50|strict_single_dominant	nifH|Sinorhizobium_meliloti_(Rhizobium_meliloti)|XEM16083.1	Sinorhizobium_meliloti_(Rhizobium_meliloti)	87.268	699	78.1879	NA	0.0	797
GUAN-2-Rh|nifH|consensus50|strict_single_dominant	nifH|Microvirga_lotononidis|WQO30062.1	Microvirga_lotononidis	87.912	819	91.6107	NA	0.0	965
GUAN-3-No|nifH|consensus50|strict_single_dominant	nifH|Bradyrhizobium_sp._PUT101|XYX37671.1	Bradyrhizobium_sp._PUT101	85.525	829	93.6723	NA	0.0	909
GUAN-4-No|nifH|consensus50|strict_single_dominant	nifH|Microvirga_sp._KLBC_81|PVE21514.1	Microvirga_sp._KLBC_81	86.044	824	92.17	NA	0.0	900
GUAN-5-No|nifH|consensus50|strict_single_dominant	nifH|Sinorhizobium_prairiense|WEJ08560.1	Sinorhizobium_prairiense	92.308	819	91.6107	NA	0.0	1164
GUAN-5-Rh|nifH|consensus50|strict_single_dominant	nifH|Bradyrhizobium_sp._PUT101|XYX37671.1	Bradyrhizobium_sp._PUT101	87.952	830	93.7853	NA	0.0	977
GUAN-7-1-Ro|nifH|consensus50|strict_single_dominant	nifH|Mesorhizobium_sp._WSM4083|XXN81638.1	Mesorhizobium_sp._WSM4083	91.186	624	69.7987	NA	0.0	848
GUAN-8-No|nifH|consensus50|strict_single_dominant	nifH|Microvirga_sp._KLBC_81|PVE21514.1	Microvirga_sp._KLBC_81	86.457	827	92.5056	NA	0.0	913
HARV-1-1-No|nifH|consensus50|strict_single_dominant	nifH|Rhizobium_azibense|CAO4004957.1	Rhizobium_azibense	87.393	817	91.387	NA	0.0	937
HARV-4-1-No|nifH|consensus50|strict_single_dominant	nifH|Mesorhizobium_sp._AaZ16|XIK06011.1	Mesorhizobium_sp._AaZ16	87.296	795	88.9262	NA	0.0	909
HEAL-2-1-Rh|nifH|consensus50|strict_single_dominant	nifH|Bradyrhizobium_sp._PUT101|XYX37671.1	Bradyrhizobium_sp._PUT101	89.787	656	74.1243	NA	0.0	839
JERC-10-3-No|nifH|consensus50|strict_single_dominant	nifH|Mesorhizobium_sp._AaZ16|XIK06011.1	Mesorhizobium_sp._AaZ16	91.266	790	88.3669	NA	0.0	1077
JERC-11-1-Rh|nifH|consensus50|strict_single_dominant	nifH|Mesorhizobium_sp._AaZ16|XIK06011.1	Mesorhizobium_sp._AaZ16	90.476	819	91.6107	NA	0.0	1081
JERC-122-Rh|nifH|consensus50|strict_single_dominant	nifH|Mesorhizobium_sp._AaZ16|XIK06011.1	Mesorhizobium_sp._AaZ16	90.476	819	91.6107	NA	0.0	1140
JERC-126-4-No|nifH|consensus50|strict_single_dominant	nifH|Mesorhizobium_sp._AaZ16|XIK06011.1	Mesorhizobium_sp._AaZ16	87.985	824	92.17	NA	0.0	970
JERC-127-2-No|nifH|consensus50|strict_single_dominant	nifH|Mesorhizobium_sp._AaZ16|XIK06011.1	Mesorhizobium_sp._AaZ16	87.621	824	92.17	NA	0.0	953
JERC-127-2-Ro|nifH|consensus50|strict_single_dominant	nifH|Mesorhizobium_sp._AaZ16|XIK06011.1	Mesorhizobium_sp._AaZ16	89.442	824	92.17	NA	0.0	1037
JERC-1-2-No|nifH|consensus50|strict_single_dominant	nifH|Mesorhizobium_sp._AaZ16|XIK06011.1	Mesorhizobium_sp._AaZ16	91.941	819	91.6107	NA	0.0	1147
JERC-131-No|nifH|consensus50|strict_single_dominant	nifH|Mesorhizobium_sp._AaZ16|XIK06011.1	Mesorhizobium_sp._AaZ16	91.697	819	91.6107	NA	0.0	1136
JERC-132-3-Rh|nifH|consensus50|strict_single_dominant	nifH|Bradyrhizobium_sp._PUT101|XYX37671.1	Bradyrhizobium_sp._PUT101	88.406	828	93.5593	NA	0.0	996
JERC-135-3-No|nifH|consensus50|strict_single_dominant	nifH|Sinorhizobium_meliloti_(Rhizobium_meliloti)|XEM16083.1	Sinorhizobium_meliloti_(Rhizobium_meliloti)	84.758	702	78.5235	NA	0.0	697
JERC-135-3-Rh|nifH|consensus50|strict_single_dominant	nifH|Microvirga_lotononidis|WQO30062.1	Microvirga_lotononidis	87.424	819	91.6107	NA	0.0	942
JERC-145-1-Rh|nifH|consensus50|strict_single_dominant	nifH|Microvirga_sp._KLBC_81|PVE21514.1	Microvirga_sp._KLBC_81	88.929	822	91.9463	NA	0.0	1014
JERC-14-5-Ro|nifH|consensus50|strict_single_dominant	nifH|Mesorhizobium_sp._AaZ16|XIK06011.1	Mesorhizobium_sp._AaZ16	93.125	800	89.4855	NA	0.0	1170
JERC-148-Ro|nifH|consensus50|strict_single_dominant	nifH|Sinorhizobium_meliloti_(Rhizobium_meliloti)|XEM16083.1	Sinorhizobium_meliloti_(Rhizobium_meliloti)	87.157	802	89.7092	NA	0.0	904
JERC-155-No|nifH|consensus50|strict_single_dominant	nifH|Mesorhizobium_sp._AaZ16|XIK06011.1	Mesorhizobium_sp._AaZ16	88.443	822	91.9463	NA	0.0	992
JERC-155-Rh|nifH|consensus50|strict_single_dominant	nifH|Bradyrhizobium_sp._PUT101|XYX37671.1	Bradyrhizobium_sp._PUT101	87.981	832	94.0113	NA	0.0	977
JERC-157-2-No|nifH|consensus50|strict_single_dominant	nifH|Bradyrhizobium_sp._SPXBL-03|XYL85905.1	Bradyrhizobium_sp._SPXBL-03	86.451	834	94.2373	NA	0.0	935
JERC-160-Rh|nifH|consensus50|strict_single_dominant	nifH|Mesorhizobium_sp._WSM4083|XXN81638.1	Mesorhizobium_sp._WSM4083	86.829	820	91.7226	NA	0.0	942
JERC-160-Ro|nifH|consensus50|strict_single_dominant	nifH|Neorhizobium_alkalisoli|ACF98259.1	Neorhizobium_alkalisoli	90.947	718	99.0345	NA	0.0	965
JERC-161-Rh|nifH|consensus50|strict_single_dominant	nifH|Mesorhizobium_sp._AaZ16|XIK06011.1	Mesorhizobium_sp._AaZ16	86.253	822	91.9463	NA	0.0	935
JERC-16-2-Ro|nifH|consensus50|strict_single_dominant	nifH|Mesorhizobium_sp._AaZ16|XIK06011.1	Mesorhizobium_sp._AaZ16	92.647	816	91.2752	NA	0.0	1175
JERC-169-Rh|nifH|consensus50|strict_single_dominant	nifH|Mesorhizobium_sp._AaZ16|XIK06011.1	Mesorhizobium_sp._AaZ16	87.912	819	91.6107	NA	0.0	965
JERC-170-No|nifH|consensus50|strict_single_dominant	nifH|Microvirga_lotononidis|WQO30062.1	Microvirga_lotononidis	86.032	630	70.4698	NA	0.0	671
JERC-170-Rh|nifH|consensus50|strict_single_dominant	nifH|Mesorhizobium_sp._WSM4083|XXN81638.1	Mesorhizobium_sp._WSM4083	90.379	634	70.9172	NA	0.0	832
JERC-172-2-Rh|nifH|consensus50|strict_single_dominant	nifH|Bradyrhizobium_sp._PUT101|XYX37671.1	Bradyrhizobium_sp._PUT101	88.327	831	93.8983	NA	0.0	994
JERC-172-2-Ro|nifH|consensus50|strict_single_dominant	nifH|Mesorhizobium_sp._AaZ16|XIK06011.1	Mesorhizobium_sp._AaZ16	84.531	821	91.8345	NA	0.0	832
JERC-177-Ro|nifH|consensus50|strict_single_dominant	nifH|Bradyrhizobium_sp._PUT101|XYX37671.1	Bradyrhizobium_sp._PUT101	88.582	832	94.0113	NA	0.0	1005
JERC-180-5-No|nifH|consensus50|strict_single_dominant	nifH|Mesorhizobium_sp._AaZ16|XIK06011.1	Mesorhizobium_sp._AaZ16	86.551	632	70.6935	NA	0.0	693
JERC-197-1-No|nifH|consensus50|strict_single_dominant	nifH|Mesorhizobium_sp._AaZ16|XIK06011.1	Mesorhizobium_sp._AaZ16	87.835	822	91.9463	NA	0.0	965
JERC-198-No|nifH|consensus50|strict_single_dominant	nifH|Mesorhizobium_sp._AaZ16|XIK06011.1	Mesorhizobium_sp._AaZ16	86.602	821	91.8345	NA	0.0	904
JERC-201-1-No|nifH|consensus50|strict_single_dominant	nifH|Mesorhizobium_sp._AaZ16|XIK06011.1	Mesorhizobium_sp._AaZ16	85.475	716	80.0895	NA	0.0	747
JERC-203-1-No|nifH|consensus50|strict_single_dominant	nifH|Mesorhizobium_sp._AaZ16|XIK06011.1	Mesorhizobium_sp._AaZ16	86.061	825	92.2819	NA	0.0	885
JERC-203-1-Rh|nifH|consensus50|strict_single_dominant	nifH|Burkholderia_vietnamiensis|KVE58540.1	Burkholderia_vietnamiensis	86.108	835	94.6712	NA	0.0	917
JERC-204-1-No|nifH|consensus50|strict_single_dominant	nifH|Bradyrhizobium_sp._PUT101|XYX37671.1	Bradyrhizobium_sp._PUT101	88.554	830	93.7853	NA	0.0	1005
JERC-2-1-No|nifH|consensus50|strict_single_dominant	nifH|Rhizobium_leguminosarum|XKQ44608.1	Rhizobium_leguminosarum	92.092	822	91.9463	NA	0.0	1153
JERC-23-1-Ro|nifH|consensus50|strict_single_dominant	nifH|Mesorhizobium_sp._AaZ16|XIK06011.1	Mesorhizobium_sp._AaZ16	91.331	819	91.6107	NA	0.0	1120
JERC-34-4-No|nifH|consensus50|strict_single_dominant	nifH|Mesorhizobium_sp._AaZ16|XIK06011.1	Mesorhizobium_sp._AaZ16	93.382	816	91.2752	NA	0.0	1208
JERC-37-2-No|nifH|consensus50|strict_single_dominant	nifH|Sinorhizobium_fredii_(Rhizobium_fredii)|XRN48363.1	Sinorhizobium_fredii_(Rhizobium_fredii)	86.432	796	89.3378	NA	0.0	870
JERC-37-2-Ro|nifH|consensus50|strict_single_dominant	nifH|Rhizobium_binae|XXB05130.1	Rhizobium_binae	87.015	824	92.17	NA	0.0	926
JERC-39-5-No|nifH|consensus50|strict_single_dominant	nifH|Bradyrhizobium_sp._SPXBL-03|XYL85905.1	Bradyrhizobium_sp._SPXBL-03	86.068	646	72.9944	NA	0.0	695
JERC-4-1-No|nifH|consensus50|strict_single_dominant	nifH|Rhizobium_ruizarguesonis|XIE09844.1	Rhizobium_ruizarguesonis	93.275	803	89.821	NA	0.0	1179
JERC-43-1-No|nifH|consensus50|strict_single_dominant	nifH|Rhizobium_sp._YTUHZ044|XXA98993.1	Rhizobium_sp._YTUHZ044	85.749	828	92.6174	NA	0.0	874
JERC-45-5-No|nifH|consensus50|strict_single_dominant	nifH|Rhizobium_binae|XXB05130.1	Rhizobium_binae	86.482	614	68.6801	NA	0.0	671
JERC-48-3-No|nifH|consensus50|strict_single_dominant	nifH|Bradyrhizobium_sp._PUT101|XYX37671.1	Bradyrhizobium_sp._PUT101	85.319	831	93.8983	NA	0.0	859
JERC-49-2-Ro|nifH|consensus50|strict_single_dominant	nifH|Mesorhizobium_sp._AaZ16|XIK06011.1	Mesorhizobium_sp._AaZ16	84.830	824	92.17	NA	0.0	857
JERC-50-5-No|nifH|consensus50|strict_single_dominant	nifH|Bradyrhizobium_sp._PUT101|XYX37671.1	Bradyrhizobium_sp._PUT101	84.783	828	93.5593	NA	0.0	832
JERC-6-3-No|nifH|consensus50|strict_single_dominant	nifH|Rhizobium_ruizarguesonis|XIE09844.1	Rhizobium_ruizarguesonis	91.217	797	89.1499	NA	0.0	1079
JERC-8-2-No|nifH|consensus50|strict_single_dominant	nifH|Mesorhizobium_sp._AaZ16|XIK06011.1	Mesorhizobium_sp._AaZ16	92.279	803	89.821	NA	0.0	1136
JERC-88-1-Rh|nifH|consensus50|strict_single_dominant	nifH|Mesorhizobium_sp._AaZ16|XIK06011.1	Mesorhizobium_sp._AaZ16	90.459	828	92.6174	NA	0.0	1092
JERC-89-1-Ro|nifH|consensus50|strict_single_dominant	nifH|Mesorhizobium_sp._WSM4083|XXN81638.1	Mesorhizobium_sp._WSM4083	88.317	796	89.038	NA	0.0	953
JERC-91-1-Rh|nifH|consensus50|strict_single_dominant	nifH|Microvirga_lotononidis|WQO30062.1	Microvirga_lotononidis	86.288	722	80.7606	NA	0.0	808
JERC-94-1-No|nifH|consensus50|strict_single_dominant	nifH|Neorhizobium_galegae|AIY31028.1	Neorhizobium_galegae	97.086	755	99.3421	NA	0.0	1271
JERC-96-2-No|nifH|consensus50|strict_single_dominant	nifH|Mesorhizobium_caraganae|CAN7239890.1	Mesorhizobium_caraganae	84.848	825	92.2819	NA	0.0	830
JERC-98-1-Rh|nifH|consensus50|strict_single_dominant	nifH|Mesorhizobium_sp._AaZ16|XIK06011.1	Mesorhizobium_sp._AaZ16	88.034	819	91.6107	NA	0.0	1005
JERC-98-3-No|nifH|consensus50|strict_single_dominant	nifH|Mesorhizobium_sp._RIZ17|XXB69634.1	Mesorhizobium_sp._RIZ17	86.047	817	91.387	NA	0.0	876
JERC-99-1-Rh|nifH|consensus50|strict_single_dominant	nifH|Mesorhizobium_sp._AaZ16|XIK06011.1	Mesorhizobium_sp._AaZ16	86.447	819	91.6107	NA	0.0	944
JERC-99-1-Ro|nifH|consensus50|strict_single_dominant	nifH|Microvirga_sp._KLBC_81|PVE21514.1	Microvirga_sp._KLBC_81	92.430	819	91.6107	NA	0.0	1170
JERC-99-3-No|nifH|consensus50|strict_single_dominant	nifH|Mesorhizobium_sp._AaZ16|XIK06011.1	Mesorhizobium_sp._AaZ16	85.871	821	91.8345	NA	0.0	894
JERC-AMFR-56-1-No|nifH|consensus50|strict_single_dominant	nifH|Mesorhizobium_sp._AaZ16|XIK06011.1	Mesorhizobium_sp._AaZ16	92.944	822	91.9463	NA	0.0	1197
JERC-AMFU-71-1-No|nifH|consensus50|strict_single_dominant	nifH|Mesorhizobium_sp._AaZ16|XIK06011.1	Mesorhizobium_sp._AaZ16	92.822	822	91.9463	NA	0.0	1192
JERC-CEVI-57-2-No|nifH|consensus50|strict_single_dominant	nifH|Rhizobium_binae|XXB05130.1	Rhizobium_binae	85.437	824	92.17	NA	0.0	854
JERC-CHNI-60-3-No|nifH|consensus50|strict_single_dominant	nifH|Rhizobium_binae|XXB05130.1	Rhizobium_binae	86.408	824	92.17	NA	0.0	898
JERC-CLMA-73-2-Rh|nifH|consensus50|strict_single_dominant	nifH|Bradyrhizobium_sp._PUT101|XYX37671.1	Bradyrhizobium_sp._PUT101	89.325	637	71.9774	NA	0.0	800
JERC-CLMA-73-2-Ro|nifH|consensus50|strict_single_dominant	nifH|Bradyrhizobium_sp._PUT101|XYX37671.1	Bradyrhizobium_sp._PUT101	88.058	829	93.6723	NA	0.0	1011
JERC-CRJU-86-1-No|nifH|consensus50|strict_single_dominant	nifH|Microvirga_sp._RSM25|XKE00370.1	Microvirga_sp._RSM25	87.026	817	91.387	NA	0.0	920
JERC-CRJU-86-1-Ro|nifH|consensus50|strict_single_dominant	nifH|Mesorhizobium_sp._AaZ16|XIK06011.1	Mesorhizobium_sp._AaZ16	90.074	806	90.1566	NA	0.0	1061
JERC-DEFL-31-5-No|nifH|consensus50|strict_single_dominant	nifH|Rhizobium_binae|XXB05130.1	Rhizobium_binae	86.236	821	91.8345	NA	0.0	887
JERC-DEFL-75-3-No|nifH|consensus50|strict_single_dominant	nifH|Bradyrhizobium_sp._PUT101|XYX37671.1	Bradyrhizobium_sp._PUT101	86.050	638	72.0904	NA	0.0	682
JERC-RHDI-59-3-No|nifH|consensus50|strict_single_dominant	nifH|Microvirga_sp._RSM25|XKE00370.1	Microvirga_sp._RSM25	82.909	825	92.2819	NA	0.0	771
JORN-1-No|nifH|consensus50|strict_single_dominant	nifH|Mesorhizobium_sp._AaZ16|XIK06011.1	Mesorhizobium_sp._AaZ16	97.314	819	91.6107	NA	0.0	1391
KONA-1-1-No|nifH|consensus50|strict_single_dominant	nifH|Mesorhizobium_sp._AaZ16|XIK06011.1	Mesorhizobium_sp._AaZ16	86.480	821	91.8345	NA	0.0	898
KONZ-11-1-Rh|nifH|consensus50|strict_single_dominant	nifH|Bradyrhizobium_sp._PUT101|XYX37671.1	Bradyrhizobium_sp._PUT101	89.277	830	93.7853	NA	0.0	1038
KONZ-12-1-No|nifH|consensus50|strict_single_dominant	nifH|Rhizobium_azibense|CAO4004957.1	Rhizobium_azibense	97.087	824	92.17	NA	0.0	1387
KONZ-2-1-No|nifH|consensus50|strict_single_dominant	nifH|Rhizobium_azibense|CAO4004957.1	Rhizobium_azibense	87.408	818	91.4989	NA	0.0	937
KONZ-6-1-No|nifH|consensus50|strict_single_dominant	nifH|Rhizobium_azibense|CAO4004957.1	Rhizobium_azibense	97.924	819	91.6107	NA	0.0	1419
KONZ-6-1-Rh|nifH|consensus50|strict_single_dominant	nifH|Microvirga_sp._KLBC_81|PVE21514.1	Microvirga_sp._KLBC_81	88.200	822	91.9463	NA	0.0	981
KONZ-9-2-No|nifH|consensus50|strict_single_dominant	nifH|Rhizobium_azibense|CAO4004957.1	Rhizobium_azibense	88.107	824	92.17	NA	0.0	976
LAJA-1-1-No|nifH|consensus50|strict_single_dominant	nifH|Burkholderia_ubonensis|TPQ46028.1	Burkholderia_ubonensis	86.714	843	95.5782	NA	0.0	935
LAJA-15-1-No|nifH|consensus50|strict_single_dominant	nifH|Bradyrhizobium_sp._SPXBL-02|XYL93550.1	Bradyrhizobium_sp._SPXBL-02	87.575	837	94.5763	NA	0.0	974
LAJA-16-2-Rh|nifH|consensus50|strict_single_dominant	nifH|Microvirga_sp._KLBC_81|PVE21514.1	Microvirga_sp._KLBC_81	85.593	826	92.3937	NA	0.0	907
LAJA-2-1-Ro|nifH|consensus50|strict_single_dominant	nifH|Burkholderia_vietnamiensis|AOJ17135.1	Burkholderia_vietnamiensis	84.479	844	95.6916	NA	0.0	874
LAJA-22-2-No|nifH|consensus50|strict_single_dominant	nifH|Rhizobium_azibense|CAO4004957.1	Rhizobium_azibense	92.918	819	91.6107	NA	0.0	1192
LAJA-3-1-No|nifH|consensus50|strict_single_dominant	nifH|Microvirga_lotononidis|WQO30062.1	Microvirga_lotononidis	85.629	835	93.4004	NA	0.0	869
LAJA-4-1-Rh|nifH|consensus50|strict_single_dominant	nifH|Mesorhizobium_sp._WSM4083|XXN81638.1	Mesorhizobium_sp._WSM4083	84.140	826	92.3937	NA	0.0	845
LAJA-6-1-Rh|nifH|consensus50|strict_single_dominant	nifH|Microvirga_sp._RSM25|XKE00370.1	Microvirga_sp._RSM25	92.336	822	91.9463	NA	0.0	1170
LENO-10-2-No|nifH|consensus50|strict_single_dominant	nifH|Mesorhizobium_sp._WSM4083|XXN81638.1	Mesorhizobium_sp._WSM4083	86.558	796	89.038	NA	0.0	876
LENO-10-2-Ro|nifH|consensus50|strict_single_dominant	nifH|Mesorhizobium_sp._AaZ16|XIK06011.1	Mesorhizobium_sp._AaZ16	93.040	819	91.6107	NA	0.0	1197
LENO-1-1-No|nifH|consensus50|strict_single_dominant	nifH|Mesorhizobium_sp._WSM4083|XXN81638.1	Mesorhizobium_sp._WSM4083	88.801	634	70.9172	NA	0.0	774
LENO-1-1-Rh|nifH|consensus50|strict_single_dominant	nifH|Bradyrhizobium_sp._PUT101|XYX37671.1	Bradyrhizobium_sp._PUT101	90.549	656	74.1243	NA	0.0	867
LENO-13-2-No|nifH|consensus50|strict_single_dominant	nifH|Mesorhizobium_sp._WSM4083|XXN81638.1	Mesorhizobium_sp._WSM4083	86.408	824	92.17	NA	0.0	898
LENO-2-1-Ro|nifH|consensus50|strict_single_dominant	nifH|Bradyrhizobium_sp._PUT101|XYX37671.1	Bradyrhizobium_sp._PUT101	88.025	810	91.5254	NA	0.0	957
LENO-4-3-No|nifH|consensus50|strict_single_dominant	nifH|Bradyrhizobium_ottawaense|XZF72199.1	Bradyrhizobium_ottawaense	84.356	831	93.8983	NA	0.0	854
LENO-5-2-No|nifH|consensus50|strict_single_dominant	nifH|Mesorhizobium_sp._AaZ16|XIK06011.1	Mesorhizobium_sp._AaZ16	92.918	819	91.6107	NA	0.0	1192
LENO-6-1-No|nifH|consensus50|strict_single_dominant	nifH|Mesorhizobium_sp._RIZ17|XXB69634.1	Mesorhizobium_sp._RIZ17	85.558	824	92.17	NA	0.0	863
LENO-7-2-No|nifH|consensus50|strict_single_dominant	nifH|Mesorhizobium_sp._AaZ16|XIK06011.1	Mesorhizobium_sp._AaZ16	92.701	822	91.9463	NA	0.0	1186
LENO-8-3-No|nifH|consensus50|strict_single_dominant	nifH|Bradyrhizobium_ottawaense|XZF72199.1	Bradyrhizobium_ottawaense	89.875	642	72.5424	NA	0.0	819
LENO-9-2-No|nifH|consensus50|strict_single_dominant	nifH|Mesorhizobium_sp._AaZ16|XIK06011.1	Mesorhizobium_sp._AaZ16	92.918	819	91.6107	NA	0.0	1192
LENO-9-2-Rh|nifH|consensus50|strict_single_dominant	nifH|Mesorhizobium_sp._AaZ16|XIK06011.1	Mesorhizobium_sp._AaZ16	92.927	820	91.7226	NA	0.0	1192
MLBS-1-1-No|nifH|consensus50|strict_single_dominant	nifH|Microvirga_sp._KLBC_81|PVE21514.1	Microvirga_sp._KLBC_81	87.820	821	91.8345	NA	0.0	959
N35-4-D-No|nifH|consensus50|strict_single_dominant	nifH|Rhizobium_binae|XXB05130.1	Rhizobium_binae	93.803	823	92.0582	NA	0.0	1236
N35-4-D-Ro|nifH|consensus50|strict_single_dominant	nifH|Rhizobium_binae|XXB05130.1	Rhizobium_binae	93.985	798	89.2617	NA	0.0	1208
N38-2-D-No|nifH|consensus50|strict_single_dominant	nifH|Bradyrhizobium_sp._PUT101|XYX37671.1	Bradyrhizobium_sp._PUT101	87.139	832	94.0113	NA	0.0	1003
N38-2-D-Rh|nifH|consensus50|strict_single_dominant	nifH|Microvirga_lotononidis|WQO30062.1	Microvirga_lotononidis	87.439	820	91.7226	NA	0.0	963
N38-2-D-Ro|nifH|consensus50|strict_single_dominant	nifH|Bradyrhizobium_sp._PUT101|XYX37671.1	Bradyrhizobium_sp._PUT101	88.715	833	94.1243	NA	0.0	1011
N39-2-D-No|nifH|consensus50|strict_single_dominant	nifH|Bradyrhizobium_ottawaense|XZF72199.1	Bradyrhizobium_ottawaense	83.673	833	94.1243	NA	0.0	830
NIWO-1-No|nifH|consensus50|strict_single_dominant	nifH|Rhizobium_leguminosarum|BEJ25671.1	Rhizobium_leguminosarum	90.061	825	92.9054	NA	0.0	1068
NOGP-1-1-No|nifH|consensus50|strict_single_dominant	nifH|Ensifer_canadensis|UBI79453.1	Ensifer_canadensis	96.829	820	91.7226	NA	0.0	1369
NOGP-2-1-No|nifH|consensus50|strict_single_dominant	nifH|Sinorhizobium_meliloti_(Rhizobium_meliloti)|XHY72514.1	Sinorhizobium_meliloti_(Rhizobium_meliloti)	95.504	823	92.0582	NA	0.0	1314
NOGP-2-1-Ro|nifH|consensus50|strict_single_dominant	nifH|Sinorhizobium_meliloti_(Rhizobium_meliloti)|XHY72514.1	Sinorhizobium_meliloti_(Rhizobium_meliloti)	96.476	823	92.0582	NA	0.0	1376
NOGP-3-2-No|nifH|consensus50|strict_single_dominant	nifH|Sinorhizobium_meliloti_(Rhizobium_meliloti)|XHY72514.1	Sinorhizobium_meliloti_(Rhizobium_meliloti)	96.598	823	92.0582	NA	0.0	1363
NOGP-3-2-Ro|nifH|consensus50|strict_single_dominant	nifH|Sinorhizobium_meliloti_(Rhizobium_meliloti)|XHY72514.1	Sinorhizobium_meliloti_(Rhizobium_meliloti)	96.233	823	92.0582	NA	0.0	1347
NOGP-4-1-Ro|nifH|consensus50|strict_single_dominant	nifH|Sinorhizobium_meliloti_(Rhizobium_meliloti)|XHY72514.1	Sinorhizobium_meliloti_(Rhizobium_meliloti)	96.368	826	92.3937	NA	0.0	1376
NOGP-5-2-Ro|nifH|consensus50|strict_single_dominant	nifH|Sinorhizobium_meliloti_(Rhizobium_meliloti)|XEM16083.1	Sinorhizobium_meliloti_(Rhizobium_meliloti)	97.878	801	89.5973	NA	0.0	1386
NOGP-6-3-Ro|nifH|consensus50|strict_single_dominant	nifH|Sinorhizobium_meliloti_(Rhizobium_meliloti)|XHY72514.1	Sinorhizobium_meliloti_(Rhizobium_meliloti)	96.585	820	91.7226	NA	0.0	1358
OAES-10-1-No|nifH|consensus50|strict_single_dominant	nifH|Mesorhizobium_sp._AaZ16|XIK06011.1	Mesorhizobium_sp._AaZ16	94.994	819	91.6107	NA	0.0	1286
OAES-10-1-Ro|nifH|consensus50|strict_single_dominant	nifH|Mesorhizobium_sp._AaZ16|XIK06011.1	Mesorhizobium_sp._AaZ16	94.621	818	91.4989	NA	0.0	1267
OAES-11-1-No|nifH|consensus50|strict_single_dominant	nifH|Mesorhizobium_sp._AaZ16|XIK06011.1	Mesorhizobium_sp._AaZ16	96.955	821	91.8345	NA	0.0	1375
OAES-1-1-No|nifH|consensus50|strict_single_dominant	nifH|Neorhizobium_alkalisoli|ACF98259.1	Neorhizobium_alkalisoli	96.676	722	99.5862	NA	0.0	1201
OAES-12-2-No|nifH|consensus50|strict_single_dominant	nifH|Mesorhizobium_sp._AaZ16|XIK06011.1	Mesorhizobium_sp._AaZ16	96.476	823	92.0582	NA	0.0	1360
OAES-12-2-Ro|nifH|consensus50|strict_single_dominant	nifH|Mesorhizobium_sp._AaZ16|XIK06011.1	Mesorhizobium_sp._AaZ16	96.833	821	91.8345	NA	0.0	1369
OAES-14-1-No|nifH|consensus50|strict_single_dominant	nifH|Sinorhizobium_meliloti_(Rhizobium_meliloti)|XHY72514.1	Sinorhizobium_meliloti_(Rhizobium_meliloti)	99.493	789	88.255	NA	0.0	1435
OAES-15-No|nifH|consensus50|strict_single_dominant	nifH|Mesorhizobium_sp._AaZ16|XIK06011.1	Mesorhizobium_sp._AaZ16	95.116	819	91.6107	NA	0.0	1291
OAES-15-Rh|nifH|consensus50|strict_single_dominant	nifH|Sinorhizobium_meliloti_(Rhizobium_meliloti)|XEM16083.1	Sinorhizobium_meliloti_(Rhizobium_meliloti)	91.299	793	88.7025	NA	0.0	1081
OAES-15-Ro|nifH|consensus50|strict_single_dominant	nifH|Mesorhizobium_sp._AaZ16|XIK06011.1	Mesorhizobium_sp._AaZ16	95.116	819	91.6107	NA	0.0	1291
OAES-16-1-No|nifH|consensus50|strict_single_dominant	nifH|Neorhizobium_alkalisoli|ACF98259.1	Neorhizobium_alkalisoli	96.953	722	99.5862	NA	0.0	1212
OAES-16-1-Rh|nifH|consensus50|strict_single_dominant	nifH|Neorhizobium_alkalisoli|ACF98259.1	Neorhizobium_alkalisoli	96.122	722	99.5862	NA	0.0	1179
OAES-16-1-Ro|nifH|consensus50|strict_single_dominant	nifH|Mesorhizobium_sp._AaZ16|XIK06011.1	Mesorhizobium_sp._AaZ16	96.064	813	90.9396	NA	0.0	1325
OAES-17-No|nifH|consensus50|strict_single_dominant	nifH|Mesorhizobium_sp._AaZ16|XIK06011.1	Mesorhizobium_sp._AaZ16	97.181	816	91.2752	NA	0.0	1380
OAES-17-Ro|nifH|consensus50|strict_single_dominant	nifH|Mesorhizobium_sp._AaZ16|XIK06011.1	Mesorhizobium_sp._AaZ16	97.742	797	89.1499	NA	0.0	1373
OAES-20-Rh|nifH|consensus50|strict_single_dominant	nifH|Mesorhizobium_sp._AaZ16|XIK06011.1	Mesorhizobium_sp._AaZ16	93.852	797	89.1499	NA	0.0	1197
OAES-21-3-No|nifH|consensus50|strict_single_dominant	nifH|Mesorhizobium_sp._AaZ16|XIK06011.1	Mesorhizobium_sp._AaZ16	93.431	822	91.9463	NA	0.0	1219
OAES-21-3-Rh|nifH|consensus50|strict_single_dominant	nifH|Mesorhizobium_sp._AaZ16|XIK06011.1	Mesorhizobium_sp._AaZ16	91.195	795	88.9262	NA	0.0	1077
OAES-2-1-No|nifH|consensus50|strict_single_dominant	nifH|Sinorhizobium_meliloti_(Rhizobium_meliloti)|XHY72514.1	Sinorhizobium_meliloti_(Rhizobium_meliloti)	98.365	795	88.9262	NA	0.0	1399
OAES-2-1-Ro|nifH|consensus50|strict_single_dominant	nifH|Sinorhizobium_meliloti_(Rhizobium_meliloti)|XHY72514.1	Sinorhizobium_meliloti_(Rhizobium_meliloti)	96.959	822	91.9463	NA	0.0	1378
OAES-22-1-No|nifH|consensus50|strict_single_dominant	nifH|Sinorhizobium_meliloti_(Rhizobium_meliloti)|XEM16083.1	Sinorhizobium_meliloti_(Rhizobium_meliloti)	98.164	817	91.387	NA	0.0	1424
OAES-23-1-No|nifH|consensus50|strict_single_dominant	nifH|Mesorhizobium_sp._AaZ16|XIK06011.1	Mesorhizobium_sp._AaZ16	96.955	821	91.8345	NA	0.0	1375
OAES-23-1-Ro|nifH|consensus50|strict_single_dominant	nifH|Mesorhizobium_sp._AaZ16|XIK06011.1	Mesorhizobium_sp._AaZ16	95.355	818	91.4989	NA	0.0	1297
OAES-25-1-No|nifH|consensus50|strict_single_dominant	nifH|Neorhizobium_alkalisoli|ACF98259.1	Neorhizobium_alkalisoli	96.814	722	99.5862	NA	0.0	1206
OAES-26-1-No|nifH|consensus50|strict_single_dominant	nifH|Mesorhizobium_sp._AaZ16|XIK06011.1	Mesorhizobium_sp._AaZ16	95.221	816	91.2752	NA	0.0	1291
OAES-26-1-Ro|nifH|consensus50|strict_single_dominant	nifH|Mesorhizobium_sp._AaZ16|XIK06011.1	Mesorhizobium_sp._AaZ16	95.828	791	88.4787	NA	0.0	1279
OAES-27-2-No|nifH|consensus50|strict_single_dominant	nifH|Mesorhizobium_sp._AaZ16|XIK06011.1	Mesorhizobium_sp._AaZ16	95.360	819	91.6107	NA	0.0	1303
OAES-28-1-No|nifH|consensus50|strict_single_dominant	nifH|Mesorhizobium_sp._AaZ16|XIK06011.1	Mesorhizobium_sp._AaZ16	96.845	824	92.17	NA	0.0	1375
OAES-29-1-No|nifH|consensus50|strict_single_dominant	nifH|Mesorhizobium_sp._AaZ16|XIK06011.1	Mesorhizobium_sp._AaZ16	97.365	797	89.1499	NA	0.0	1352
OAES-29-1-Ro|nifH|consensus50|strict_single_dominant	nifH|Microvirga_vignae|KLK90290.1	Microvirga_vignae	92.491	799	89.3736	NA	0.0	1142
OAES-30-2-No|nifH|consensus50|strict_single_dominant	nifH|Mesorhizobium_sp._AaZ16|XIK06011.1	Mesorhizobium_sp._AaZ16	94.821	811	90.7159	NA	0.0	1266
OAES-3-1-No|nifH|consensus50|strict_single_dominant	nifH|Microvirga_sp._KLBC_81|PVE21514.1	Microvirga_sp._KLBC_81	93.204	824	92.17	NA	0.0	1208
OAES-32-1-No|nifH|consensus50|strict_single_dominant	nifH|Mesorhizobium_sp._AaZ16|XIK06011.1	Mesorhizobium_sp._AaZ16	97.087	824	92.17	NA	0.0	1386
OAES-33-1-No|nifH|consensus50|strict_single_dominant	nifH|Mesorhizobium_sp._AaZ16|XIK06011.1	Mesorhizobium_sp._AaZ16	97.355	794	88.8143	NA	0.0	1349
OAES-34-1-No|nifH|consensus50|strict_single_dominant	nifH|Mesorhizobium_sp._AaZ16|XIK06011.1	Mesorhizobium_sp._AaZ16	96.829	820	91.7226	NA	0.0	1369
OAES-35-1-Rh|nifH|consensus50|strict_single_dominant	nifH|Bradyrhizobium_sp._PUT101|XYX37671.1	Bradyrhizobium_sp._PUT101	86.883	831	93.8983	NA	0.0	965
OAES-35-3-No|nifH|consensus50|strict_single_dominant	nifH|Mesorhizobium_sp._AaZ16|XIK06011.1	Mesorhizobium_sp._AaZ16	93.040	819	91.6107	NA	0.0	1197
OAES-35-3-Rh|nifH|consensus50|strict_single_dominant	nifH|Mesorhizobium_sp._WSM4083|XXN81638.1	Mesorhizobium_sp._WSM4083	88.889	801	89.5973	NA	0.0	1005
OAES-36-2-No|nifH|consensus50|strict_single_dominant	nifH|Sinorhizobium_meliloti_(Rhizobium_meliloti)|XHY72514.1	Sinorhizobium_meliloti_(Rhizobium_meliloti)	95.990	823	92.0582	NA	0.0	1336
OAES-36-3-No|nifH|consensus50|strict_single_dominant	nifH|Sinorhizobium_meliloti_(Rhizobium_meliloti)|XHY72514.1	Sinorhizobium_meliloti_(Rhizobium_meliloti)	95.747	823	92.0582	NA	0.0	1325
OAES-37-2-Rh|nifH|consensus50|strict_single_dominant	nifH|Mesorhizobium_sp._WSM4083|XXN81638.1	Mesorhizobium_sp._WSM4083	89.307	823	92.0582	NA	0.0	1046
OAES-4-1-No|nifH|consensus50|strict_single_dominant	nifH|Neorhizobium_alkalisoli|ACF98259.1	Neorhizobium_alkalisoli	96.814	722	99.5862	NA	0.0	1206
OAES-4-1-Ro|nifH|consensus50|strict_single_dominant	nifH|Neorhizobium_alkalisoli|ACF98259.1	Neorhizobium_alkalisoli	96.814	722	99.5862	NA	0.0	1206
OAES-5-Rh|nifH|consensus50|strict_single_dominant	nifH|Ensifer_sp|QHB50514.1	Ensifer_sp	96.234	717	100	NA	0.0	1175
OAES-6-1-Ro|nifH|consensus50|strict_single_dominant	nifH|Sinorhizobium_prairiense|WEJ08560.1	Sinorhizobium_prairiense	98.120	798	89.2617	NA	0.0	1391
OAES-7-1-No|nifH|consensus50|strict_single_dominant	nifH|Neorhizobium_alkalisoli|ACF98259.1	Neorhizobium_alkalisoli	96.537	722	99.5862	NA	0.0	1195
OAES-7-1-Rh|nifH|consensus50|strict_single_dominant	nifH|Neorhizobium_alkalisoli|ACF98259.1	Neorhizobium_alkalisoli	96.537	722	99.5862	NA	0.0	1195
OAES-7-1-Ro|nifH|consensus50|strict_single_dominant	nifH|Neorhizobium_alkalisoli|ACF98259.1	Neorhizobium_alkalisoli	96.537	722	99.5862	NA	0.0	1195
OAES-8-2-No|nifH|consensus50|strict_single_dominant	nifH|Mesorhizobium_maamorense|XKI86421.1	Mesorhizobium_maamorense	92.054	818	91.4989	NA	0.0	1153
OAES-9-1-Rh|nifH|consensus50|strict_single_dominant	nifH|Mesorhizobium_sp._AaZ16|XIK06011.1	Mesorhizobium_sp._AaZ16	96.936	816	91.2752	NA	0.0	1369
ORNL-12-1-Ro|nifH|consensus50|strict_single_dominant	nifH|Mesorhizobium_sp._AaZ16|XIK06011.1	Mesorhizobium_sp._AaZ16	88.523	819	91.6107	NA	0.0	992
ORNL-13-2-No|nifH|consensus50|strict_single_dominant	nifH|Mesorhizobium_caraganae|CAN7239890.1	Mesorhizobium_caraganae	86.098	820	91.7226	NA	0.0	881
ORNL-16-No|nifH|consensus50|strict_single_dominant	nifH|Microvirga_lotononidis|WQO30062.1	Microvirga_lotononidis	88.138	607	67.8971	NA	0.0	721
ORNL-4-1-No|nifH|consensus50|strict_single_dominant	nifH|Microvirga_sp._KLBC_81|PVE21514.1	Microvirga_sp._KLBC_81	86.765	816	91.2752	NA	0.0	933
OSBS-100-3-Rh|nifH|consensus50|strict_single_dominant	nifH|Sinorhizobium_meliloti_(Rhizobium_meliloti)|XEM16083.1	Sinorhizobium_meliloti_(Rhizobium_meliloti)	87.363	823	92.0582	NA	0.0	965
OSBS-101-1-Ro|nifH|consensus50|strict_single_dominant	nifH|Sinorhizobium_meliloti_(Rhizobium_meliloti)|XEM16083.1	Sinorhizobium_meliloti_(Rhizobium_meliloti)	92.587	715	79.9776	NA	0.0	1027
OSBS-104-1-Rh|nifH|consensus50|strict_single_dominant	nifH|Microvirga_sp._KLBC_81|PVE21514.1	Microvirga_sp._KLBC_81	88.973	789	88.255	NA	0.0	976
OSBS-14-3-No|nifH|consensus50|strict_single_dominant	nifH|Rhizobium_azibense|CAO4004957.1	Rhizobium_azibense	85.437	824	92.17	NA	0.0	854
OSBS-18-5-Ro|nifH|consensus50|strict_single_dominant	nifH|Mesorhizobium_sp._AaZ16|XIK06011.1	Mesorhizobium_sp._AaZ16	91.698	795	88.9262	NA	0.0	1103
OSBS-20-1-Ro|nifH|consensus50|strict_single_dominant	nifH|Mesorhizobium_sp._AaZ16|XIK06011.1	Mesorhizobium_sp._AaZ16	90.598	819	91.6107	NA	0.0	1086
OSBS-21-2-No|nifH|consensus50|strict_single_dominant	nifH|Mesorhizobium_sp._AaZ16|XIK06011.1	Mesorhizobium_sp._AaZ16	87.956	822	91.9463	NA	0.0	972
OSBS-28-1-No|nifH|consensus50|strict_single_dominant	nifH|Microvirga_sp._KLBC_81|PVE21514.1	Microvirga_sp._KLBC_81	88.686	822	91.9463	NA	0.0	1003
OSBS-36-4-Rh|nifH|consensus50|strict_single_dominant	nifH|Mesorhizobium_sp._AaZ16|XIK06011.1	Mesorhizobium_sp._AaZ16	90.762	801	89.5973	NA	0.0	1070
OSBS-37-1-Rh|nifH|consensus50|strict_single_dominant	nifH|Mesorhizobium_sp._WSM4083|XXN81638.1	Mesorhizobium_sp._WSM4083	88.029	827	92.5056	NA	0.0	976
OSBS-38-1-No|nifH|consensus50|strict_single_dominant	nifH|Mesorhizobium_sp._AaZ16|XIK06011.1	Mesorhizobium_sp._AaZ16	91.697	819	91.6107	NA	0.0	1136
OSBS-4-3-Ro|nifH|consensus50|strict_single_dominant	nifH|Mesorhizobium_sp._AaZ16|XIK06011.1	Mesorhizobium_sp._AaZ16	89.951	816	91.2752	NA	0.0	1068
OSBS-5-5-Ro|nifH|consensus50|strict_single_dominant	nifH|Mesorhizobium_sp._AaZ16|XIK06011.1	Mesorhizobium_sp._AaZ16	93.171	820	91.7226	NA	0.0	1230
OSBS-58-1-No|nifH|consensus50|strict_single_dominant	nifH|Mesorhizobium_sp._AaZ16|XIK06011.1	Mesorhizobium_sp._AaZ16	87.743	824	92.17	NA	0.0	959
OSBS-58-1-Rh|nifH|consensus50|strict_single_dominant	nifH|Mesorhizobium_sp._AaZ16|XIK06011.1	Mesorhizobium_sp._AaZ16	85.592	819	91.6107	NA	0.0	894
OSBS-66-1-Rh|nifH|consensus50|strict_single_dominant	nifH|Bradyrhizobium_sp._PUT101|XYX37671.1	Bradyrhizobium_sp._PUT101	89.157	830	93.7853	NA	0.0	1033
OSBS-68-1-Rh|nifH|consensus50|strict_single_dominant	nifH|Bradyrhizobium_sp._PUT101|XYX37671.1	Bradyrhizobium_sp._PUT101	87.124	831	93.8983	NA	0.0	970
OSBS-69-1-Rh|nifH|consensus50|strict_single_dominant	nifH|Mesorhizobium_sp._WSM4083|XXN81638.1	Mesorhizobium_sp._WSM4083	89.346	826	92.3937	NA	0.0	1037
OSBS-70-3-No|nifH|consensus50|strict_single_dominant	nifH|Mesorhizobium_sp._AaZ16|XIK06011.1	Mesorhizobium_sp._AaZ16	84.709	824	92.17	NA	0.0	821
OSBS-71-1-Rh|nifH|consensus50|strict_single_dominant	nifH|Microvirga_lotononidis|WQO30062.1	Microvirga_lotononidis	87.179	819	91.6107	NA	0.0	952
OSBS-7-4-Ro|nifH|consensus50|strict_single_dominant	nifH|Mesorhizobium_sp._AaZ16|XIK06011.1	Mesorhizobium_sp._AaZ16	92.674	819	91.6107	NA	0.0	1181
OSBS-81-1-Rh|nifH|consensus50|strict_single_dominant	nifH|Bradyrhizobium_sp._PUT101|XYX37671.1	Bradyrhizobium_sp._PUT101	87.108	830	93.7853	NA	0.0	939
OSBS-82-1-Ro|nifH|consensus50|strict_single_dominant	nifH|Bradyrhizobium_sp._PUT101|XYX37671.1	Bradyrhizobium_sp._PUT101	88.902	829	93.6723	NA	0.0	1022
OSBS-DETR-64-3-Rh|nifH|consensus50|strict_single_dominant	nifH|Mesorhizobium_sp._AaZ16|XIK06011.1	Mesorhizobium_sp._AaZ16	90.809	816	91.2752	NA	0.0	1092
OSBS-LEHI-62-5-Ro|nifH|consensus50|strict_single_dominant	nifH|Ensifer_canadensis|UBI79453.1	Ensifer_canadensis	87.938	771	86.2416	NA	0.0	904
OSBS-TEVI-61-4-No|nifH|consensus50|strict_single_dominant	nifH|Sinorhizobium_meliloti_(Rhizobium_meliloti)|XEM16083.1	Sinorhizobium_meliloti_(Rhizobium_meliloti)	85.837	699	78.1879	NA	0.0	736
RMNP-1-No|nifH|consensus50|strict_single_dominant	nifH|Mesorhizobium_sp._AaZ16|XIK06011.1	Mesorhizobium_sp._AaZ16	93.529	819	91.6107	NA	0.0	1219
RMNP-1-Ro|nifH|consensus50|strict_single_dominant	nifH|Microvirga_sp._RSM25|XKE00370.1	Microvirga_sp._RSM25	91.343	797	89.1499	NA	0.0	1086
RMNP-2-No|nifH|consensus50|strict_single_dominant	nifH|Mesorhizobium_sp._AaZ16|XIK06011.1	Mesorhizobium_sp._AaZ16	93.939	792	88.5906	NA	0.0	1197
RMNP-2-Rh|nifH|consensus50|strict_single_dominant	nifH|Mesorhizobium_sp._AaZ16|XIK06011.1	Mesorhizobium_sp._AaZ16	93.481	813	90.9396	NA	0.0	1208
RMNP-4-Rh|nifH|consensus50|strict_single_dominant	nifH|Microvirga_lotononidis|WQO30062.1	Microvirga_lotononidis	87.591	822	91.9463	NA	0.0	953
SCBI-4-1-Rh|nifH|consensus50|strict_single_dominant	nifH|Mesorhizobium_sp._LjNodule214|CAN7751128.1	Mesorhizobium_sp._LjNodule214	85.766	829	92.7293	NA	0.0	874
SCBI-5-1-No|nifH|consensus50|strict_single_dominant	nifH|Neorhizobium_galegae|AIY31028.1	Neorhizobium_galegae	98.675	755	99.3421	NA	0.0	1338
SERC-3-1-Ro|nifH|consensus50|strict_single_dominant	nifH|Microvirga_sp._RSM25|XKE00370.1	Microvirga_sp._RSM25	89.487	799	89.3736	NA	0.0	1009
SJER-1-1-No|nifH|consensus50|strict_single_dominant	nifH|Sinorhizobium_meliloti_(Rhizobium_meliloti)|XEM16083.1	Sinorhizobium_meliloti_(Rhizobium_meliloti)	85.796	697	77.9642	NA	0.0	739
SJER-2-3-No|nifH|consensus50|strict_single_dominant	nifH|Rhizobium_leguminosarum|BEJ25671.1	Rhizobium_leguminosarum	87.897	818	92.1171	NA	0.0	959
SRER-10-1-No|nifH|consensus50|strict_single_dominant	nifH|Mesorhizobium_sp._AaZ16|XIK06011.1	Mesorhizobium_sp._AaZ16	93.284	819	91.6107	NA	0.0	1208
SRER-10-1-Rh|nifH|consensus50|strict_single_dominant	nifH|Mesorhizobium_sp._AaZ16|XIK06011.1	Mesorhizobium_sp._AaZ16	93.057	821	91.8345	NA	0.0	1201
SRER-1-1-No|nifH|consensus50|strict_single_dominant	nifH|Mesorhizobium_sp._AaZ16|XIK06011.1	Mesorhizobium_sp._AaZ16	93.040	819	91.6107	NA	0.0	1197
SRER-13-1-No|nifH|consensus50|strict_single_dominant	nifH|Mesorhizobium_sp._AaZ16|XIK06011.1	Mesorhizobium_sp._AaZ16	93.187	822	91.9463	NA	0.0	1208
SRER-13-1-Rh|nifH|consensus50|strict_single_dominant	nifH|Mesorhizobium_sp._AaZ16|XIK06011.1	Mesorhizobium_sp._AaZ16	93.137	816	91.2752	NA	0.0	1197
SRER-13-1-Ro|nifH|consensus50|strict_single_dominant	nifH|Mesorhizobium_sp._AaZ16|XIK06011.1	Mesorhizobium_sp._AaZ16	93.137	816	91.2752	NA	0.0	1197
SRER-14-1-No|nifH|consensus50|strict_single_dominant	nifH|Mesorhizobium_sp._AaZ16|XIK06011.1	Mesorhizobium_sp._AaZ16	92.944	822	91.9463	NA	0.0	1197
SRER-15-1-No|nifH|consensus50|strict_single_dominant	nifH|Mesorhizobium_sp._AaZ16|XIK06011.1	Mesorhizobium_sp._AaZ16	93.137	816	91.2752	NA	0.0	1197
SRER-15-1-Ro|nifH|consensus50|strict_single_dominant	nifH|Mesorhizobium_sp._AaZ16|XIK06011.1	Mesorhizobium_sp._AaZ16	93.040	819	91.6107	NA	0.0	1197
SRER-16-1-No|nifH|consensus50|strict_single_dominant	nifH|Mesorhizobium_sp._AaZ16|XIK06011.1	Mesorhizobium_sp._AaZ16	97.070	819	91.6107	NA	0.0	1380
SRER-17-1-No|nifH|consensus50|strict_single_dominant	nifH|Mesorhizobium_sp._AaZ16|XIK06011.1	Mesorhizobium_sp._AaZ16	92.796	819	91.6107	NA	0.0	1186
SRER-18-1-Rh|nifH|consensus50|strict_single_dominant	nifH|Mesorhizobium_sp._AaZ16|XIK06011.1	Mesorhizobium_sp._AaZ16	92.796	819	91.6107	NA	0.0	1186
SRER-18-1-Ro|nifH|consensus50|strict_single_dominant	nifH|Mesorhizobium_sp._AaZ16|XIK06011.1	Mesorhizobium_sp._AaZ16	92.892	816	91.2752	NA	0.0	1186
SRER-2-1-No|nifH|consensus50|strict_single_dominant	nifH|Mesorhizobium_sp._AaZ16|XIK06011.1	Mesorhizobium_sp._AaZ16	93.333	795	88.9262	NA	0.0	1175
SRER-3-1-No|nifH|consensus50|strict_single_dominant	nifH|Mesorhizobium_sp._AaZ16|XIK06011.1	Mesorhizobium_sp._AaZ16	92.918	819	91.6107	NA	0.0	1192
SRER-3-1-Ro|nifH|consensus50|strict_single_dominant	nifH|Mesorhizobium_sp._AaZ16|XIK06011.1	Mesorhizobium_sp._AaZ16	92.918	819	91.6107	NA	0.0	1192
SRER-4-1-No|nifH|consensus50|strict_single_dominant	nifH|Mesorhizobium_sp._AaZ16|XIK06011.1	Mesorhizobium_sp._AaZ16	97.736	795	88.9262	NA	0.0	1369
SRER-6-1-No|nifH|consensus50|strict_single_dominant	nifH|Mesorhizobium_sp._AaZ16|XIK06011.1	Mesorhizobium_sp._AaZ16	93.040	819	91.6107	NA	0.0	1197
SRER-6-1-Rh|nifH|consensus50|strict_single_dominant	nifH|Mesorhizobium_sp._AaZ16|XIK06011.1	Mesorhizobium_sp._AaZ16	94.750	800	89.4855	NA	0.0	1242
SRER-6-1-Ro|nifH|consensus50|strict_single_dominant	nifH|Mesorhizobium_sp._AaZ16|XIK06011.1	Mesorhizobium_sp._AaZ16	92.701	822	91.9463	NA	0.0	1186
SRER-7-1-No|nifH|consensus50|strict_single_dominant	nifH|Mesorhizobium_sp._AaZ16|XIK06011.1	Mesorhizobium_sp._AaZ16	92.674	819	91.6107	NA	0.0	1179
SRER-7-1-Rh|nifH|consensus50|strict_single_dominant	nifH|Mesorhizobium_sp._AaZ16|XIK06011.1	Mesorhizobium_sp._AaZ16	92.674	819	91.6107	NA	0.0	1181
SRER-7-1-Ro|nifH|consensus50|strict_single_dominant	nifH|Mesorhizobium_sp._AaZ16|XIK06011.1	Mesorhizobium_sp._AaZ16	92.944	822	91.9463	NA	0.0	1197
SRER-8-1-No|nifH|consensus50|strict_single_dominant	nifH|Mesorhizobium_sp._AaZ16|XIK06011.1	Mesorhizobium_sp._AaZ16	93.333	795	88.9262	NA	0.0	1175
SRER-8-1-Ro|nifH|consensus50|strict_single_dominant	nifH|Mesorhizobium_sp._AaZ16|XIK06011.1	Mesorhizobium_sp._AaZ16	92.680	806	90.1566	NA	0.0	1158
SRER-9-1-Ro|nifH|consensus50|strict_single_dominant	nifH|Mesorhizobium_sp._AaZ16|XIK06011.1	Mesorhizobium_sp._AaZ16	93.137	816	91.2752	NA	0.0	1197
TALL-12-2-No|nifH|consensus50|strict_single_dominant	nifH|Mesorhizobium_sp._AaZ16|XIK06011.1	Mesorhizobium_sp._AaZ16	86.408	824	92.17	NA	0.0	902
TALL-13-3-No|nifH|consensus50|strict_single_dominant	nifH|Neorhizobium_galegae|AIY31028.1	Neorhizobium_galegae	99.073	755	99.3421	NA	0.0	1354
TALL-13-3-Ro|nifH|consensus50|strict_single_dominant	nifH|Mesorhizobium_sp._AaZ16|XIK06011.1	Mesorhizobium_sp._AaZ16	87.956	822	91.9463	NA	0.0	972
TALL-15-2-No|nifH|consensus50|strict_single_dominant	nifH|Mesorhizobium_sp._AaZ16|XIK06011.1	Mesorhizobium_sp._AaZ16	90.644	823	92.0582	NA	0.0	1092
TALL-18-1-No|nifH|consensus50|strict_single_dominant	nifH|Ensifer_canadensis|UBI79453.1	Ensifer_canadensis	88.162	718	80.3132	NA	0.0	850
TALL-20-1-No|nifH|consensus50|strict_single_dominant	nifH|Mesorhizobium_caraganae|CAN7239890.1	Mesorhizobium_caraganae	83.092	828	92.6174	NA	0.0	771
TALL-22-Ro|nifH|consensus50|strict_single_dominant	nifH|Sinorhizobium_meliloti_(Rhizobium_meliloti)|XEM16083.1	Sinorhizobium_meliloti_(Rhizobium_meliloti)	88.984	699	78.1879	NA	0.0	863
TALL-24-2-No|nifH|consensus50|strict_single_dominant	nifH|Mesorhizobium_sp._AaZ16|XIK06011.1	Mesorhizobium_sp._AaZ16	90.110	819	91.6107	NA	0.0	1064
TALL-25-2-No|nifH|consensus50|strict_single_dominant	nifH|Mesorhizobium_sp._AaZ16|XIK06011.1	Mesorhizobium_sp._AaZ16	86.529	824	92.17	NA	0.0	904
TALL-26-3-Rh|nifH|consensus50|strict_single_dominant	nifH|Mesorhizobium_sp._AaZ16|XIK06011.1	Mesorhizobium_sp._AaZ16	87.363	823	92.0582	NA	0.0	953
TALL-39-2-Rh|nifH|consensus50|strict_single_dominant	nifH|Microvirga_sp._KLBC_81|PVE21514.1	Microvirga_sp._KLBC_81	85.401	822	91.9463	NA	0.0	896
TALL-44-1-No|nifH|consensus50|strict_single_dominant	nifH|Mesorhizobium_sp._AaZ16|XIK06011.1	Mesorhizobium_sp._AaZ16	87.942	821	91.8345	NA	0.0	965
TALL-49-1-Rh|nifH|consensus50|strict_single_dominant	nifH|Mesorhizobium_sp._AaZ16|XIK06011.1	Mesorhizobium_sp._AaZ16	89.001	691	77.2931	NA	0.0	856
TALL-50-1-No|nifH|consensus50|strict_single_dominant	nifH|Burkholderia_vietnamiensis|KVE92620.1	Burkholderia_vietnamiensis	81.437	835	94.6712	NA	0.0	726
TALL-52-1-No|nifH|consensus50|strict_single_dominant	nifH|Mesorhizobium_sp._AaZ16|XIK06011.1	Mesorhizobium_sp._AaZ16	90.621	821	91.8345	NA	0.0	1086
TALL-64-1-No|nifH|consensus50|strict_single_dominant	nifH|Neorhizobium_galegae|AIY31028.1	Neorhizobium_galegae	96.026	755	99.3421	NA	0.0	1227
TALL-66-2-No|nifH|consensus50|strict_single_dominant	nifH|Mesorhizobium_sp._AaZ16|XIK06011.1	Mesorhizobium_sp._AaZ16	86.457	827	92.5056	NA	0.0	911
TALL-73-2-Ro|nifH|consensus50|strict_single_dominant	nifH|Microvirga_lotononidis|WQO30062.1	Microvirga_lotononidis	88.000	825	92.2819	NA	0.0	970
TALL-75-2-No|nifH|consensus50|strict_single_dominant	nifH|Mesorhizobium_sp._AaZ16|XIK06011.1	Mesorhizobium_sp._AaZ16	87.653	818	91.4989	NA	0.0	948
TALL-76-3-No|nifH|consensus50|strict_single_dominant	nifH|Mesorhizobium_sp._AaZ16|XIK06011.1	Mesorhizobium_sp._AaZ16	85.803	803	89.821	NA	0.0	872
TALL-78-2-No|nifH|consensus50|strict_single_dominant	nifH|Rhizobium_azibense|CAO4004957.1	Rhizobium_azibense	88.228	824	92.17	NA	0.0	981
TALL-90-1-No|nifH|consensus50|strict_single_dominant	nifH|Neorhizobium_galegae|AIY31028.1	Neorhizobium_galegae	90.716	754	99.2105	NA	0.0	1003
TALL-9-2-Ro|nifH|consensus50|strict_single_dominant	nifH|Microvirga_lotononidis|WQO30062.1	Microvirga_lotononidis	89.238	827	92.5056	NA	0.0	1033
TEAK-2-1-Rh|nifH|consensus50|strict_single_dominant	nifH|Rhizobium_binae|XXB05130.1	Rhizobium_binae	91.447	795	88.9262	NA	0.0	1092
TOOL-10-No|nifH|consensus50|strict_single_dominant	nifH|Mesorhizobium_sp._AaZ16|XIK06011.1	Mesorhizobium_sp._AaZ16	92.935	821	91.8345	NA	0.0	1192
TOOL-11-No|nifH|consensus50|strict_single_dominant	nifH|Mesorhizobium_sp._AaZ16|XIK06011.1	Mesorhizobium_sp._AaZ16	92.961	824	92.17	NA	0.0	1197
TOOL-12-No|nifH|consensus50|strict_single_dominant	nifH|Mesorhizobium_sp._AaZ16|XIK06011.1	Mesorhizobium_sp._AaZ16	93.015	816	91.2752	NA	0.0	1192
TOOL-12-Ro|nifH|consensus50|strict_single_dominant	nifH|Mesorhizobium_sp._AaZ16|XIK06011.1	Mesorhizobium_sp._AaZ16	90.909	825	92.2819	NA	0.0	1107
TOOL-13-Ro|nifH|consensus50|strict_single_dominant	nifH|Mesorhizobium_sp._AaZ16|XIK06011.1	Mesorhizobium_sp._AaZ16	88.271	827	92.5056	NA	0.0	1024
TOOL-14-No|nifH|consensus50|strict_single_dominant	nifH|Mesorhizobium_sp._AaZ16|XIK06011.1	Mesorhizobium_sp._AaZ16	92.743	813	90.9396	NA	0.0	1175
TOOL-14-Ro|nifH|consensus50|strict_single_dominant	nifH|Mesorhizobium_sp._WSM4083|XXN81638.1	Mesorhizobium_sp._WSM4083	88.778	802	89.7092	NA	0.0	981
TOOL-15-No|nifH|consensus50|strict_single_dominant	nifH|Mesorhizobium_sp._AaZ16|XIK06011.1	Mesorhizobium_sp._AaZ16	93.146	817	91.387	NA	0.0	1197
TOOL-16-No|nifH|consensus50|strict_single_dominant	nifH|Mesorhizobium_sp._AaZ16|XIK06011.1	Mesorhizobium_sp._AaZ16	93.182	792	88.5906	NA	0.0	1164
TOOL-17-Rh|nifH|consensus50|strict_single_dominant	nifH|Mesorhizobium_sp._AaZ16|XIK06011.1	Mesorhizobium_sp._AaZ16	92.683	820	91.7226	NA	0.0	1181
TOOL-1-Rh|nifH|consensus50|strict_single_dominant	nifH|Microvirga_lotononidis|WQO30062.1	Microvirga_lotononidis	88.848	816	91.2752	NA	0.0	1003
TOOL-23-No|nifH|consensus50|strict_single_dominant	nifH|Mesorhizobium_sp._AaZ16|XIK06011.1	Mesorhizobium_sp._AaZ16	93.187	822	91.9463	NA	0.0	1208
TOOL-23-Ro|nifH|consensus50|strict_single_dominant	nifH|Mesorhizobium_sp._AaZ16|XIK06011.1	Mesorhizobium_sp._AaZ16	93.734	798	89.2617	NA	0.0	1197
TOOL-24-No|nifH|consensus50|strict_single_dominant	nifH|Mesorhizobium_sp._AaZ16|XIK06011.1	Mesorhizobium_sp._AaZ16	93.529	819	91.6107	NA	0.0	1219
TOOL-24-Rh|nifH|consensus50|strict_single_dominant	nifH|Mesorhizobium_sp._AaZ16|XIK06011.1	Mesorhizobium_sp._AaZ16	92.935	821	91.8345	NA	0.0	1192
TOOL-25-No|nifH|consensus50|strict_single_dominant	nifH|Mesorhizobium_sp._AaZ16|XIK06011.1	Mesorhizobium_sp._AaZ16	92.840	824	92.17	NA	0.0	1192
TOOL-26-No|nifH|consensus50|strict_single_dominant	nifH|Mesorhizobium_sp._AaZ16|XIK06011.1	Mesorhizobium_sp._AaZ16	93.633	801	89.5973	NA	0.0	1197
TOOL-27-2-No|nifH|consensus50|strict_single_dominant	nifH|Mesorhizobium_sp._AaZ16|XIK06011.1	Mesorhizobium_sp._AaZ16	93.204	824	92.17	NA	0.0	1208
TOOL-30-No|nifH|consensus50|strict_single_dominant	nifH|Mesorhizobium_sp._AaZ16|XIK06011.1	Mesorhizobium_sp._AaZ16	93.382	816	91.2752	NA	0.0	1208
TOOL-32-Ro|nifH|consensus50|strict_single_dominant	nifH|Mesorhizobium_sp._WSM4083|XXN81638.1	Mesorhizobium_sp._WSM4083	90.189	795	88.9262	NA	0.0	1037
TOOL-3-No|nifH|consensus50|strict_single_dominant	nifH|Microvirga_sp._RSM25|XKE00370.1	Microvirga_sp._RSM25	89.878	820	91.7226	NA	0.0	1053
TOOL-5-No|nifH|consensus50|strict_single_dominant	nifH|Mesorhizobium_sp._WSM4083|XXN81638.1	Mesorhizobium_sp._WSM4083	87.148	817	91.387	NA	0.0	937
TOOL-5-Rh|nifH|consensus50|strict_single_dominant	nifH|Mesorhizobium_sp._WSM4083|XXN81638.1	Mesorhizobium_sp._WSM4083	89.066	814	91.0515	NA	0.0	1011
TOOL-5-Ro|nifH|consensus50|strict_single_dominant	nifH|Mesorhizobium_sp._WSM4083|XXN81638.1	Mesorhizobium_sp._WSM4083	88.862	826	92.3937	NA	0.0	1016
TOOL-8-No|nifH|consensus50|strict_single_dominant	nifH|Mesorhizobium_sp._AaZ16|XIK06011.1	Mesorhizobium_sp._AaZ16	92.935	821	91.8345	NA	0.0	1192
TOOL-8-Rh|nifH|consensus50|strict_single_dominant	nifH|Microvirga_lotononidis|WQO30062.1	Microvirga_lotononidis	87.956	822	91.9463	NA	0.0	970
TOOL-9-No|nifH|consensus50|strict_single_dominant	nifH|Mesorhizobium_sp._AaZ16|XIK06011.1	Mesorhizobium_sp._AaZ16	92.961	824	92.17	NA	0.0	1197
TOOL-9-Rh|nifH|consensus50|strict_single_dominant	nifH|Mesorhizobium_sp._AaZ16|XIK06011.1	Mesorhizobium_sp._AaZ16	87.333	821	91.8345	NA	0.0	974
UKFS-4-1-No|nifH|consensus50|strict_single_dominant	nifH|Rhizobium_azibense|CAO4004957.1	Rhizobium_azibense	86.659	817	91.387	NA	0.0	904
UKFS-52-1-Rh|nifH|consensus50|strict_single_dominant	nifH|Microvirga_lotononidis|WQO30062.1	Microvirga_lotononidis	90.110	819	91.6107	NA	0.0	1064
WOOD-10-1-Ro|nifH|consensus50|strict_single_dominant	nifH|Sinorhizobium_meliloti_(Rhizobium_meliloti)|XEM16083.1	Sinorhizobium_meliloti_(Rhizobium_meliloti)	87.589	701	78.4116	NA	0.0	813
WOOD-11-1-No|nifH|consensus50|strict_single_dominant	nifH|Sinorhizobium_meliloti_(Rhizobium_meliloti)|XHY72514.1	Sinorhizobium_meliloti_(Rhizobium_meliloti)	95.732	820	91.7226	NA	0.0	1319
WOOD-1-1-Rh|nifH|consensus50|strict_single_dominant	nifH|Bradyrhizobium_sp._PUT101|XYX37671.1	Bradyrhizobium_sp._PUT101	88.448	831	93.8983	NA	0.0	1000
WOOD-12-No|nifH|consensus50|strict_single_dominant	nifH|Sinorhizobium_meliloti_(Rhizobium_meliloti)|XEM16083.1	Sinorhizobium_meliloti_(Rhizobium_meliloti)	96.233	823	92.0582	NA	0.0	1347
WOOD-2-2-Rh|nifH|consensus50|strict_single_dominant	nifH|Microvirga_lotononidis|WQO30062.1	Microvirga_lotononidis	87.713	822	91.9463	NA	0.0	959
WOOD-3-2-No|nifH|consensus50|strict_single_dominant	nifH|Sinorhizobium_meliloti_(Rhizobium_meliloti)|XHY72514.1	Sinorhizobium_meliloti_(Rhizobium_meliloti)	97.601	792	88.5906	NA	0.0	1358
WOOD-3-2-Rh|nifH|consensus50|strict_single_dominant	nifH|Rhizobium_azibense|CAO4004957.1	Rhizobium_azibense	85.976	820	91.7226	NA	0.0	876
WOOD-5-1-Ro|nifH|consensus50|strict_single_dominant	nifH|Rhizobium_azibense|CAO4004957.1	Rhizobium_azibense	98.173	821	91.8345	NA	0.0	1434
WOOD-6-1-No|nifH|consensus50|strict_single_dominant	nifH|Sinorhizobium_meliloti_(Rhizobium_meliloti)|XEM16083.1	Sinorhizobium_meliloti_(Rhizobium_meliloti)	98.622	798	89.2617	NA	0.0	1413
WOOD-6-1-Rh|nifH|consensus50|strict_single_dominant	nifH|Microvirga_lotononidis|WQO30062.1	Microvirga_lotononidis	86.325	819	91.6107	NA	0.0	893
WOOD-7-1-No|nifH|consensus50|strict_single_dominant	nifH|Sinorhizobium_meliloti_(Rhizobium_meliloti)|XEM16083.1	Sinorhizobium_meliloti_(Rhizobium_meliloti)	96.841	823	92.0582	NA	0.0	1375
