sample	before_total_reads	after_total_reads	reads_retained_percent	before_q20_rate	after_q20_rate	before_q30_rate	after_q30_rate	before_gc_content	after_gc_content
BLAN-1-1-No	3264416	3138222	96.13	0.9881	0.9967	0.9559	0.9761	0.5837	0.5820
BLAN-1-1-Rh	464030	446042	96.12	0.9885	0.9968	0.9565	0.9763	0.5958	0.5944
BLAN-1-1-Ro	70498	67466	95.70	0.9841	0.9959	0.9473	0.9735	0.6043	0.6025
BLAN-2-1-No	5767514	5556418	96.34	0.9847	0.9960	0.9503	0.9747	0.5860	0.5843
BLAN-2-1-Rh	383834	371430	96.77	0.9846	0.9955	0.9483	0.9721	0.6323	0.6316
BLAN-2-1-Ro	350196	336668	96.14	0.9707	0.9926	0.9219	0.9654	0.5793	0.5750
BLAN-3-1-No	14211670	13755942	96.79	0.9883	0.9968	0.9577	0.9776	0.5678	0.5670
BLAN-3-1-Rh	122466	117306	95.79	0.9875	0.9964	0.9532	0.9742	0.6338	0.6323
BLAN-3-1-Ro	1828702	1774438	97.03	0.9879	0.9966	0.9570	0.9770	0.5664	0.5658
BLAN-4-1-No	700444	670340	95.70	0.9850	0.9959	0.9470	0.9718	0.6631	0.6620
BLAN-4-1-Rh	116956	111340	95.20	0.9857	0.9959	0.9474	0.9713	0.6507	0.6494
BLAN-4-1-Ro	95072	90774	95.48	0.9846	0.9957	0.9461	0.9715	0.6395	0.6384
CLBJ-40-1-No	7288680	7000602	96.05	0.9890	0.9970	0.9581	0.9773	0.5897	0.5882
CLBJ-40-1-Rh	196314	187672	95.60	0.9884	0.9963	0.9536	0.9730	0.6438	0.6426
CLBJ-40-1-Ro	135002	127504	94.45	0.9861	0.9961	0.9478	0.9720	0.6413	0.6394
CLBJ-41-1-No	1990186	1917582	96.35	0.9894	0.9968	0.9585	0.9765	0.5827	0.5812
CLBJ-41-1-Rh	144400	137314	95.09	0.9881	0.9964	0.9526	0.9732	0.6409	0.6391
CLBJ-41-1-Ro	136114	128380	94.32	0.9877	0.9964	0.9508	0.9727	0.6426	0.6404
CLBJ-42-1-No	1442410	1399036	96.99	0.9896	0.9968	0.9597	0.9769	0.5817	0.5809
CLBJ-42-1-Rh	45814	43532	95.02	0.9878	0.9966	0.9528	0.9742	0.6398	0.6380
CLBJ-42-1-Ro	122094	117778	96.47	0.9903	0.9971	0.9606	0.9774	0.5850	0.5838
CLBJ-44-1-No	727890	695960	95.61	0.9884	0.9965	0.9544	0.9744	0.6380	0.6366
CLBJ-44-1-Rh	76706	74492	97.11	0.9884	0.9962	0.9557	0.9736	0.6013	0.6007
CLBJ-44-1-Ro	17528	16664	95.07	0.9857	0.9965	0.9493	0.9737	0.6087	0.6069
CLBJ-46-1-No	771124	739204	95.86	0.9893	0.9970	0.9581	0.9769	0.5897	0.5878
CLBJ-46-1-Rh	126486	121918	96.39	0.9888	0.9969	0.9565	0.9758	0.6383	0.6376
CLBJ-46-1-Ro	296254	283122	95.57	0.9881	0.9966	0.9535	0.9744	0.6311	0.6296
CLBJ-47-1-No	29800	28916	97.03	0.9877	0.9962	0.9544	0.9743	0.6154	0.6139
CLBJ-47-1-Rh	394320	378996	96.11	0.9894	0.9970	0.9589	0.9772	0.5893	0.5878
CLBJ-47-1-Ro	15028	14566	96.93	0.9876	0.9965	0.9547	0.9750	0.6456	0.6453
CPER-1-No	947842	918632	96.92	0.9858	0.9957	0.9518	0.9742	0.6114	0.6103
CPER-1-Rh	307962	295646	96.00	0.9852	0.9964	0.9496	0.9743	0.6340	0.6331
CPER-1-Ro	11534	11154	96.71	0.9851	0.9959	0.9487	0.9725	0.6305	0.6303
CPER-2-No	11897570	11542216	97.01	0.9868	0.9961	0.9548	0.9762	0.5737	0.5726
CPER-2-Rh	793856	767342	96.66	0.9862	0.9961	0.9534	0.9755	0.5891	0.5877
CPER-2-Ro	120982	117440	97.07	0.9871	0.9962	0.9549	0.9757	0.5743	0.5731
CPER-3-1-No	7095006	7007268	98.76	0.9938	0.9978	0.9776	0.9862	0.5709	0.5705
CPER-3-1-Rh	1529120	1500016	98.10	0.9952	0.9982	0.9781	0.9856	0.5702	0.5696
CPER-3-1-Ro	85102	83638	98.28	0.9909	0.9974	0.9706	0.9841	0.5762	0.5753
CPER-4-No	4400018	4338304	98.60	0.9959	0.9984	0.9806	0.9866	0.5699	0.5696
CPER-4-Rh	1822264	1794090	98.45	0.9952	0.9982	0.9786	0.9858	0.5722	0.5717
CPER-4-Ro	34600	33702	97.40	0.9904	0.9972	0.9670	0.9823	0.5799	0.5784
CPER-5-1-No	13818960	13595228	98.38	0.9942	0.9980	0.9772	0.9858	0.5712	0.5706
CPER-5-1-Rh	6758372	6536898	96.72	0.9935	0.9981	0.9730	0.9838	0.5609	0.5588
CPER-5-1-Ro	32014	31382	98.03	0.9922	0.9976	0.9718	0.9836	0.5868	0.5862
DCFS-1-2-No	85674	84310	98.41	0.9913	0.9970	0.9708	0.9831	0.5876	0.5865
DCFS-1-2-Rh	377760	359636	95.20	0.9914	0.9971	0.9623	0.9774	0.6385	0.6368
DCFS-1-2-Ro	35066	33732	96.20	0.9929	0.9973	0.9660	0.9781	0.6385	0.6373
DCFS-2-2-No	22827488	22478592	98.47	0.9947	0.9981	0.9782	0.9862	0.5718	0.5711
DCFS-2-2-Rh	517592	500190	96.64	0.9914	0.9971	0.9667	0.9804	0.6113	0.6093
DCFS-2-2-Ro	102552	98966	96.50	0.9931	0.9975	0.9684	0.9796	0.6230	0.6216
DCFS-3-2-No	2901834	2853844	98.35	0.9935	0.9977	0.9758	0.9851	0.5734	0.5725
DCFS-3-2-Rh	373506	361214	96.71	0.9926	0.9974	0.9683	0.9802	0.6096	0.6078
DCFS-3-2-Ro	12254	11930	97.36	0.9864	0.9964	0.9593	0.9802	0.5751	0.5714
DCFS-4-No	25005030	24066790	96.25	0.9896	0.9971	0.9589	0.9772	0.6085	0.6072
DCFS-4-Rh	210978	200750	95.15	0.9862	0.9967	0.9509	0.9747	0.6311	0.6290
DCFS-4-Ro	138488	131304	94.81	0.9855	0.9966	0.9493	0.9742	0.6361	0.6337
DCFS-5-1-No	21785700	20933142	96.09	0.9880	0.9968	0.9573	0.9775	0.5694	0.5669
DCFS-5-1-Rh	312448	301390	96.46	0.9864	0.9963	0.9530	0.9746	0.6349	0.6340
DCFS-5-1-Ro	60902	57720	94.78	0.9866	0.9966	0.9520	0.9752	0.5970	0.5945
DCFS-6-1-No	23837930	23116442	96.97	0.9884	0.9968	0.9585	0.9780	0.5725	0.5715
DCFS-6-1-Rh	114086	108184	94.83	0.9868	0.9964	0.9507	0.9737	0.6466	0.6444
DCFS-6-1-Ro	14918	13038	87.40	0.9580	0.9956	0.8939	0.9702	0.6127	0.6132
DCFS-7-1-No	114052	108188	94.86	0.9855	0.9964	0.9487	0.9736	0.6357	0.6340
DCFS-7-1-Rh	226798	219844	96.93	0.9856	0.9959	0.9514	0.9741	0.6363	0.6358
DCFS-7-1-Ro	34068	32984	96.82	0.9750	0.9955	0.9331	0.9738	0.5837	0.5780
DCFS-8-1-No	16828746	16334186	97.06	0.9851	0.9959	0.9522	0.9753	0.5738	0.5729
DCFS-8-1-Rh	231338	221518	95.76	0.9857	0.9962	0.9508	0.9741	0.6057	0.6036
DCFS-8-1-Ro	14804	14064	95.00	0.9800	0.9957	0.9383	0.9720	0.6107	0.6102
DEJU-10-1-No	7810	7422	95.03	0.9876	0.9967	0.9542	0.9749	0.6102	0.6089
DEJU-10-1-Rh	528036	502080	95.08	0.9866	0.9963	0.9495	0.9729	0.6382	0.6365
DEJU-10-1-Ro	41934	40616	96.86	0.9870	0.9959	0.9524	0.9729	0.6036	0.6030
DEJU-11-1-No	9004	8554	95.00	0.9869	0.9969	0.9544	0.9765	0.5948	0.5923
DEJU-11-1-Rh	76198	72910	95.68	0.9861	0.9962	0.9505	0.9737	0.6071	0.6050
DEJU-11-1-Ro	10678	10382	97.23	0.9936	0.9973	0.9693	0.9785	0.6010	0.6002
DEJU-12-1-No	23182	22286	96.13	0.9841	0.9953	0.9440	0.9691	0.6186	0.6180
DEJU-12-1-Rh	223116	209264	93.79	0.9844	0.9960	0.9442	0.9709	0.6333	0.6304
DEJU-12-1-Ro	8178	7782	95.16	0.9849	0.9956	0.9454	0.9708	0.6217	0.6195
DEJU-13-1-No	790632	773758	97.87	0.9934	0.9973	0.9701	0.9794	0.6004	0.5997
DEJU-13-1-Rh	1766	1658	93.88	0.9787	0.9963	0.9365	0.9727	0.5929	0.5916
DEJU-13-1-Ro	30472	29558	97.00	0.9795	0.9946	0.9390	0.9701	0.6029	0.6009
DEJU-16-1-No	5744942	5520212	96.09	0.9889	0.9967	0.9579	0.9744	0.6814	0.6803
DEJU-16-1-Rh	318758	304504	95.53	0.9867	0.9961	0.9494	0.9714	0.6456	0.6445
DEJU-16-1-Ro	1209968	1166070	96.37	0.9888	0.9965	0.9558	0.9748	0.6046	0.6034
DEJU-17-1-No	25928	24726	95.36	0.9725	0.9954	0.9271	0.9706	0.6326	0.6317
DEJU-17-1-Rh	609556	584916	95.96	0.9870	0.9959	0.9506	0.9715	0.6460	0.6451
DEJU-17-1-Ro	11158	10862	97.35	0.9825	0.9950	0.9433	0.9685	0.6517	0.6519
DEJU-18-1-No	4167794	4019300	96.44	0.9895	0.9967	0.9590	0.9744	0.6820	0.6811
DEJU-18-1-Rh	107608	104064	96.71	0.9874	0.9959	0.9535	0.9730	0.6254	0.6248
DEJU-18-1-Ro	357752	340998	95.32	0.9807	0.9950	0.9366	0.9673	0.6746	0.6732
DEJU-19-1-No	15838	15086	95.25	0.9772	0.9948	0.9343	0.9696	0.6288	0.6275
DEJU-19-1-Rh	117412	113648	96.79	0.9845	0.9953	0.9479	0.9715	0.6261	0.6255
DEJU-19-1-Ro	16660	16010	96.10	0.9841	0.9947	0.9445	0.9689	0.6390	0.6379
DEJU-20-1-No	7596	7242	95.34	0.9889	0.9970	0.9582	0.9771	0.6356	0.6335
DEJU-20-1-Rh	61832	58760	95.03	0.9865	0.9960	0.9484	0.9708	0.6357	0.6340
DEJU-20-1-Ro	31902	30578	95.85	0.9786	0.9953	0.9361	0.9696	0.6368	0.6350
DEJU-21-1-No	6789410	6419652	94.55	0.9764	0.9947	0.9285	0.9658	0.6804	0.6790
DEJU-21-1-Rh	117632	113518	96.50	0.9863	0.9962	0.9527	0.9743	0.6095	0.6085
DEJU-21-1-Ro	6576	6294	95.71	0.9855	0.9961	0.9468	0.9724	0.6122	0.6114
DEJU-22-1-No	3524034	3372554	95.70	0.9880	0.9965	0.9551	0.9730	0.6813	0.6800
DEJU-22-1-Rh	78646	75620	96.15	0.9874	0.9961	0.9520	0.9725	0.6239	0.6230
DEJU-22-1-Ro	81708	77200	94.48	0.9830	0.9958	0.9413	0.9696	0.6404	0.6390
DEJU-23-1-No	3180130	2962468	93.16	0.9792	0.9955	0.9348	0.9692	0.6764	0.6731
DEJU-23-1-Rh	953594	911620	95.60	0.9880	0.9965	0.9532	0.9740	0.6343	0.6329
DEJU-23-1-Ro	20976	20206	96.33	0.9868	0.9962	0.9527	0.9746	0.6146	0.6134
DEJU-24-1-No	2361270	2215842	93.84	0.9797	0.9954	0.9360	0.9694	0.6751	0.6721
DEJU-24-1-Rh	775760	740316	95.43	0.9864	0.9961	0.9493	0.9723	0.6565	0.6552
DEJU-24-1-Ro	8624	7828	90.77	0.9644	0.9960	0.9122	0.9729	0.6153	0.6086
DEJU-25-No	2812	2702	96.09	0.9753	0.9950	0.9310	0.9694	0.6094	0.6052
DEJU-25-Rh	44704	42990	96.17	0.9807	0.9967	0.9446	0.9771	0.5967	0.5956
DEJU-25-Ro	24144	23292	96.47	0.9845	0.9960	0.9484	0.9732	0.6349	0.6335
DEJU-26-No	154782	145242	93.84	0.9872	0.9963	0.9491	0.9720	0.6462	0.6437
DEJU-26-Rh	998518	958212	95.96	0.9885	0.9965	0.9543	0.9738	0.6440	0.6431
DEJU-27-No	103168	98238	95.22	0.9878	0.9964	0.9525	0.9737	0.6362	0.6343
DEJU-27-Rh	145264	138086	95.06	0.9878	0.9962	0.9512	0.9723	0.6417	0.6401
DEJU-27-Ro	26238	25172	95.94	0.9803	0.9951	0.9380	0.9708	0.5948	0.5932
DEJU-28-2-No	4221150	4001540	94.80	0.9868	0.9961	0.9503	0.9700	0.6735	0.6716
DEJU-28-2-Rh	278366	264180	94.90	0.9880	0.9964	0.9521	0.9733	0.6443	0.6423
DEJU-28-2-Ro	187028	181624	97.11	0.9880	0.9962	0.9551	0.9741	0.6106	0.6101
DEJU-29-1-No	6004192	5675476	94.53	0.9871	0.9961	0.9500	0.9699	0.6820	0.6801
DEJU-29-1-Rh	297956	276756	92.88	0.9819	0.9956	0.9370	0.9685	0.6661	0.6619
DEJU-29-1-Ro	33802	32856	97.20	0.9899	0.9970	0.9607	0.9779	0.5950	0.5944
DEJU-54-No	2938	2774	94.42	0.9884	0.9968	0.9561	0.9752	0.6247	0.6207
DEJU-54-Rh	82236	78248	95.15	0.9916	0.9969	0.9623	0.9763	0.6344	0.6324
DEJU-54-Ro	10320	10060	97.48	0.9925	0.9973	0.9676	0.9788	0.6119	0.6111
DEJU-55-No	7277474	6829012	93.84	0.9864	0.9958	0.9468	0.9681	0.6816	0.6793
DEJU-55-Rh	362372	337850	93.23	0.9870	0.9963	0.9497	0.9721	0.6651	0.6618
DEJU-55-Ro	57846	54990	95.06	0.9876	0.9967	0.9558	0.9752	0.6658	0.6630
DEJU-56-Rh	117672	111266	94.56	0.9904	0.9969	0.9585	0.9753	0.6472	0.6453
DEJU-56-Ro	32250	31264	96.94	0.9907	0.9971	0.9635	0.9779	0.6167	0.6157
DEJU-57-No	6809148	6444584	94.65	0.9873	0.9960	0.9501	0.9695	0.6803	0.6784
DEJU-57-Rh	247114	233774	94.60	0.9889	0.9970	0.9578	0.9762	0.6487	0.6460
DEJU-57-Ro	45594	44554	97.72	0.9941	0.9976	0.9723	0.9809	0.5834	0.5829
DEJU-58-No	16778	15820	94.29	0.9836	0.9963	0.9439	0.9726	0.6347	0.6316
DEJU-58-Rh	236018	226194	95.84	0.9866	0.9966	0.9523	0.9747	0.6423	0.6406
DEJU-58-Ro	45540	43748	96.06	0.9844	0.9962	0.9483	0.9733	0.6335	0.6322
DEJU-59-No	1767318	1677564	94.92	0.9875	0.9962	0.9516	0.9708	0.6808	0.6790
DEJU-59-Rh	368974	356004	96.48	0.9881	0.9967	0.9552	0.9753	0.6393	0.6387
DEJU-59-Ro	18364	17436	94.95	0.9874	0.9967	0.9535	0.9744	0.6064	0.6052
DEJU-60-No	1530080	1484270	97.01	0.9893	0.9968	0.9589	0.9765	0.6083	0.6076
DEJU-60-Rh	355894	340450	95.66	0.9870	0.9967	0.9533	0.9750	0.6380	0.6371
DEJU-60-Ro	33018	31528	95.49	0.9888	0.9966	0.9564	0.9735	0.6365	0.6348
DEJU-63-No	2514616	2446662	97.30	0.9945	0.9976	0.9715	0.9796	0.6002	0.5992
DEJU-63-Rh	537322	498316	92.74	0.9840	0.9963	0.9441	0.9725	0.6347	0.6311
DEJU-63-Ro	10932	10556	96.56	0.9885	0.9968	0.9567	0.9760	0.6161	0.6153
DEJU-9-1-No	18734	17912	95.61	0.9870	0.9961	0.9500	0.9714	0.6358	0.6342
DEJU-9-1-Rh	74086	71032	95.88	0.9873	0.9962	0.9519	0.9731	0.6282	0.6269
DEJU-9-1-Ro	180446	176316	97.71	0.9948	0.9979	0.9743	0.9823	0.5808	0.5800
DELA-1-3-No	8716510	8499562	97.51	0.9950	0.9979	0.9736	0.9811	0.5766	0.5760
DELA-1-3-Rh	977552	948554	97.03	0.9941	0.9976	0.9701	0.9792	0.5843	0.5835
DELA-1-3-Ro	327312	303848	92.83	0.9836	0.9957	0.9401	0.9688	0.6387	0.6352
DELA-11-3-No	2979112	2913472	97.80	0.9944	0.9979	0.9737	0.9822	0.6114	0.6110
DELA-11-3-Rh	270654	256552	94.79	0.9859	0.9961	0.9479	0.9717	0.6372	0.6355
DELA-11-3-Ro	270604	257414	95.13	0.9859	0.9961	0.9481	0.9716	0.6361	0.6346
DELA-12-2-No	6573388	6239862	94.93	0.9907	0.9970	0.9599	0.9753	0.5853	0.5831
DELA-12-2-Rh	142446	137300	96.39	0.9894	0.9969	0.9584	0.9770	0.5989	0.5979
DELA-12-2-Ro	89296	85954	96.26	0.9869	0.9963	0.9528	0.9744	0.6158	0.6149
DELA-16-No	2998050	2930426	97.74	0.9952	0.9979	0.9746	0.9818	0.6053	0.6046
DELA-16-Rh	230296	215832	93.72	0.9845	0.9962	0.9457	0.9722	0.6388	0.6367
DELA-16-Ro	268360	254784	94.94	0.9852	0.9962	0.9480	0.9721	0.6384	0.6368
DELA-17-1-No	1856330	1732822	93.35	0.9856	0.9961	0.9457	0.9714	0.5927	0.5888
DELA-17-1-Rh	22190	20080	90.49	0.9808	0.9936	0.9263	0.9574	0.6277	0.6242
DELA-17-1-Ro	192454	183496	95.35	0.9865	0.9963	0.9499	0.9728	0.6345	0.6332
DELA-19-1-No	332702	316330	95.08	0.9871	0.9960	0.9489	0.9705	0.6356	0.6339
DELA-19-1-Rh	262450	244428	93.13	0.9842	0.9957	0.9415	0.9692	0.6429	0.6400
DELA-19-1-Ro	231052	217824	94.27	0.9835	0.9958	0.9434	0.9709	0.6376	0.6352
DELA-21-1-No	10472486	10036790	95.84	0.9884	0.9967	0.9558	0.9758	0.5815	0.5801
DELA-21-1-Rh	373982	349676	93.50	0.9839	0.9958	0.9424	0.9702	0.6404	0.6375
DELA-21-1-Ro	463692	429102	92.54	0.9830	0.9958	0.9400	0.9698	0.6382	0.6347
DELA-22-1-No	367476	343816	93.56	0.9837	0.9957	0.9408	0.9690	0.6356	0.6323
DELA-22-1-Rh	263638	244754	92.84	0.9805	0.9959	0.9387	0.9699	0.6386	0.6367
DELA-22-1-Ro	14314	13766	96.17	0.9855	0.9957	0.9487	0.9725	0.5949	0.5931
DELA-23-2-No	6632396	6521890	98.33	0.9954	0.9984	0.9791	0.9861	0.5713	0.5709
DELA-23-2-Rh	304908	284200	93.21	0.9851	0.9958	0.9435	0.9695	0.6361	0.6323
DELA-23-2-Ro	375786	354304	94.28	0.9866	0.9964	0.9498	0.9735	0.5892	0.5862
DELA-26-3-No	6756622	6596816	97.63	0.9938	0.9976	0.9711	0.9802	0.5970	0.5964
DELA-26-3-Rh	4648886	4451518	95.75	0.9871	0.9964	0.9520	0.9739	0.5989	0.5977
DELA-26-3-Ro	105252	102064	96.97	0.9921	0.9974	0.9672	0.9795	0.5882	0.5872
DELA-27-3-No	6464958	6314824	97.68	0.9934	0.9976	0.9709	0.9806	0.5967	0.5962
DELA-27-3-Rh	235838	222804	94.47	0.9835	0.9956	0.9417	0.9689	0.6460	0.6439
DELA-27-3-Ro	23820	22650	95.09	0.9867	0.9960	0.9490	0.9710	0.6306	0.6288
DELA-28-No	2791876	2748378	98.44	0.9957	0.9982	0.9785	0.9849	0.5760	0.5756
DELA-28-Rh	474516	444972	93.77	0.9867	0.9962	0.9479	0.9717	0.6209	0.6180
DELA-28-Ro	84854	82190	96.86	0.9865	0.9957	0.9506	0.9718	0.6418	0.6412
DELA-29-1-No	5051022	4962788	98.25	0.9956	0.9982	0.9778	0.9844	0.5769	0.5765
DELA-29-1-Rh	18686224	18016308	96.41	0.9929	0.9980	0.9715	0.9834	0.5786	0.5761
DELA-29-1-Ro	16326	15604	95.58	0.9908	0.9966	0.9589	0.9733	0.6006	0.5993
DELA-3-3-No	10833286	10364976	95.68	0.9915	0.9974	0.9645	0.9786	0.5807	0.5787
DELA-3-3-Rh	8110772	7882742	97.19	0.9937	0.9977	0.9711	0.9806	0.5845	0.5836
DELA-3-3-Ro	960082	911280	94.92	0.9867	0.9963	0.9503	0.9735	0.5984	0.5961
DELA-30-2-No	345054	331488	96.07	0.9883	0.9967	0.9559	0.9757	0.5884	0.5872
DELA-30-2-Rh	1042420	1002042	96.13	0.9880	0.9964	0.9543	0.9743	0.5960	0.5948
DELA-30-2-Ro	471028	448058	95.12	0.9869	0.9962	0.9490	0.9720	0.6240	0.6227
DELA-31-1-No	17115244	16782328	98.05	0.9947	0.9981	0.9761	0.9842	0.5764	0.5758
DELA-31-1-Rh	432066	420460	97.31	0.9933	0.9976	0.9705	0.9805	0.6028	0.6016
DELA-31-1-Ro	42860	41506	96.84	0.9929	0.9977	0.9698	0.9811	0.5749	0.5730
DELA-32-1-No	8008724	7835770	97.84	0.9937	0.9978	0.9729	0.9825	0.6108	0.6101
DELA-32-1-Rh	93226	89094	95.57	0.9868	0.9960	0.9497	0.9718	0.6398	0.6384
DELA-32-1-Ro	162456	156100	96.09	0.9894	0.9966	0.9569	0.9750	0.5915	0.5900
DELA-33-1-No	5282864	4942718	93.56	0.9882	0.9963	0.9505	0.9712	0.5804	0.5769
DELA-33-1-Rh	116298	107680	92.59	0.9820	0.9959	0.9395	0.9699	0.6385	0.6360
DELA-33-1-Ro	432780	411896	95.17	0.9862	0.9961	0.9485	0.9721	0.6358	0.6345
DELA-4-1-No	3861132	3746390	97.03	0.9860	0.9960	0.9522	0.9744	0.5750	0.5737
DELA-4-1-Rh	75726	66902	88.35	0.9789	0.9942	0.9223	0.9609	0.6548	0.6496
DELA-4-1-Ro	77802	73492	94.46	0.9846	0.9960	0.9450	0.9711	0.6338	0.6318
DELA-5-1-No	1810562	1718684	94.93	0.9854	0.9957	0.9459	0.9702	0.6209	0.6182
DELA-5-1-Rh	233130	216612	92.91	0.9833	0.9959	0.9420	0.9714	0.6355	0.6313
DELA-5-1-Ro	67156	64072	95.41	0.9852	0.9960	0.9480	0.9721	0.6254	0.6239
DELA-6-3-No	448704	429848	95.80	0.9871	0.9960	0.9507	0.9719	0.6070	0.6053
DELA-6-3-Rh	372348	337994	90.77	0.9811	0.9955	0.9339	0.9679	0.6421	0.6368
DELA-6-3-Ro	234212	218956	93.49	0.9836	0.9959	0.9421	0.9698	0.6390	0.6365
DELA-7-3-No	3862996	3778418	97.81	0.9952	0.9980	0.9751	0.9824	0.5804	0.5799
DELA-7-3-Rh	206224	194648	94.39	0.9860	0.9961	0.9474	0.9714	0.6385	0.6364
DELA-7-3-Ro	274510	259990	94.71	0.9860	0.9961	0.9478	0.9716	0.6386	0.6368
DSNY-84-2-No	221736	208854	94.19	0.9865	0.9962	0.9488	0.9728	0.6359	0.6336
DSNY-84-2-Rh	196064	188964	96.38	0.9880	0.9965	0.9545	0.9746	0.6461	0.6452
DSNY-84-2-Ro	144896	138386	95.51	0.9882	0.9968	0.9555	0.9758	0.6419	0.6412
DSNY-85-1-No	9180258	8913606	97.10	0.9856	0.9958	0.9514	0.9747	0.5838	0.5820
DSNY-85-1-Rh	174246	160190	91.93	0.9843	0.9958	0.9406	0.9690	0.6459	0.6423
DSNY-85-1-Ro	1349168	1306602	96.85	0.9863	0.9963	0.9533	0.9761	0.5772	0.5757
DSNY-86-1-No	4881184	4638354	95.03	0.9882	0.9969	0.9565	0.9770	0.5829	0.5791
DSNY-86-1-Rh	235236	227200	96.58	0.9891	0.9966	0.9562	0.9747	0.6418	0.6411
DSNY-86-1-Ro	27638	26644	96.40	0.9831	0.9954	0.9451	0.9725	0.6057	0.6037
DSNY-87-1-No	238572	226122	94.78	0.9876	0.9964	0.9520	0.9739	0.6257	0.6233
DSNY-87-1-Rh	125836	121210	96.32	0.9881	0.9965	0.9544	0.9743	0.6447	0.6441
DSNY-87-1-Ro	134642	126366	93.85	0.9866	0.9960	0.9470	0.9709	0.6454	0.6430
DSNY-88-1-No	232364	221422	95.29	0.9874	0.9962	0.9516	0.9729	0.6336	0.6314
DSNY-88-1-Rh	87306	84288	96.54	0.9889	0.9966	0.9565	0.9749	0.6465	0.6459
DSNY-88-1-Ro	227618	215980	94.89	0.9864	0.9960	0.9489	0.9723	0.6331	0.6310
DSNY-91-1-No	6970346	6719882	96.41	0.9877	0.9965	0.9561	0.9764	0.5816	0.5800
DSNY-91-1-Rh	517624	494058	95.45	0.9883	0.9966	0.9551	0.9754	0.6034	0.6011
DSNY-91-1-Ro	77466	75344	97.26	0.9794	0.9942	0.9397	0.9704	0.5931	0.5906
DSNY-92-1-No	151782	146134	96.28	0.9867	0.9962	0.9530	0.9748	0.6219	0.6206
DSNY-92-1-Rh	160988	151290	93.98	0.9869	0.9962	0.9486	0.9719	0.6441	0.6419
DSNY-92-1-Ro	37902	36006	95.00	0.9870	0.9962	0.9500	0.9721	0.6381	0.6363
DSNY-96-2-No	18512	17698	95.60	0.9840	0.9956	0.9465	0.9726	0.6183	0.6156
DSNY-96-2-Rh	182184	171308	94.03	0.9865	0.9960	0.9473	0.9711	0.6445	0.6421
DSNY-96-2-Ro	13396	12546	93.65	0.9864	0.9975	0.9558	0.9803	0.5963	0.5919
DSNY-98-4-No	348092	332100	95.41	0.9861	0.9960	0.9497	0.9729	0.6196	0.6175
DSNY-98-4-Rh	464358	443084	95.42	0.9877	0.9964	0.9523	0.9734	0.6409	0.6398
DSNY-98-4-Ro	64196	61650	96.03	0.9857	0.9960	0.9496	0.9725	0.6230	0.6216
GRSM-1-No	3076146	2992516	97.28	0.9893	0.9971	0.9607	0.9787	0.5799	0.5791
GRSM-1-Rh	87278	83564	95.74	0.9876	0.9963	0.9526	0.9735	0.6420	0.6406
GRSM-1-Ro	13480	12436	92.26	0.9763	0.9959	0.9287	0.9711	0.6062	0.6038
GRSM-3-No	3199618	3100464	96.90	0.9916	0.9974	0.9640	0.9788	0.5869	0.5861
GRSM-3-Rh	522466	507420	97.12	0.9842	0.9959	0.9498	0.9744	0.6198	0.6190
GRSM-3-Ro	6154	5788	94.05	0.9774	0.9962	0.9344	0.9739	0.6149	0.6124
GRSM-4-2-No	100578	97068	96.51	0.9887	0.9968	0.9572	0.9764	0.6048	0.6037
GRSM-4-2-Rh	44298	42596	96.16	0.9822	0.9953	0.9428	0.9710	0.6532	0.6511
GRSM-4-2-Ro	68884	65806	95.53	0.9875	0.9965	0.9525	0.9743	0.6386	0.6370
HEAL-1-2-No	4613970	4356932	94.43	0.9798	0.9951	0.9345	0.9673	0.6694	0.6676
HEAL-1-2-Rh	306850	290688	94.73	0.9854	0.9968	0.9514	0.9752	0.6436	0.6412
HEAL-1-2-Ro	30630	29490	96.28	0.9877	0.9961	0.9527	0.9721	0.6478	0.6465
HEAL-10-2-No	7934808	7639588	96.28	0.9878	0.9969	0.9591	0.9773	0.6752	0.6738
HEAL-2-1-No	6776530	6435618	94.97	0.9876	0.9962	0.9521	0.9713	0.6818	0.6802
HEAL-2-1-Rh	611248	586162	95.90	0.9863	0.9965	0.9521	0.9749	0.6341	0.6334
HEAL-2-1-Ro	63012	61050	96.89	0.9886	0.9962	0.9548	0.9728	0.6431	0.6424
HEAL-3-1-No	3233036	3085618	95.44	0.9885	0.9960	0.9528	0.9700	0.6674	0.6660
HEAL-3-1-Rh	654604	625490	95.55	0.9851	0.9964	0.9494	0.9738	0.6491	0.6481
HEAL-3-1-Ro	23468	22544	96.06	0.9845	0.9957	0.9483	0.9730	0.6354	0.6338
HEAL-4-1-No	4871874	4644332	95.33	0.9878	0.9963	0.9533	0.9715	0.6784	0.6769
HEAL-4-1-Rh	426732	408900	95.82	0.9857	0.9965	0.9516	0.9746	0.6367	0.6359
HEAL-4-1-Ro	29580	28614	96.73	0.9850	0.9957	0.9496	0.9729	0.6367	0.6364
HEAL-5-2-No	3427506	3319778	96.86	0.9914	0.9970	0.9637	0.9766	0.6654	0.6645
HEAL-5-2-Rh	256834	248576	96.78	0.9872	0.9966	0.9546	0.9759	0.6390	0.6384
HEAL-5-2-Ro	14436	13380	92.68	0.9814	0.9955	0.9371	0.9689	0.6500	0.6452
HEAL-6-1-No	5768	5450	94.49	0.9685	0.9936	0.9145	0.9662	0.6158	0.6122
HEAL-6-1-Rh	871034	839628	96.39	0.9847	0.9958	0.9474	0.9714	0.6497	0.6488
HEAL-6-1-Ro	31354	30360	96.83	0.9877	0.9963	0.9550	0.9745	0.6322	0.6316
HEAL-7-1-No	6795398	6326738	93.10	0.9795	0.9955	0.9349	0.9688	0.6810	0.6776
HEAL-7-1-Rh	557822	534508	95.82	0.9857	0.9962	0.9491	0.9728	0.6511	0.6497
HEAL-7-1-Ro	33536	32298	96.31	0.9815	0.9951	0.9405	0.9689	0.6115	0.6105
HEAL-8-1-No	5465878	5095180	93.22	0.9855	0.9956	0.9437	0.9668	0.6836	0.6808
HEAL-8-1-Rh	269768	258770	95.92	0.9870	0.9967	0.9540	0.9757	0.6392	0.6384
HEAL-8-1-Ro	71438	67808	94.92	0.9865	0.9965	0.9507	0.9738	0.6276	0.6252
HEAL-9-1-No	3735114	3599254	96.36	0.9905	0.9968	0.9616	0.9757	0.6605	0.6590
JERC-100-1-No	104948	103188	98.32	0.9947	0.9979	0.9757	0.9836	0.5942	0.5939
JERC-100-1-Rh	882936	831894	94.22	0.9905	0.9967	0.9575	0.9742	0.6331	0.6306
JERC-100-1-Ro	47886	45598	95.22	0.9908	0.9971	0.9611	0.9767	0.6365	0.6351
JERC-102-1-No	5436574	5250752	96.58	0.9923	0.9974	0.9672	0.9795	0.6488	0.6474
JERC-102-1-Rh	382778	369948	96.65	0.9937	0.9978	0.9712	0.9814	0.5916	0.5905
JERC-102-1-Ro	39618	38218	96.47	0.9916	0.9971	0.9642	0.9776	0.6319	0.6307
JERC-106-1-No	9686250	9527540	98.36	0.9960	0.9983	0.9791	0.9852	0.5862	0.5858
JERC-106-1-Rh	792188	766292	96.73	0.9931	0.9975	0.9691	0.9803	0.6162	0.6148
JERC-109-1-No	7918588	7790506	98.38	0.9947	0.9980	0.9772	0.9849	0.5842	0.5837
JERC-109-1-Rh	535416	517790	96.71	0.9930	0.9975	0.9688	0.9801	0.6106	0.6094
JERC-111-3-No	746970	712442	95.38	0.9857	0.9963	0.9496	0.9732	0.6206	0.6190
JERC-111-3-Rh	876984	832268	94.90	0.9861	0.9961	0.9475	0.9711	0.6364	0.6344
JERC-112-1-No	26212	24872	94.89	0.9820	0.9956	0.9417	0.9707	0.6312	0.6284
JERC-112-1-Rh	325828	300940	92.36	0.9833	0.9957	0.9392	0.9692	0.6400	0.6360
JERC-113-3-No	3237476	3132646	96.76	0.9886	0.9966	0.9571	0.9760	0.5828	0.5819
JERC-113-3-Rh	561188	531378	94.69	0.9839	0.9960	0.9445	0.9708	0.6429	0.6413
JERC-114-3-No	2041204	1964484	96.24	0.9836	0.9962	0.9478	0.9748	0.5798	0.5775
JERC-114-3-Rh	806372	766644	95.07	0.9858	0.9959	0.9463	0.9701	0.6375	0.6360
JERC-129-4-No	477270	453100	94.94	0.9845	0.9965	0.9483	0.9736	0.6371	0.6353
JERC-129-4-Rh	611986	587838	96.05	0.9850	0.9964	0.9499	0.9745	0.6327	0.6310
JERC-129-4-Ro	37404	36178	96.72	0.9887	0.9967	0.9577	0.9767	0.5994	0.5984
JERC-131-No	3074968	2970544	96.60	0.9880	0.9966	0.9559	0.9761	0.6085	0.6077
JERC-131-Rh	255934	241326	94.29	0.9852	0.9962	0.9469	0.9728	0.6395	0.6379
JERC-131-Ro	349772	333810	95.44	0.9878	0.9967	0.9539	0.9752	0.6368	0.6348
JERC-132-3-No	5756	5242	91.07	0.9737	0.9961	0.9238	0.9721	0.5958	0.5921
JERC-132-3-Rh	240556	228616	95.04	0.9884	0.9966	0.9540	0.9742	0.6404	0.6384
JERC-132-3-Ro	57220	54044	94.45	0.9861	0.9964	0.9493	0.9735	0.6241	0.6212
JERC-134-3-No	9324	8856	94.98	0.9813	0.9964	0.9418	0.9739	0.6216	0.6205
JERC-134-3-Rh	394082	378552	96.06	0.9858	0.9963	0.9507	0.9739	0.6345	0.6332
JERC-134-3-Ro	21138	20344	96.24	0.9903	0.9969	0.9614	0.9763	0.6038	0.6025
JERC-135-3-No	1571738	1498348	95.33	0.9894	0.9969	0.9572	0.9759	0.5868	0.5846
JERC-135-3-Rh	465570	443502	95.26	0.9864	0.9964	0.9506	0.9739	0.6359	0.6340
JERC-135-3-Ro	4306	4136	96.05	0.9855	0.9968	0.9507	0.9766	0.6081	0.6069
JERC-136-No	50826	48876	96.16	0.9869	0.9961	0.9502	0.9720	0.6267	0.6259
JERC-136-Rh	200668	186792	93.09	0.9829	0.9963	0.9442	0.9735	0.6323	0.6291
JERC-136-Ro	29134	27342	93.85	0.9866	0.9966	0.9497	0.9746	0.6271	0.6240
JERC-139-5-No	42058	40220	95.63	0.9885	0.9966	0.9554	0.9752	0.6192	0.6170
JERC-139-5-Rh	88568	83900	94.73	0.9842	0.9965	0.9492	0.9745	0.6439	0.6424
JERC-139-5-Ro	46896	44718	95.36	0.9867	0.9968	0.9537	0.9760	0.6268	0.6247
JERC-140-No	179726	176566	98.24	0.9943	0.9978	0.9751	0.9835	0.6313	0.6309
JERC-140-Rh	410984	386630	94.07	0.9905	0.9968	0.9577	0.9747	0.6457	0.6421
JERC-140-Ro	475062	450826	94.90	0.9915	0.9971	0.9618	0.9769	0.6454	0.6437
JERC-141-No	320010	314622	98.32	0.9948	0.9978	0.9761	0.9837	0.5888	0.5881
JERC-141-Rh	489376	465260	95.07	0.9911	0.9970	0.9612	0.9767	0.6248	0.6224
JERC-141-Ro	4998	4780	95.64	0.9889	0.9962	0.9562	0.9731	0.6052	0.6041
JERC-142-No	22916	22094	96.41	0.9922	0.9970	0.9650	0.9773	0.6319	0.6312
JERC-142-Rh	244594	230630	94.29	0.9901	0.9967	0.9578	0.9750	0.6435	0.6415
JERC-143-No	5584114	5471826	97.99	0.9940	0.9979	0.9747	0.9836	0.5884	0.5877
JERC-143-Rh	14288	14016	98.10	0.9905	0.9978	0.9685	0.9833	0.6008	0.5999
JERC-143-Ro	43718	42162	96.44	0.9897	0.9975	0.9641	0.9812	0.6150	0.6139
JERC-147-Rh	6446	6200	96.18	0.9891	0.9965	0.9561	0.9739	0.6039	0.6033
JERC-147-Ro	159980	151308	94.58	0.9904	0.9969	0.9587	0.9758	0.6500	0.6480
JERC-148-No	953528	917032	96.17	0.9915	0.9972	0.9652	0.9791	0.6063	0.6046
JERC-148-Rh	416252	387722	93.15	0.9892	0.9966	0.9541	0.9741	0.6393	0.6362
JERC-148-Ro	112710	110136	97.72	0.9931	0.9979	0.9726	0.9834	0.5783	0.5773
JERC-149-No	455334	444960	97.72	0.9924	0.9975	0.9715	0.9825	0.6037	0.6029
JERC-149-Rh	700072	661988	94.56	0.9901	0.9967	0.9569	0.9740	0.6334	0.6318
JERC-149-Ro	52402	50918	97.17	0.9922	0.9976	0.9689	0.9812	0.6084	0.6074
JERC-150-No	1320818	1263630	95.67	0.9923	0.9975	0.9671	0.9800	0.5820	0.5793
JERC-150-Rh	263652	248452	94.23	0.9911	0.9969	0.9599	0.9759	0.6379	0.6353
JERC-150-Ro	198126	188998	95.39	0.9915	0.9970	0.9619	0.9760	0.6390	0.6377
JERC-151-No	179138	174146	97.21	0.9933	0.9974	0.9698	0.9800	0.6150	0.6142
JERC-151-Rh	272564	262952	96.47	0.9927	0.9974	0.9682	0.9799	0.6382	0.6374
JERC-151-Ro	19428	18988	97.74	0.9927	0.9973	0.9694	0.9803	0.5964	0.5953
JERC-152-No	85126	83186	97.72	0.9934	0.9977	0.9727	0.9828	0.6218	0.6210
JERC-152-Rh	248090	236920	95.50	0.9902	0.9970	0.9616	0.9774	0.6411	0.6400
JERC-152-Ro	431214	401440	93.10	0.9872	0.9962	0.9492	0.9713	0.6441	0.6421
JERC-153-No	5274742	5167292	97.96	0.9956	0.9981	0.9764	0.9831	0.5751	0.5745
JERC-153-Rh	874134	805798	92.18	0.9870	0.9961	0.9470	0.9704	0.6393	0.6365
JERC-176-5-No	21899478	21389166	97.67	0.9950	0.9980	0.9750	0.9826	0.5698	0.5690
JERC-176-5-Rh	11214	10638	94.86	0.9872	0.9962	0.9500	0.9722	0.6141	0.6129
JERC-176-5-Ro	38282	36680	95.82	0.9867	0.9961	0.9506	0.9724	0.6281	0.6267
JERC-179-4-No	4408	4182	94.87	0.9889	0.9969	0.9573	0.9765	0.6220	0.6206
JERC-179-4-Rh	381776	358702	93.96	0.9843	0.9956	0.9412	0.9676	0.6421	0.6395
JERC-179-4-Ro	13602	13232	97.28	0.9922	0.9973	0.9671	0.9788	0.6075	0.6064
JERC-180-5-No	3292114	3185126	96.75	0.9872	0.9964	0.9552	0.9758	0.5787	0.5777
JERC-180-5-Rh	502476	471906	93.92	0.9859	0.9958	0.9455	0.9698	0.6380	0.6347
JERC-180-5-Ro	172326	165134	95.83	0.9887	0.9969	0.9577	0.9769	0.5851	0.5833
JERC-181-1-No	4071058	3940996	96.81	0.9903	0.9968	0.9600	0.9761	0.5857	0.5850
JERC-181-1-Rh	993842	934732	94.05	0.9836	0.9958	0.9421	0.9697	0.6382	0.6362
JERC-181-1-Ro	4628	4338	93.73	0.9765	0.9947	0.9282	0.9667	0.6225	0.6212
JERC-183-3-No	741502	710958	95.88	0.9881	0.9965	0.9546	0.9747	0.6020	0.6006
JERC-183-3-Rh	726792	681528	93.77	0.9839	0.9958	0.9422	0.9696	0.6427	0.6401
JERC-183-3-Ro	285646	270226	94.60	0.9850	0.9958	0.9449	0.9701	0.6407	0.6385
JERC-184-3-No	264022	247556	93.76	0.9847	0.9959	0.9439	0.9697	0.6393	0.6367
JERC-184-3-Rh	421556	399604	94.79	0.9859	0.9958	0.9461	0.9698	0.6409	0.6390
JERC-184-3-Ro	50674	49060	96.81	0.9832	0.9954	0.9450	0.9704	0.6440	0.6434
JERC-185-3-No	342848	318498	92.90	0.9835	0.9955	0.9392	0.9679	0.6394	0.6357
JERC-185-3-Rh	323356	304560	94.19	0.9868	0.9959	0.9467	0.9696	0.6377	0.6353
JERC-185-3-Ro	90786	85892	94.61	0.9829	0.9958	0.9407	0.9707	0.6329	0.6304
JERC-186-1-No	918996	885818	96.39	0.9864	0.9959	0.9518	0.9735	0.5873	0.5860
JERC-186-1-Rh	237612	222222	93.52	0.9849	0.9954	0.9412	0.9670	0.6405	0.6379
JERC-186-1-Ro	170474	161008	94.45	0.9847	0.9958	0.9444	0.9704	0.6338	0.6312
JERC-187-1-No	167768	154452	92.06	0.9854	0.9968	0.9499	0.9755	0.5886	0.5833
JERC-187-1-Rh	444520	421938	94.92	0.9832	0.9960	0.9443	0.9713	0.6353	0.6336
JERC-187-1-Ro	228138	219510	96.22	0.9888	0.9965	0.9555	0.9745	0.5988	0.5975
JERC-188-1-No	763718	720078	94.29	0.9844	0.9956	0.9424	0.9682	0.6363	0.6340
JERC-188-1-Rh	17560	16678	94.98	0.9869	0.9952	0.9454	0.9657	0.6365	0.6345
JERC-188-1-Ro	62562	58498	93.50	0.9841	0.9958	0.9418	0.9696	0.6358	0.6325
JERC-192-1-No	514064	484202	94.19	0.9828	0.9956	0.9407	0.9693	0.6368	0.6346
JERC-192-1-Rh	281770	260550	92.47	0.9836	0.9958	0.9411	0.9695	0.6400	0.6361
JERC-192-1-Ro	860864	801814	93.14	0.9833	0.9956	0.9405	0.9682	0.6430	0.6407
JERC-194-2-No	1421628	1372862	96.57	0.9900	0.9967	0.9588	0.9756	0.5851	0.5842
JERC-194-2-Rh	163972	151556	92.43	0.9821	0.9957	0.9385	0.9686	0.6419	0.6388
JERC-194-2-Ro	8388	7920	94.42	0.9830	0.9956	0.9415	0.9698	0.6216	0.6193
JERC-195-2-No	1898328	1819338	95.84	0.9893	0.9966	0.9565	0.9748	0.5908	0.5894
JERC-195-2-Rh	236004	223036	94.51	0.9814	0.9956	0.9395	0.9692	0.6363	0.6348
JERC-195-2-Ro	85834	82564	96.19	0.9870	0.9962	0.9520	0.9733	0.6187	0.6176
JERC-196-3-No	425372	409494	96.27	0.9881	0.9963	0.9545	0.9741	0.5986	0.5974
JERC-196-3-Rh	191630	181978	94.96	0.9854	0.9959	0.9470	0.9712	0.6315	0.6296
JERC-196-3-Ro	41448	39396	95.05	0.9854	0.9960	0.9473	0.9716	0.6261	0.6240
JERC-197-1-No	149612	144066	96.29	0.9933	0.9976	0.9698	0.9812	0.6347	0.6336
JERC-197-1-Ro	13670	13362	97.75	0.9926	0.9974	0.9695	0.9807	0.6006	0.5998
JERC-198-No	6704246	6527340	97.36	0.9940	0.9980	0.9742	0.9837	0.5740	0.5726
JERC-198-Ro	570028	549010	96.31	0.9905	0.9977	0.9667	0.9814	0.6335	0.6326
JERC-199-No	839030	794638	94.71	0.9905	0.9970	0.9597	0.9762	0.6155	0.6129
JERC-199-Rh	272324	261934	96.18	0.9916	0.9971	0.9635	0.9772	0.6429	0.6414
JERC-199-Ro	32572	31232	95.89	0.9908	0.9970	0.9621	0.9771	0.6218	0.6199
JERC-201-1-No	3673846	3603716	98.09	0.9955	0.9983	0.9775	0.9843	0.5777	0.5770
JERC-201-1-Rh	530520	494460	93.20	0.9845	0.9958	0.9421	0.9691	0.6459	0.6433
JERC-201-1-Ro	58360	55772	95.57	0.9853	0.9958	0.9470	0.9707	0.6379	0.6366
JERC-202-1-No	186030	177522	95.43	0.9865	0.9963	0.9508	0.9737	0.6102	0.6082
JERC-202-1-Rh	209078	198614	95.00	0.9855	0.9959	0.9470	0.9712	0.6280	0.6258
JERC-202-1-Ro	12954	12340	95.26	0.9840	0.9959	0.9447	0.9716	0.6286	0.6271
JERC-203-1-No	2434484	2396812	98.45	0.9962	0.9984	0.9799	0.9858	0.5709	0.5705
JERC-203-1-Rh	403866	372356	92.20	0.9814	0.9955	0.9357	0.9673	0.6381	0.6335
JERC-203-1-Ro	24382	22912	93.97	0.9796	0.9957	0.9357	0.9702	0.6305	0.6272
JERC-204-1-No	986372	951300	96.44	0.9883	0.9967	0.9558	0.9754	0.6350	0.6339
JERC-204-1-Rh	672678	646202	96.06	0.9881	0.9966	0.9555	0.9755	0.6310	0.6301
JERC-204-1-Ro	19766	18676	94.49	0.9860	0.9968	0.9504	0.9744	0.5868	0.5854
JERC-87-1-No	6232036	6116144	98.14	0.9952	0.9983	0.9782	0.9858	0.5708	0.5701
JERC-87-1-Rh	323568	301792	93.27	0.9888	0.9959	0.9509	0.9699	0.6374	0.6349
JERC-87-1-Ro	418452	390224	93.25	0.9901	0.9968	0.9560	0.9745	0.6439	0.6412
JERC-88-1-No	6019074	5901262	98.04	0.9954	0.9983	0.9778	0.9850	0.5721	0.5715
JERC-88-1-Rh	294778	282334	95.78	0.9917	0.9969	0.9630	0.9765	0.6253	0.6235
JERC-88-1-Ro	314094	294676	93.82	0.9899	0.9964	0.9552	0.9725	0.6423	0.6405
JERC-89-1-No	7024942	6450202	91.82	0.9870	0.9958	0.9460	0.9688	0.6606	0.6563
JERC-89-1-Rh	476320	436096	91.56	0.9877	0.9963	0.9486	0.9717	0.6461	0.6433
JERC-89-1-Ro	4298152	4131408	96.12	0.9923	0.9972	0.9652	0.9777	0.6613	0.6600
JERC-90-1-No	12088274	11638806	96.28	0.9923	0.9970	0.9640	0.9760	0.6565	0.6554
JERC-90-1-Rh	577534	558002	96.62	0.9914	0.9974	0.9662	0.9797	0.6378	0.6360
JERC-90-1-Ro	114802	110950	96.64	0.9921	0.9973	0.9667	0.9790	0.6299	0.6285
JERC-91-1-No	1111812	1047938	94.25	0.9905	0.9969	0.9581	0.9752	0.6265	0.6235
JERC-91-1-Rh	640496	599536	93.60	0.9905	0.9967	0.9569	0.9740	0.6431	0.6401
JERC-91-1-Ro	52948	51610	97.47	0.9930	0.9974	0.9691	0.9795	0.6488	0.6484
JERC-93-1-No	8553974	8375632	97.92	0.9954	0.9981	0.9764	0.9833	0.5805	0.5799
JERC-93-1-Rh	180798	169792	93.91	0.9860	0.9961	0.9460	0.9712	0.6385	0.6353
JERC-93-1-Ro	20388	19240	94.37	0.9846	0.9963	0.9465	0.9727	0.6330	0.6308
JERC-94-1-No	12694992	12367116	97.42	0.9940	0.9977	0.9718	0.9809	0.6088	0.6081
JERC-94-1-Rh	1054878	1017204	96.43	0.9882	0.9964	0.9548	0.9744	0.6349	0.6344
JERC-94-1-Ro	27890	26548	95.19	0.9847	0.9961	0.9462	0.9721	0.6343	0.6336
JERC-CHNI-86-4-No	6702338	6478874	96.67	0.9886	0.9966	0.9570	0.9762	0.5806	0.5796
JERC-CHNI-86-4-Rh	628094	594906	94.72	0.9859	0.9961	0.9474	0.9712	0.6381	0.6367
JERC-CRJU-86-1-No	4333770	4264042	98.39	0.9945	0.9980	0.9769	0.9850	0.5782	0.5776
JERC-CRJU-86-1-Rh	365662	340694	93.17	0.9895	0.9966	0.9548	0.9740	0.6369	0.6335
JERC-CRJU-86-1-Ro	159324	148134	92.98	0.9891	0.9966	0.9531	0.9734	0.6420	0.6385
KONA-1-1-No	4346444	4262930	98.08	0.9956	0.9981	0.9765	0.9831	0.5796	0.5791
LAJA-1-1-No	5148784	5060414	98.28	0.9959	0.9982	0.9781	0.9842	0.5932	0.5928
LAJA-1-1-Rh	61398	59196	96.41	0.9926	0.9972	0.9656	0.9773	0.6217	0.6203
LAJA-1-1-Ro	19526	18792	96.24	0.9867	0.9960	0.9518	0.9734	0.6141	0.6128
LAJA-1-2-No	2685726	2597100	96.70	0.9905	0.9970	0.9609	0.9774	0.5943	0.5933
LAJA-1-2-Rh	129456	124142	95.90	0.9881	0.9962	0.9524	0.9720	0.6393	0.6383
LAJA-1-2-Ro	155314	149040	95.96	0.9892	0.9968	0.9571	0.9756	0.6124	0.6112
LAJA-1-3-No	4939918	4772870	96.62	0.9879	0.9966	0.9564	0.9765	0.5659	0.5646
LAJA-1-3-Rh	381288	367964	96.51	0.9894	0.9966	0.9571	0.9746	0.6189	0.6179
LAJA-1-3-Ro	348752	335732	96.27	0.9895	0.9968	0.9583	0.9763	0.6024	0.6007
LAJA-10-1-No	1612084	1560422	96.80	0.9869	0.9958	0.9534	0.9741	0.5803	0.5793
LAJA-10-1-Rh	215638	206578	95.80	0.9881	0.9962	0.9526	0.9726	0.6380	0.6369
LAJA-10-1-Ro	9412	9062	96.28	0.9825	0.9952	0.9430	0.9708	0.6207	0.6193
LAJA-11-3-No	6162910	6055410	98.26	0.9944	0.9980	0.9761	0.9843	0.5821	0.5816
LAJA-11-3-Rh	225048	218300	97.00	0.9851	0.9952	0.9479	0.9705	0.6598	0.6595
LAJA-11-3-Ro	39482	37740	95.59	0.9833	0.9955	0.9444	0.9715	0.6257	0.6254
LAJA-12-1-No	1996952	1933874	96.84	0.9897	0.9965	0.9591	0.9760	0.5945	0.5937
LAJA-12-1-Rh	140356	135374	96.45	0.9846	0.9952	0.9470	0.9703	0.6418	0.6407
LAJA-12-1-Ro	66690	64234	96.32	0.9843	0.9957	0.9478	0.9725	0.6255	0.6248
LAJA-13-3-No	57193278	55344376	96.77	0.9858	0.9958	0.9525	0.9751	0.5395	0.5380
LAJA-13-3-Rh	149440	144090	96.42	0.9861	0.9957	0.9492	0.9711	0.6472	0.6467
LAJA-13-3-Ro	1342428	1299648	96.81	0.9880	0.9963	0.9571	0.9764	0.5386	0.5373
LAJA-14-1-No	3272422	3157378	96.48	0.9865	0.9957	0.9520	0.9733	0.5800	0.5786
LAJA-14-1-Rh	3151248	3051260	96.83	0.9885	0.9963	0.9565	0.9751	0.5814	0.5806
LAJA-14-1-Ro	381336	368732	96.69	0.9862	0.9957	0.9518	0.9736	0.5898	0.5885
LAJA-15-1-No	16155936	15761932	97.56	0.9945	0.9978	0.9731	0.9815	0.5733	0.5726
LAJA-15-1-Rh	595238	572524	96.18	0.9881	0.9963	0.9551	0.9747	0.5891	0.5876
LAJA-15-1-Ro	417344	403820	96.76	0.9852	0.9955	0.9499	0.9730	0.5953	0.5943
LAJA-16-2-No	7913980	7677398	97.01	0.9840	0.9951	0.9481	0.9725	0.5806	0.5792
LAJA-16-2-Rh	209706	202624	96.62	0.9799	0.9943	0.9399	0.9697	0.6142	0.6130
LAJA-16-2-Ro	2060726	1996712	96.89	0.9756	0.9935	0.9317	0.9689	0.5700	0.5654
LAJA-17-1-No	4523826	4394918	97.15	0.9877	0.9957	0.9552	0.9742	0.5759	0.5748
LAJA-17-1-Rh	341502	331030	96.93	0.9860	0.9953	0.9506	0.9721	0.6134	0.6124
LAJA-17-1-Ro	178910	172994	96.69	0.9857	0.9956	0.9496	0.9720	0.6341	0.6337
LAJA-18-1-No	15896182	15530300	97.70	0.9948	0.9980	0.9749	0.9830	0.5752	0.5744
LAJA-18-1-Rh	258910	247386	95.55	0.9882	0.9966	0.9547	0.9754	0.5940	0.5921
LAJA-18-1-Ro	105350	102232	97.04	0.9401	0.9855	0.8607	0.9483	0.5973	0.5887
LAJA-19-2-No	1929164	1871636	97.02	0.9763	0.9934	0.9317	0.9679	0.5863	0.5818
LAJA-19-2-Rh	191798	185366	96.65	0.9865	0.9957	0.9505	0.9717	0.6378	0.6371
LAJA-19-2-Ro	31756	30576	96.28	0.9753	0.9937	0.9296	0.9675	0.5861	0.5830
LAJA-2-1-No	6249166	6048994	96.80	0.9849	0.9960	0.9508	0.9751	0.5718	0.5705
LAJA-2-1-Rh	592728	565274	95.37	0.9870	0.9964	0.9512	0.9729	0.6435	0.6424
LAJA-2-1-Ro	435590	420240	96.48	0.9875	0.9965	0.9563	0.9768	0.5539	0.5523
LAJA-2-2-No	5134994	4929126	95.99	0.9896	0.9969	0.9583	0.9765	0.5705	0.5687
LAJA-2-2-Rh	265962	251852	94.69	0.9864	0.9961	0.9479	0.9715	0.6383	0.6362
LAJA-2-2-Ro	1492234	1442228	96.65	0.9892	0.9968	0.9581	0.9763	0.5934	0.5924
LAJA-2-3-No	22770762	22309770	97.98	0.9943	0.9981	0.9756	0.9845	0.5454	0.5441
LAJA-2-3-Rh	426614	409472	95.98	0.9886	0.9965	0.9554	0.9747	0.5965	0.5949
LAJA-2-3-Ro	2781678	2683828	96.48	0.9883	0.9967	0.9568	0.9768	0.5600	0.5584
LAJA-20-1-Rh	151072	144976	95.96	0.9845	0.9952	0.9457	0.9699	0.6465	0.6457
LAJA-21-1-No	7860984	7706278	98.03	0.9952	0.9981	0.9763	0.9835	0.5756	0.5751
LAJA-24-2-No	410110	395184	96.36	0.9905	0.9969	0.9597	0.9760	0.5839	0.5827
LAJA-24-2-Rh	66700	64530	96.75	0.9899	0.9965	0.9576	0.9744	0.6200	0.6194
LAJA-24-2-Ro	3830	3626	94.67	0.9866	0.9960	0.9480	0.9713	0.5902	0.5890
LAJA-25-1-No	1664022	1605482	96.48	0.9871	0.9966	0.9544	0.9761	0.6028	0.6013
LAJA-25-1-Rh	84242	80836	95.96	0.9867	0.9959	0.9505	0.9719	0.6540	0.6530
LAJA-25-1-Ro	37710	36272	96.19	0.9831	0.9954	0.9449	0.9717	0.6316	0.6301
LAJA-26-1-No	1206010	1159398	96.14	0.9885	0.9969	0.9574	0.9771	0.6027	0.6010
LAJA-26-1-Rh	111338	105794	95.02	0.9865	0.9959	0.9489	0.9711	0.6631	0.6614
LAJA-26-1-Ro	28020	27060	96.57	0.9846	0.9957	0.9480	0.9724	0.6308	0.6298
LAJA-3-1-No	2923588	2865930	98.03	0.9954	0.9981	0.9767	0.9836	0.6063	0.6058
LAJA-3-1-Rh	160648	155356	96.71	0.9867	0.9958	0.9516	0.9724	0.6455	0.6452
LAJA-3-1-Ro	16938	16378	96.69	0.9915	0.9973	0.9646	0.9783	0.6155	0.6152
LAJA-3-2-No	3446022	3366292	97.69	0.9949	0.9980	0.9747	0.9825	0.6027	0.6020
LAJA-3-2-Rh	2223100	2163150	97.30	0.9945	0.9977	0.9724	0.9807	0.6087	0.6078
LAJA-3-2-Ro	46194	44406	96.13	0.9870	0.9958	0.9494	0.9702	0.6494	0.6488
LAJA-3-3-No	3363514	3289724	97.81	0.9952	0.9980	0.9753	0.9826	0.6091	0.6084
LAJA-3-3-Rh	270456	258030	95.41	0.9878	0.9963	0.9521	0.9730	0.6287	0.6273
LAJA-3-3-Ro	27956	26768	95.75	0.9857	0.9959	0.9472	0.9709	0.6474	0.6472
LAJA-4-1-No	1188310	1144370	96.30	0.9873	0.9962	0.9539	0.9748	0.6147	0.6137
LAJA-4-1-Rh	616536	592216	96.06	0.9883	0.9966	0.9548	0.9744	0.6355	0.6343
LAJA-4-1-Ro	104828	100134	95.52	0.9864	0.9959	0.9493	0.9721	0.6423	0.6413
LAJA-5-1-No	7683684	7431936	96.72	0.9861	0.9960	0.9516	0.9740	0.6050	0.6042
LAJA-5-1-Rh	172926	167066	96.61	0.9872	0.9957	0.9510	0.9708	0.6648	0.6643
LAJA-5-1-Ro	20710	20042	96.77	0.9869	0.9955	0.9512	0.9707	0.6390	0.6379
LAJA-6-1-No	2533402	2445666	96.54	0.9865	0.9962	0.9527	0.9747	0.5912	0.5899
LAJA-6-1-Rh	1150230	1109178	96.43	0.9897	0.9968	0.9586	0.9760	0.6068	0.6060
LAJA-6-1-Ro	17138	16476	96.14	0.9864	0.9964	0.9516	0.9744	0.6037	0.6018
LAJA-7-1-No	6599336	6372376	96.56	0.9891	0.9968	0.9584	0.9770	0.5763	0.5752
LAJA-7-1-Rh	273916	262604	95.87	0.9874	0.9964	0.9528	0.9738	0.6091	0.6078
LAJA-7-1-Ro	151920	146558	96.47	0.9879	0.9964	0.9544	0.9744	0.6158	0.6149
LAJA-8-2-No	1382924	1341106	96.98	0.9877	0.9961	0.9548	0.9746	0.6053	0.6046
LAJA-8-2-Rh	140680	135994	96.67	0.9877	0.9959	0.9523	0.9718	0.6589	0.6585
LAJA-8-2-Ro	47582	45896	96.46	0.9851	0.9956	0.9475	0.9710	0.6478	0.6472
LAJA-9-1-No	13158982	12719288	96.66	0.9840	0.9956	0.9487	0.9738	0.5762	0.5750
LAJA-9-1-Rh	3767484	3652618	96.95	0.9851	0.9955	0.9494	0.9733	0.5780	0.5759
LAJA-9-1-Ro	1520532	1468542	96.58	0.9895	0.9968	0.9586	0.9766	0.5895	0.5886
LENO-15-2-No	2507870	2360678	94.13	0.9857	0.9954	0.9445	0.9663	0.6652	0.6631
LENO-15-2-Rh	41650	39730	95.39	0.9912	0.9968	0.9621	0.9756	0.6012	0.6002
LENO-16-2-No	3056842	2910190	95.20	0.9872	0.9959	0.9504	0.9694	0.6738	0.6723
LENO-16-2-Rh	205664	199366	96.94	0.9938	0.9975	0.9694	0.9788	0.5838	0.5822
MLBS-2-1-No	242040	226096	93.41	0.9902	0.9969	0.9568	0.9757	0.6428	0.6392
NIWO-1-No	16765086	16470770	98.24	0.9947	0.9983	0.9781	0.9864	0.5559	0.5554
NIWO-1-Rh	360134	344512	95.66	0.9922	0.9973	0.9650	0.9784	0.6289	0.6271
NIWO-1-Ro	211692	201148	95.02	0.9917	0.9971	0.9626	0.9772	0.6392	0.6373
NIWO-2-No	295714	279266	94.44	0.9883	0.9968	0.9560	0.9754	0.6429	0.6405
NIWO-2-Rh	67076	65398	97.50	0.9926	0.9976	0.9692	0.9805	0.6308	0.6302
NIWO-2-Ro	26240	25526	97.28	0.9916	0.9967	0.9676	0.9795	0.6155	0.6145
NOGP-1-1-No	8254002	8010178	97.05	0.9881	0.9965	0.9577	0.9771	0.5670	0.5660
NOGP-1-1-Rh	258056	250054	96.90	0.9807	0.9955	0.9431	0.9731	0.6237	0.6223
NOGP-1-1-Ro	10930	10326	94.47	0.9808	0.9960	0.9400	0.9726	0.6122	0.6106
NOGP-2-1-No	87725676	85158026	97.07	0.9675	0.9913	0.9170	0.9626	0.5713	0.5669
NOGP-2-1-Rh	263404	254274	96.53	0.9856	0.9959	0.9503	0.9734	0.6307	0.6301
NOGP-2-1-Ro	4009324	3890582	97.04	0.9886	0.9966	0.9584	0.9771	0.5744	0.5734
NOGP-3-2-No	21526374	20888046	97.03	0.9891	0.9967	0.9593	0.9776	0.5715	0.5707
NOGP-3-2-Rh	95704	91844	95.97	0.9835	0.9965	0.9477	0.9747	0.6289	0.6280
NOGP-3-2-Ro	223768	215406	96.26	0.9873	0.9966	0.9554	0.9765	0.5721	0.5705
NOGP-4-1-No	8432	7914	93.86	0.9811	0.9965	0.9413	0.9740	0.6049	0.6044
NOGP-4-1-Rh	89954	85136	94.64	0.9898	0.9969	0.9576	0.9759	0.6431	0.6404
NOGP-4-1-Ro	12610364	12418318	98.48	0.9954	0.9983	0.9789	0.9859	0.5735	0.5732
NOGP-5-2-No	18169588	17878798	98.40	0.9957	0.9984	0.9795	0.9863	0.5718	0.5714
NOGP-5-2-Rh	108706	103804	95.49	0.9916	0.9971	0.9627	0.9770	0.6152	0.6128
NOGP-5-2-Ro	1466066	1441138	98.30	0.9950	0.9981	0.9769	0.9845	0.5726	0.5720
NOGP-6-3-No	22040966	21642764	98.19	0.9940	0.9980	0.9762	0.9852	0.5722	0.5714
NOGP-6-3-Rh	82828	78852	95.20	0.9904	0.9971	0.9610	0.9766	0.6366	0.6350
NOGP-6-3-Ro	267408	262146	98.03	0.9943	0.9981	0.9757	0.9844	0.5667	0.5659
NOGP-7-2-No	491376	454798	92.56	0.9850	0.9965	0.9489	0.9737	0.6318	0.6291
NOGP-7-2-Rh	236698	223464	94.41	0.9884	0.9967	0.9548	0.9748	0.6256	0.6221
NOGP-7-2-Ro	9678	9162	94.67	0.9844	0.9960	0.9449	0.9720	0.6028	0.6009
OAES-35-3-No	3883634	3725836	95.94	0.9920	0.9971	0.9638	0.9770	0.6099	0.6084
OAES-35-3-Rh	301166	280092	93.00	0.9864	0.9963	0.9492	0.9721	0.6454	0.6416
OAES-35-3-Ro	110828	107646	97.13	0.9934	0.9977	0.9709	0.9814	0.6137	0.6128
OAES-36-2-No	6248894	6101066	97.63	0.9945	0.9981	0.9752	0.9840	0.5663	0.5652
OAES-36-2-Rh	264546	250822	94.81	0.9914	0.9970	0.9605	0.9759	0.6439	0.6417
OAES-36-2-Ro	888624	830834	93.50	0.9894	0.9966	0.9554	0.9742	0.6403	0.6378
OAES-36-3-No	3253498	3179572	97.73	0.9947	0.9981	0.9759	0.9844	0.5720	0.5708
OAES-36-3-Rh	1442958	1392904	96.53	0.9935	0.9977	0.9703	0.9816	0.6005	0.5983
OAES-36-3-Ro	345890	326326	94.34	0.9906	0.9969	0.9585	0.9754	0.6355	0.6322
OAES-37-2-No	411792	390292	94.78	0.9908	0.9967	0.9580	0.9737	0.6454	0.6434
OAES-37-2-Rh	316768	298872	94.35	0.9900	0.9967	0.9566	0.9744	0.6456	0.6432
OAES-37-2-Ro	13604	13068	96.06	0.9870	0.9963	0.9534	0.9747	0.6091	0.6080
ORNL-25-1-No	2427498	2354798	97.01	0.9885	0.9969	0.9590	0.9782	0.5798	0.5785
ORNL-25-1-Rh	56638	54172	95.65	0.9705	0.9941	0.9233	0.9679	0.6375	0.6334
ORNL-25-1-Ro	60034	56666	94.39	0.9873	0.9962	0.9498	0.9720	0.6409	0.6387
ORNL-7-2-No	3503394	3356952	95.82	0.9889	0.9968	0.9570	0.9764	0.5859	0.5839
ORNL-7-2-Rh	115544	111676	96.65	0.9840	0.9959	0.9506	0.9749	0.6332	0.6327
ORNL-7-2-Ro	166150	157482	94.78	0.9880	0.9965	0.9524	0.9735	0.6462	0.6444
ORNL-8-2-No	685436	663856	96.85	0.9909	0.9972	0.9625	0.9784	0.5830	0.5821
ORNL-8-2-Rh	8666	8358	96.45	0.9710	0.9952	0.9241	0.9712	0.6106	0.6071
ORNL-8-2-Ro	13974	13498	96.59	0.9837	0.9967	0.9502	0.9773	0.6030	0.6015
OSBS-100-3-No	312862	301788	96.46	0.9843	0.9958	0.9480	0.9732	0.6385	0.6378
OSBS-100-3-Rh	163046	157524	96.61	0.9846	0.9959	0.9489	0.9736	0.6365	0.6359
OSBS-100-3-Ro	129240	125538	97.14	0.9872	0.9963	0.9543	0.9751	0.6196	0.6190
OSBS-101-1-No	44630	42634	95.53	0.9881	0.9964	0.9528	0.9735	0.6410	0.6398
OSBS-101-1-Rh	166808	161592	96.87	0.9865	0.9964	0.9524	0.9748	0.6362	0.6360
OSBS-101-1-Ro	185388	178764	96.43	0.9862	0.9964	0.9525	0.9753	0.6422	0.6416
OSBS-102-1-No	26956	25740	95.49	0.9861	0.9970	0.9550	0.9784	0.6022	0.6002
OSBS-102-1-Rh	194326	187788	96.64	0.9888	0.9968	0.9568	0.9761	0.6383	0.6380
OSBS-102-1-Ro	209500	202560	96.69	0.9891	0.9966	0.9572	0.9754	0.6158	0.6149
OSBS-103-2-No	283418	272914	96.29	0.9880	0.9966	0.9544	0.9746	0.6428	0.6423
OSBS-103-2-Rh	230540	222400	96.47	0.9879	0.9966	0.9540	0.9747	0.6429	0.6426
OSBS-103-2-Ro	480836	466228	96.96	0.9904	0.9971	0.9616	0.9782	0.5935	0.5926
OSBS-104-1-No	8401020	8101130	96.43	0.9888	0.9968	0.9576	0.9767	0.5884	0.5870
OSBS-104-1-Ro	377668	363242	96.18	0.9860	0.9970	0.9534	0.9765	0.6357	0.6349
OSBS-106-1-No	516892	497480	96.24	0.9884	0.9969	0.9565	0.9765	0.6240	0.6228
OSBS-106-1-Ro	19538	18596	95.18	0.9788	0.9953	0.9356	0.9703	0.6122	0.6108
OSBS-107-No	6080128	5872268	96.58	0.9908	0.9972	0.9616	0.9777	0.5811	0.5801
OSBS-107-Rh	66732	61996	92.90	0.9788	0.9964	0.9398	0.9736	0.6411	0.6405
OSBS-107-Ro	48814	47008	96.30	0.9899	0.9971	0.9599	0.9776	0.5870	0.5858
OSBS-109-4-No	5647152	5503910	97.46	0.9948	0.9978	0.9728	0.9806	0.5768	0.5760
OSBS-109-4-Ro	92198	86496	93.82	0.9865	0.9965	0.9489	0.9738	0.6366	0.6336
OSBS-110-1-No	7353122	7238712	98.44	0.9957	0.9982	0.9788	0.9851	0.5807	0.5803
OSBS-25-1-Rh	131196	124788	95.12	0.9867	0.9960	0.9490	0.9715	0.6379	0.6363
OSBS-25-1-Ro	21530	20992	97.50	0.9936	0.9975	0.9705	0.9802	0.6152	0.6147
OSBS-28-1-No	237000	223126	94.15	0.9850	0.9961	0.9464	0.9721	0.6399	0.6382
OSBS-28-1-Rh	272766	258292	94.69	0.9851	0.9961	0.9478	0.9724	0.6357	0.6346
OSBS-28-1-Ro	188100	179360	95.35	0.9871	0.9962	0.9507	0.9727	0.6322	0.6314
OSBS-29-1-Rh	316114	299068	94.61	0.9872	0.9964	0.9504	0.9731	0.6408	0.6389
OSBS-29-1-Ro	10422	9950	95.47	0.9861	0.9958	0.9482	0.9712	0.6371	0.6357
OSBS-30-1-Rh	62026	59500	95.93	0.9882	0.9962	0.9522	0.9719	0.6429	0.6418
OSBS-30-1-Ro	1314	1238	94.22	0.9834	0.9977	0.9490	0.9814	0.6163	0.6160
OSBS-31-1-Rh	50056	48030	95.95	0.9883	0.9975	0.9580	0.9792	0.6398	0.6388
OSBS-31-1-Ro	912	862	94.52	0.9826	0.9976	0.9470	0.9802	0.6342	0.6329
OSBS-46-1-No	84848	81194	95.69	0.9852	0.9969	0.9521	0.9778	0.6370	0.6362
OSBS-46-1-Ro	569502	539572	94.74	0.9821	0.9957	0.9423	0.9704	0.6358	0.6342
OSBS-49-1-No	1130470	1093108	96.70	0.9901	0.9967	0.9590	0.9757	0.5948	0.5940
OSBS-49-1-Rh	127064	120822	95.09	0.9817	0.9963	0.9442	0.9732	0.6374	0.6364
OSBS-49-1-Ro	39106	37696	96.39	0.9853	0.9958	0.9491	0.9725	0.6207	0.6199
OSBS-51-1-No	29690	28516	96.05	0.9872	0.9963	0.9518	0.9730	0.6361	0.6349
OSBS-51-1-Rh	145928	140208	96.08	0.9868	0.9960	0.9509	0.9721	0.6310	0.6306
OSBS-51-1-Ro	24326	23344	95.96	0.9852	0.9960	0.9489	0.9728	0.6106	0.6096
OSBS-52-2-No	3701746	3441574	92.97	0.9783	0.9945	0.9285	0.9639	0.6852	0.6820
OSBS-52-2-Rh	158932	153308	96.46	0.9880	0.9963	0.9540	0.9733	0.6420	0.6411
OSBS-52-2-Ro	84158	80574	95.74	0.9866	0.9958	0.9490	0.9707	0.6513	0.6501
OSBS-55-1-No	1111518	1073646	96.59	0.9891	0.9967	0.9574	0.9758	0.5905	0.5895
OSBS-55-1-Rh	174248	167010	95.85	0.9846	0.9964	0.9495	0.9743	0.6367	0.6366
OSBS-55-1-Ro	559354	524888	93.84	0.9820	0.9958	0.9402	0.9700	0.6400	0.6376
OSBS-69-1-No	1866690	1776660	95.18	0.9888	0.9965	0.9538	0.9733	0.5919	0.5898
OSBS-69-1-Rh	314410	302612	96.25	0.9870	0.9960	0.9505	0.9721	0.6348	0.6341
OSBS-69-1-Ro	19340	18586	96.10	0.9879	0.9964	0.9536	0.9740	0.6008	0.5994
OSBS-91-1-No	516984	504500	97.59	0.9916	0.9970	0.9685	0.9805	0.6173	0.6162
OSBS-91-1-Rh	47760	45904	96.11	0.9924	0.9973	0.9653	0.9773	0.6087	0.6068
OSBS-91-1-Ro	349504	336022	96.14	0.9914	0.9972	0.9642	0.9783	0.6480	0.6465
OSBS-95-3-Rh	109032	106278	97.47	0.9923	0.9974	0.9694	0.9809	0.6324	0.6313
OSBS-95-3-Ro	723342	679286	93.91	0.9891	0.9965	0.9542	0.9729	0.6337	0.6307
OSBS-97-2-Rh	643656	606346	94.20	0.9898	0.9966	0.9561	0.9736	0.6254	0.6227
OSBS-97-2-Ro	186870	182398	97.61	0.9917	0.9970	0.9673	0.9788	0.6248	0.6240
OSBS-99-No	50386	49236	97.72	0.9941	0.9978	0.9727	0.9818	0.6090	0.6083
OSBS-99-Rh	137452	132638	96.50	0.9827	0.9959	0.9455	0.9736	0.6316	0.6307
OSBS-99-Ro	10402	9926	95.42	0.9730	0.9948	0.9264	0.9687	0.6103	0.6090
OSBS-CEVI-50-3-No	848856	821482	96.78	0.9912	0.9972	0.9629	0.9782	0.5813	0.5804
OSBS-CEVI-50-3-Rh	717798	683180	95.18	0.9867	0.9967	0.9532	0.9755	0.6414	0.6404
OSBS-CEVI-50-3-Ro	105310	101130	96.03	0.9888	0.9965	0.9557	0.9744	0.6384	0.6373
OSBS-DETR-64-3-No	77368	74724	96.58	0.9891	0.9968	0.9572	0.9759	0.6307	0.6301
OSBS-DETR-64-3-Rh	128762	123536	95.94	0.9890	0.9968	0.9563	0.9755	0.6408	0.6394
OSBS-DETR-64-3-Ro	118212	113230	95.79	0.9896	0.9969	0.9578	0.9762	0.6006	0.5989
OSBS-LEHI-62-5-No	3150592	3034676	96.32	0.9904	0.9971	0.9609	0.9778	0.5804	0.5792
OSBS-LEHI-62-5-Rh	293086	278666	95.08	0.9876	0.9964	0.9524	0.9736	0.6420	0.6398
OSBS-LEHI-62-5-Ro	16278	15772	96.89	0.9862	0.9962	0.9533	0.9755	0.5904	0.5894
OSBS-TEVI-61-4-No	1241504	1206456	97.18	0.9889	0.9966	0.9583	0.9764	0.5895	0.5889
OSBS-TEVI-61-4-Rh	94060	89258	94.89	0.9884	0.9965	0.9531	0.9738	0.6351	0.6330
OSBS-TEVI-61-4-Ro	3444	3326	96.57	0.9890	0.9960	0.9542	0.9718	0.6169	0.6165
RMNP-1-No	4544716	4359410	95.92	0.9885	0.9968	0.9568	0.9765	0.5932	0.5911
RMNP-1-Rh	231242	217900	94.23	0.9835	0.9961	0.9441	0.9723	0.6334	0.6302
RMNP-1-Ro	6962	6664	95.72	0.9817	0.9956	0.9422	0.9714	0.6192	0.6185
RMNP-2-No	2754946	2702924	98.11	0.9953	0.9982	0.9769	0.9842	0.5950	0.5944
RMNP-2-Rh	3443434	3318230	96.36	0.9895	0.9970	0.9590	0.9774	0.6101	0.6088
RMNP-2-Ro	21422	20730	96.77	0.9883	0.9966	0.9565	0.9756	0.5916	0.5904
RMNP-3-No	1157220	1112728	96.16	0.9781	0.9943	0.9368	0.9703	0.6095	0.6072
RMNP-3-Rh	243884	232804	95.46	0.9865	0.9964	0.9515	0.9747	0.6353	0.6329
RMNP-3-Ro	224922	214456	95.35	0.9859	0.9963	0.9508	0.9747	0.6244	0.6221
RMNP-4-No	123512	117420	95.07	0.9847	0.9961	0.9470	0.9737	0.6414	0.6386
RMNP-4-Rh	241450	231746	95.98	0.9858	0.9966	0.9506	0.9750	0.6413	0.6399
RMNP-4-Ro	4774	4582	95.98	0.9834	0.9955	0.9432	0.9700	0.6168	0.6151
RMNP-5-1-No	2418898	2310766	95.53	0.9906	0.9971	0.9618	0.9769	0.6456	0.6431
RMNP-5-1-Rh	992	876	88.31	0.9688	0.9956	0.9079	0.9688	0.6005	0.5956
RMNP-5-1-Ro	1002	914	91.22	0.9731	0.9948	0.9200	0.9669	0.5941	0.5929
SCBI-1-1-Rh	205280	195188	95.08	0.9862	0.9963	0.9494	0.9732	0.6323	0.6305
SCBI-1-1-Ro	10630	9994	94.02	0.9685	0.9942	0.9160	0.9674	0.5732	0.5707
SCBI-10-1-No	1067852	1019130	95.44	0.9892	0.9971	0.9605	0.9775	0.6351	0.6326
SCBI-10-1-Rh	110130	106242	96.47	0.9883	0.9966	0.9558	0.9752	0.6415	0.6405
SCBI-10-1-Ro	101966	98654	96.75	0.9887	0.9966	0.9570	0.9754	0.6292	0.6284
SCBI-11-1-No	4049488	3941608	97.34	0.9881	0.9966	0.9582	0.9774	0.5815	0.5803
SCBI-11-1-Rh	282670	275942	97.62	0.9863	0.9960	0.9552	0.9765	0.5985	0.5978
SCBI-11-1-Ro	91834	88736	96.63	0.9884	0.9969	0.9584	0.9775	0.5920	0.5908
SCBI-12-1-No	1254774	1215044	96.83	0.9898	0.9968	0.9600	0.9771	0.5853	0.5843
SCBI-12-1-Rh	454116	439230	96.72	0.9855	0.9966	0.9529	0.9764	0.6202	0.6192
SCBI-12-1-Ro	162940	157916	96.92	0.9899	0.9968	0.9601	0.9771	0.5846	0.5836
SCBI-13-1-No	1146774	1036872	90.42	0.9734	0.9947	0.9229	0.9660	0.6623	0.6565
SCBI-13-1-Rh	234078	221786	94.75	0.9843	0.9959	0.9451	0.9715	0.6538	0.6517
SCBI-13-1-Ro	57214	55114	96.33	0.9832	0.9951	0.9444	0.9698	0.6594	0.6588
SCBI-2-1-No	142600	137284	96.27	0.9871	0.9964	0.9533	0.9750	0.6325	0.6318
SCBI-2-1-Rh	281620	272752	96.85	0.9856	0.9959	0.9505	0.9735	0.6379	0.6375
SCBI-2-1-Ro	379242	360842	95.15	0.9880	0.9966	0.9530	0.9742	0.6412	0.6396
SCBI-3-1-No	1347492	1257968	93.36	0.9766	0.9948	0.9304	0.9672	0.6578	0.6546
SCBI-3-1-Rh	228486	220214	96.38	0.9851	0.9960	0.9493	0.9737	0.6367	0.6361
SCBI-3-1-Ro	123688	119088	96.28	0.9858	0.9962	0.9503	0.9736	0.6357	0.6347
SCBI-4-1-No	1903606	1846370	96.99	0.9903	0.9969	0.9619	0.9780	0.5867	0.5859
SCBI-4-1-Rh	955050	924234	96.77	0.9910	0.9972	0.9628	0.9783	0.5909	0.5898
SCBI-4-1-Ro	66942	64718	96.68	0.9885	0.9967	0.9574	0.9765	0.6122	0.6113
SCBI-5-1-No	7016852	6806438	97.00	0.9938	0.9976	0.9700	0.9796	0.6094	0.6083
SCBI-5-1-Rh	102128	98590	96.54	0.9893	0.9966	0.9575	0.9751	0.6467	0.6459
SCBI-5-1-Ro	12886	12434	96.49	0.9853	0.9963	0.9503	0.9742	0.6101	0.6093
SCBI-6-1-No	5646184	5491234	97.26	0.9898	0.9969	0.9616	0.9785	0.5806	0.5797
SCBI-6-1-Rh	380728	364950	95.86	0.9883	0.9968	0.9557	0.9759	0.6271	0.6254
SCBI-6-1-Ro	113028	108950	96.39	0.9875	0.9968	0.9562	0.9770	0.5982	0.5967
SCBI-7-1-No	6995642	6772080	96.80	0.9895	0.9973	0.9615	0.9795	0.5682	0.5676
SCBI-7-1-Rh	261846	250528	95.68	0.9866	0.9965	0.9535	0.9753	0.6347	0.6332
SCBI-7-1-Ro	94256	90576	96.10	0.9856	0.9964	0.9526	0.9765	0.5783	0.5763
SCBI-8-2-No	1587578	1527222	96.20	0.9852	0.9959	0.9482	0.9720	0.6603	0.6595
SCBI-8-2-Rh	192016	186506	97.13	0.9885	0.9969	0.9572	0.9768	0.6204	0.6196
SCBI-8-2-Ro	104592	101258	96.81	0.9849	0.9958	0.9484	0.9721	0.6473	0.6470
SCBI-9-2-No	1192052	1162588	97.53	0.9917	0.9972	0.9650	0.9790	0.5869	0.5864
SCBI-9-2-Rh	272226	262992	96.61	0.9893	0.9967	0.9579	0.9760	0.6278	0.6267
SCBI-9-2-Ro	30792	29808	96.80	0.9891	0.9969	0.9588	0.9772	0.5992	0.5983
SERC-1-1-No	1882392	1763806	93.70	0.9726	0.9942	0.9224	0.9654	0.6654	0.6628
SERC-1-1-Rh	32104	30756	95.80	0.9835	0.9965	0.9504	0.9759	0.6047	0.6039
SERC-1-1-Ro	308408	291976	94.67	0.9831	0.9958	0.9419	0.9699	0.6638	0.6623
SERC-2-1-No	2546528	2383372	93.59	0.9728	0.9944	0.9232	0.9661	0.6569	0.6546
SERC-2-1-Rh	179550	171596	95.57	0.9866	0.9962	0.9502	0.9723	0.6436	0.6424
SERC-2-1-Ro	63290	60496	95.59	0.9869	0.9964	0.9514	0.9737	0.6443	0.6428
SERC-3-1-Rh	326002	310392	95.21	0.9863	0.9964	0.9499	0.9735	0.6296	0.6275
SERC-3-1-Ro	26046	25012	96.03	0.9789	0.9957	0.9396	0.9727	0.6047	0.6033
SERC-4-1-No	2124908	2059486	96.92	0.9856	0.9965	0.9537	0.9766	0.5744	0.5729
SERC-4-1-Rh	326086	310736	95.29	0.9868	0.9963	0.9511	0.9735	0.6457	0.6443
SERC-4-1-Ro	64216	62170	96.81	0.9555	0.9920	0.9004	0.9641	0.6414	0.6398
SERC-5-1-No	2945862	2831426	96.12	0.9889	0.9970	0.9580	0.9772	0.5807	0.5792
SERC-5-1-Rh	333834	319802	95.80	0.9870	0.9967	0.9532	0.9753	0.6060	0.6047
SERC-5-1-Ro	31372	30480	97.16	0.9824	0.9961	0.9474	0.9742	0.6331	0.6324
SERC-6-1-No	48980784	47901764	97.80	0.9944	0.9980	0.9741	0.9828	0.5773	0.5767
SERC-6-1-Rh	2988934	2888526	96.64	0.9894	0.9971	0.9599	0.9784	0.5872	0.5865
SERC-6-1-Ro	164764	159544	96.83	0.9825	0.9960	0.9475	0.9747	0.5856	0.5841
SERC-7-1-No	13765884	13349638	96.98	0.9853	0.9965	0.9528	0.9763	0.5837	0.5829
SERC-7-1-Rh	377868	363688	96.25	0.9892	0.9967	0.9569	0.9751	0.6413	0.6399
SERC-7-1-Ro	149522	141714	94.78	0.9881	0.9965	0.9526	0.9734	0.6352	0.6334
SJER-1-1-No	1290880	1252186	97.00	0.9900	0.9971	0.9612	0.9783	0.6022	0.6015
SJER-1-1-Rh	246792	237648	96.29	0.9892	0.9969	0.9573	0.9756	0.6335	0.6325
SJER-1-1-Ro	29480	28478	96.60	0.9869	0.9964	0.9534	0.9751	0.6086	0.6075
SJER-2-3-No	7722376	7472850	96.77	0.9879	0.9967	0.9566	0.9770	0.5725	0.5710
SJER-2-3-Rh	644812	615496	95.45	0.9892	0.9971	0.9583	0.9771	0.5776	0.5748
SJER-2-3-Ro	148848	144108	96.82	0.9859	0.9959	0.9501	0.9727	0.6347	0.6342
SJER-3-5-No	1325114	1286440	97.08	0.9882	0.9966	0.9575	0.9767	0.6012	0.6006
SJER-3-5-Rh	578330	555556	96.06	0.9894	0.9970	0.9588	0.9771	0.5980	0.5962
SJER-3-5-Ro	125810	121104	96.26	0.9890	0.9969	0.9581	0.9770	0.5906	0.5889
SJER-4-1-No	99372	95764	96.37	0.9851	0.9965	0.9508	0.9748	0.6230	0.6218
SJER-4-1-Rh	219150	211446	96.48	0.9875	0.9964	0.9541	0.9747	0.6263	0.6258
SJER-4-1-Ro	20706	19698	95.13	0.9841	0.9963	0.9453	0.9729	0.6226	0.6212
SJER-5-1-No	950354	923064	97.13	0.9885	0.9965	0.9570	0.9759	0.6138	0.6132
SJER-5-1-Rh	149914	142488	95.05	0.9845	0.9967	0.9490	0.9755	0.6300	0.6293
SJER-5-1-Ro	38012	36640	96.39	0.9877	0.9968	0.9553	0.9764	0.6065	0.6052
TALL-10-4-No	379208	365492	96.38	0.9872	0.9962	0.9519	0.9730	0.6329	0.6320
TALL-10-4-Rh	85384	82312	96.40	0.9864	0.9960	0.9501	0.9726	0.6413	0.6410
TALL-10-4-Ro	8614	8230	95.54	0.9748	0.9942	0.9265	0.9679	0.6221	0.6191
TALL-11-1-No	152348	146036	95.86	0.9888	0.9965	0.9550	0.9741	0.6250	0.6239
TALL-11-1-Rh	117998	113048	95.81	0.9885	0.9962	0.9529	0.9723	0.6462	0.6454
TALL-11-1-Ro	109950	105276	95.75	0.9875	0.9960	0.9509	0.9716	0.6445	0.6436
TALL-12-2-No	3988734	3857018	96.70	0.9898	0.9969	0.9598	0.9771	0.5851	0.5842
TALL-12-2-Rh	98006	94524	96.45	0.9885	0.9966	0.9550	0.9748	0.6441	0.6435
TALL-12-2-Ro	809836	784254	96.84	0.9891	0.9967	0.9583	0.9764	0.5924	0.5917
TALL-13-3-No	7635510	7429598	97.30	0.9933	0.9974	0.9696	0.9796	0.6099	0.6091
TALL-13-3-Rh	301732	286548	94.97	0.9836	0.9961	0.9460	0.9729	0.6337	0.6333
TALL-13-3-Ro	247162	237746	96.19	0.9876	0.9964	0.9529	0.9739	0.6300	0.6292
TALL-14-2-No	1249004	1208308	96.74	0.9889	0.9963	0.9563	0.9745	0.5941	0.5932
TALL-14-2-Rh	338012	318796	94.31	0.9868	0.9961	0.9478	0.9709	0.6469	0.6456
TALL-14-2-Ro	385806	364852	94.57	0.9876	0.9961	0.9488	0.9704	0.6436	0.6418
TALL-15-2-No	9803384	9423898	96.13	0.9879	0.9965	0.9544	0.9748	0.5983	0.5971
TALL-15-2-Rh	111050	106862	96.23	0.9847	0.9959	0.9480	0.9726	0.6367	0.6365
TALL-15-2-Ro	12198	11642	95.44	0.9845	0.9961	0.9475	0.9731	0.6095	0.6080
TALL-16-No	1412162	1359334	96.26	0.9904	0.9970	0.9605	0.9773	0.5820	0.5805
TALL-16-Rh	308476	293906	95.28	0.9871	0.9960	0.9502	0.9721	0.6367	0.6350
TALL-16-Ro	10342	9816	94.91	0.9841	0.9960	0.9456	0.9727	0.5963	0.5940
TALL-17-2-No	2018888	1951128	96.64	0.9904	0.9970	0.9604	0.9770	0.5998	0.5988
TALL-17-2-Rh	126326	121110	95.87	0.9877	0.9963	0.9527	0.9730	0.6493	0.6480
TALL-17-2-Ro	6016	5710	94.91	0.9850	0.9965	0.9480	0.9741	0.6262	0.6250
TALL-18-1-No	1724404	1663244	96.45	0.9902	0.9972	0.9615	0.9783	0.5719	0.5703
TALL-18-1-Rh	296182	285784	96.49	0.9879	0.9967	0.9556	0.9761	0.6376	0.6368
TALL-18-1-Ro	127780	122850	96.14	0.9903	0.9971	0.9604	0.9774	0.5720	0.5705
TALL-19-2-No	7135298	6989294	97.95	0.9954	0.9981	0.9761	0.9830	0.5785	0.5779
TALL-19-2-Rh	136046	130026	95.58	0.9886	0.9963	0.9540	0.9729	0.6459	0.6442
TALL-19-2-Ro	124036	117962	95.10	0.9882	0.9962	0.9516	0.9718	0.6446	0.6433
TALL-2-3-No	4004646	3864322	96.50	0.9898	0.9967	0.9588	0.9759	0.5811	0.5801
TALL-2-3-Rh	365802	353302	96.58	0.9880	0.9962	0.9535	0.9728	0.6320	0.6312
TALL-2-3-Ro	706266	666108	94.31	0.9850	0.9963	0.9470	0.9730	0.6190	0.6159
TALL-20-1-No	1578894	1525758	96.63	0.9908	0.9972	0.9620	0.9781	0.5814	0.5803
TALL-20-1-Rh	115156	111234	96.59	0.9783	0.9963	0.9407	0.9738	0.6401	0.6391
TALL-20-1-Ro	119308	110388	92.52	0.9829	0.9965	0.9427	0.9735	0.6353	0.6319
TALL-21-2-No	998670	946222	94.75	0.9886	0.9968	0.9546	0.9751	0.5936	0.5909
TALL-21-2-Rh	194198	187348	96.47	0.9882	0.9966	0.9554	0.9754	0.6357	0.6350
TALL-21-2-Ro	295574	283680	95.98	0.9887	0.9968	0.9555	0.9754	0.6317	0.6304
TALL-22-No	699060	672132	96.15	0.9896	0.9969	0.9587	0.9769	0.5923	0.5908
TALL-22-Rh	437446	414516	94.76	0.9851	0.9963	0.9482	0.9731	0.6392	0.6377
TALL-22-Ro	6298	5984	95.01	0.9797	0.9957	0.9377	0.9719	0.6108	0.6094
TALL-23-2-No	1587286	1525930	96.13	0.9895	0.9968	0.9575	0.9757	0.6085	0.6071
TALL-23-2-Rh	219694	210058	95.61	0.9885	0.9967	0.9549	0.9747	0.6386	0.6369
TALL-23-2-Ro	925806	876336	94.66	0.9846	0.9966	0.9489	0.9746	0.6342	0.6320
TALL-24-2-No	4138882	3924824	94.83	0.9866	0.9967	0.9512	0.9746	0.6129	0.6104
TALL-24-2-Rh	533986	511688	95.82	0.9881	0.9966	0.9541	0.9747	0.6362	0.6349
TALL-24-2-Ro	30698	29386	95.73	0.9860	0.9966	0.9510	0.9750	0.6087	0.6072
TALL-25-2-No	4439702	4294906	96.74	0.9897	0.9968	0.9595	0.9771	0.5852	0.5843
TALL-25-2-Rh	1144386	1109428	96.95	0.9865	0.9959	0.9538	0.9751	0.5899	0.5888
TALL-25-2-Ro	147690	141550	95.84	0.9881	0.9968	0.9554	0.9759	0.6059	0.6043
TALL-26-3-No	474026	459170	96.87	0.9894	0.9964	0.9579	0.9754	0.5877	0.5869
TALL-26-3-Rh	138936	133114	95.81	0.9884	0.9963	0.9531	0.9726	0.6441	0.6433
TALL-26-3-Ro	176396	170148	96.46	0.9887	0.9964	0.9556	0.9744	0.6076	0.6067
TALL-27-1-No	230876	218982	94.85	0.9876	0.9964	0.9519	0.9738	0.6234	0.6211
TALL-27-1-Rh	266686	257874	96.70	0.9883	0.9965	0.9559	0.9755	0.6387	0.6382
TALL-27-1-Ro	109934	104336	94.91	0.9872	0.9964	0.9514	0.9737	0.6401	0.6383
TALL-28-1-No	3291366	3098650	94.14	0.9884	0.9969	0.9550	0.9758	0.5819	0.5782
TALL-28-1-Rh	231226	218416	94.46	0.9871	0.9964	0.9503	0.9733	0.6400	0.6379
TALL-28-1-Ro	86054	81842	95.11	0.9891	0.9969	0.9569	0.9764	0.5733	0.5707
TALL-29-3-No	1619154	1552648	95.89	0.9902	0.9971	0.9603	0.9775	0.5754	0.5734
TALL-29-3-Rh	386996	373126	96.42	0.9880	0.9967	0.9555	0.9760	0.6320	0.6312
TALL-29-3-Ro	46858	44406	94.77	0.9863	0.9965	0.9503	0.9741	0.6234	0.6213
TALL-30-1-No	305734	293284	95.93	0.9889	0.9966	0.9558	0.9748	0.5984	0.5971
TALL-30-1-Rh	2151964	2085138	96.89	0.9840	0.9953	0.9482	0.9731	0.5993	0.5987
TALL-30-1-Ro	90320	86972	96.29	0.9862	0.9962	0.9512	0.9738	0.6179	0.6172
TALL-31-1-No	2032338	1961378	96.51	0.9874	0.9960	0.9538	0.9743	0.5913	0.5902
TALL-31-1-Rh	642440	618422	96.26	0.9837	0.9955	0.9481	0.9731	0.6063	0.6049
TALL-31-1-Ro	37072	35674	96.23	0.9866	0.9960	0.9518	0.9738	0.6209	0.6198
TALL-32-1-No	1103498	1064646	96.48	0.9863	0.9961	0.9527	0.9746	0.5970	0.5960
TALL-32-1-Rh	586638	567480	96.73	0.9854	0.9952	0.9492	0.9718	0.6157	0.6152
TALL-32-1-Ro	82552	78488	95.08	0.9869	0.9965	0.9516	0.9742	0.6301	0.6281
TALL-33-1-No	3235752	3141874	97.10	0.9866	0.9959	0.9535	0.9745	0.5841	0.5835
TALL-33-1-Rh	397608	379788	95.52	0.9844	0.9962	0.9491	0.9742	0.6246	0.6233
TALL-33-1-Ro	7500	7158	95.44	0.9812	0.9950	0.9420	0.9725	0.5871	0.5846
TALL-34-1-No	1695008	1638960	96.69	0.9889	0.9966	0.9578	0.9762	0.5966	0.5957
TALL-34-1-Rh	878248	848546	96.62	0.9864	0.9962	0.9520	0.9743	0.6295	0.6289
TALL-34-1-Ro	54344	52196	96.05	0.9857	0.9958	0.9492	0.9721	0.6324	0.6315
TALL-35-1-No	472544	443050	93.76	0.9844	0.9959	0.9434	0.9703	0.6408	0.6375
TALL-35-1-Rh	445940	421478	94.51	0.9845	0.9960	0.9448	0.9709	0.6368	0.6342
TALL-35-1-Ro	77412	74914	96.77	0.9802	0.9950	0.9398	0.9706	0.6158	0.6129
TALL-36-1-No	272114	261402	96.06	0.9889	0.9965	0.9546	0.9738	0.6366	0.6356
TALL-36-1-Rh	409430	386560	94.41	0.9851	0.9960	0.9461	0.9717	0.6411	0.6385
TALL-36-1-Ro	117856	110170	93.48	0.9838	0.9959	0.9426	0.9702	0.6411	0.6383
TALL-37-1-No	62866	60360	96.01	0.9898	0.9969	0.9588	0.9768	0.5890	0.5882
TALL-37-1-Rh	737440	702058	95.20	0.9856	0.9962	0.9486	0.9727	0.6377	0.6357
TALL-37-1-Ro	30188	28808	95.43	0.9838	0.9955	0.9434	0.9694	0.6577	0.6566
TALL-38-3-No	2687172	2591688	96.45	0.9880	0.9965	0.9557	0.9756	0.5824	0.5808
TALL-38-3-Rh	954382	905928	94.92	0.9844	0.9960	0.9455	0.9717	0.6407	0.6390
TALL-38-3-Ro	13318	12740	95.66	0.9803	0.9955	0.9400	0.9714	0.6205	0.6190
TALL-39-2-No	3762104	3605162	95.83	0.9879	0.9967	0.9560	0.9767	0.5770	0.5748
TALL-39-2-Rh	28032	26454	94.37	0.9854	0.9958	0.9454	0.9701	0.6385	0.6363
TALL-39-2-Ro	32060	30798	96.06	0.9873	0.9964	0.9534	0.9748	0.5858	0.5840
TALL-4-1-No	3531172	3420576	96.87	0.9879	0.9960	0.9550	0.9740	0.5833	0.5819
TALL-40-1-No	1843920	1772362	96.12	0.9874	0.9963	0.9537	0.9745	0.5782	0.5762
TALL-40-1-Rh	423818	401748	94.79	0.9849	0.9960	0.9469	0.9721	0.6398	0.6382
TALL-40-1-Ro	31758	30650	96.51	0.9875	0.9964	0.9534	0.9741	0.6083	0.6074
TALL-41-3-No	2876796	2784102	96.78	0.9888	0.9965	0.9572	0.9755	0.5831	0.5821
TALL-41-3-Rh	723910	687946	95.03	0.9863	0.9961	0.9486	0.9720	0.6393	0.6374
TALL-41-3-Ro	17418	16862	96.81	0.9852	0.9957	0.9484	0.9716	0.6224	0.6219
TALL-42-1-No	2012568	1951578	96.97	0.9842	0.9956	0.9490	0.9735	0.5828	0.5815
TALL-42-1-Rh	444454	426574	95.98	0.9879	0.9964	0.9533	0.9736	0.6296	0.6283
TALL-42-1-Ro	8652	8290	95.82	0.9864	0.9961	0.9495	0.9724	0.6139	0.6124
TALL-5-2-No	116900	111988	95.80	0.9880	0.9964	0.9533	0.9734	0.6333	0.6315
TALL-5-2-Rh	45720	44048	96.34	0.9890	0.9966	0.9565	0.9749	0.6176	0.6169
TALL-5-2-Ro	43112	42086	97.62	0.9934	0.9979	0.9729	0.9833	0.5604	0.5592
TALL-53-3-No	4228458	4143984	98.00	0.9952	0.9980	0.9758	0.9828	0.5772	0.5766
TALL-53-3-Ro	77050	74842	97.13	0.9937	0.9977	0.9713	0.9812	0.5698	0.5685
TALL-55-1-No	3300594	3235302	98.02	0.9952	0.9981	0.9764	0.9837	0.5958	0.5952
TALL-59-1-No	2213500	2147762	97.03	0.9880	0.9959	0.9549	0.9738	0.5852	0.5843
TALL-59-1-Rh	459786	433218	94.22	0.9876	0.9961	0.9493	0.9708	0.6491	0.6478
TALL-59-1-Ro	61758	59402	96.19	0.9883	0.9965	0.9548	0.9745	0.6030	0.6018
TALL-6-2-No	141652	137150	96.82	0.9891	0.9964	0.9573	0.9751	0.5928	0.5920
TALL-6-2-Rh	357750	338072	94.50	0.9873	0.9959	0.9482	0.9700	0.6464	0.6444
TALL-6-2-Ro	44112	42566	96.50	0.9849	0.9955	0.9479	0.9718	0.6243	0.6235
TALL-60-1-No	5904492	5614004	95.08	0.9885	0.9967	0.9561	0.9740	0.6706	0.6687
TALL-60-1-Rh	89918	86278	95.95	0.9879	0.9964	0.9533	0.9736	0.6289	0.6277
TALL-60-1-Ro	5854	5646	96.45	0.9878	0.9962	0.9541	0.9745	0.5973	0.5967
TALL-61-2-No	401818	376750	93.76	0.9761	0.9942	0.9250	0.9628	0.6695	0.6680
TALL-61-2-Rh	22410	21674	96.72	0.9812	0.9956	0.9384	0.9713	0.6253	0.6256
TALL-61-2-Ro	4616	4444	96.27	0.9868	0.9965	0.9525	0.9754	0.6104	0.6092
TALL-62-1-No	3496426	3402408	97.31	0.9886	0.9964	0.9581	0.9763	0.5834	0.5830
TALL-62-1-Rh	416610	394412	94.67	0.9872	0.9959	0.9479	0.9700	0.6454	0.6438
TALL-62-1-Ro	58414	54878	93.95	0.9860	0.9968	0.9520	0.9761	0.6401	0.6366
TALL-63-1-No	2570926	2493218	96.98	0.9893	0.9965	0.9587	0.9762	0.5834	0.5827
TALL-63-1-Rh	56666	54064	95.41	0.9879	0.9962	0.9513	0.9717	0.6412	0.6402
TALL-63-1-Ro	8140	7830	96.19	0.9844	0.9952	0.9450	0.9693	0.6169	0.6159
TALL-64-1-No	1675760	1622072	96.80	0.9836	0.9957	0.9476	0.9739	0.6083	0.6073
TALL-64-1-Rh	420848	401422	95.38	0.9886	0.9962	0.9522	0.9716	0.6461	0.6449
TALL-64-1-Ro	85370	81902	95.94	0.9866	0.9961	0.9509	0.9732	0.6209	0.6198
TALL-65-1-No	1639676	1590798	97.02	0.9852	0.9957	0.9511	0.9742	0.5769	0.5756
TALL-65-1-Rh	233870	223980	95.77	0.9872	0.9960	0.9513	0.9723	0.6273	0.6259
TALL-65-1-Ro	14542	14102	96.97	0.9923	0.9972	0.9663	0.9780	0.6107	0.6098
TALL-66-2-No	1526230	1478596	96.88	0.9875	0.9963	0.9555	0.9755	0.5849	0.5840
TALL-66-2-Rh	363014	345824	95.26	0.9874	0.9963	0.9520	0.9730	0.6284	0.6261
TALL-66-2-Ro	14542	14010	96.34	0.9835	0.9956	0.9452	0.9717	0.6261	0.6253
TALL-67-1-No	1523878	1480548	97.16	0.9891	0.9966	0.9592	0.9772	0.5804	0.5798
TALL-67-1-Rh	423832	398178	93.95	0.9832	0.9966	0.9474	0.9750	0.6388	0.6371
TALL-67-1-Ro	14948	14198	94.98	0.9888	0.9966	0.9547	0.9738	0.5893	0.5868
TALL-68-2-No	3466574	3337674	96.28	0.9890	0.9968	0.9577	0.9767	0.5827	0.5810
TALL-68-2-Rh	218780	207124	94.67	0.9862	0.9963	0.9488	0.9728	0.6399	0.6373
TALL-68-2-Ro	29710	28308	95.28	0.9855	0.9965	0.9500	0.9751	0.6102	0.6083
TALL-69-1-No	542584	508390	93.70	0.9818	0.9962	0.9421	0.9730	0.6296	0.6259
TALL-69-1-Rh	612088	579860	94.73	0.9836	0.9962	0.9456	0.9726	0.6384	0.6358
TALL-69-1-Ro	19786	19166	96.87	0.9882	0.9966	0.9569	0.9764	0.6033	0.6025
TALL-7-2-No	348202	336980	96.78	0.9876	0.9962	0.9539	0.9741	0.6260	0.6252
TALL-7-2-Rh	177682	167916	94.50	0.9869	0.9961	0.9485	0.9717	0.6379	0.6366
TALL-7-2-Ro	21812	20780	95.27	0.9872	0.9964	0.9514	0.9735	0.6219	0.6200
TALL-70-1-No	1766986	1714000	97.00	0.9897	0.9968	0.9600	0.9774	0.5827	0.5818
TALL-70-1-Rh	124576	119756	96.13	0.9876	0.9965	0.9539	0.9747	0.6367	0.6352
TALL-70-1-Ro	7054	6830	96.82	0.9863	0.9962	0.9509	0.9734	0.6141	0.6129
TALL-71-2-No	833368	808074	96.96	0.9881	0.9965	0.9569	0.9766	0.5851	0.5842
TALL-71-2-Rh	609904	589556	96.66	0.9890	0.9966	0.9580	0.9764	0.5907	0.5896
TALL-71-2-Ro	6532	6316	96.69	0.9856	0.9951	0.9504	0.9716	0.5835	0.5833
TALL-72-1-No	2529034	2445174	96.68	0.9916	0.9973	0.9651	0.9778	0.6691	0.6682
TALL-72-1-Rh	11192	10868	97.11	0.9844	0.9957	0.9494	0.9737	0.6120	0.6116
TALL-72-1-Ro	587230	562202	95.74	0.9868	0.9965	0.9527	0.9752	0.6223	0.6206
TALL-73-2-No	3474374	3329782	95.84	0.9897	0.9965	0.9574	0.9731	0.6838	0.6824
TALL-73-2-Rh	216808	209814	96.77	0.9898	0.9970	0.9603	0.9775	0.6107	0.6095
TALL-73-2-Ro	4918	4716	95.89	0.9871	0.9969	0.9529	0.9760	0.5905	0.5885
TALL-74-3-No	3769992	3659146	97.06	0.9900	0.9969	0.9608	0.9777	0.5832	0.5825
TALL-74-3-Rh	1544258	1480714	95.89	0.9877	0.9967	0.9544	0.9757	0.6095	0.6079
TALL-74-3-Ro	41052	39394	95.96	0.9890	0.9967	0.9570	0.9757	0.5961	0.5946
TALL-75-2-No	370502	359100	96.92	0.9868	0.9960	0.9528	0.9741	0.6174	0.6167
TALL-75-2-Rh	286014	271066	94.77	0.9872	0.9958	0.9483	0.9700	0.6419	0.6402
TALL-75-2-Ro	13078	12650	96.73	0.9900	0.9968	0.9596	0.9764	0.5657	0.5644
TALL-76-3-No	6495960	6285576	96.76	0.9897	0.9968	0.9595	0.9769	0.5762	0.5753
TALL-76-3-Rh	946736	910892	96.21	0.9892	0.9964	0.9562	0.9745	0.6011	0.5997
TALL-76-3-Ro	172862	166844	96.52	0.9893	0.9966	0.9577	0.9756	0.5927	0.5917
TALL-78-2-No	4369664	4240184	97.04	0.9790	0.9939	0.9379	0.9693	0.5794	0.5778
TALL-78-2-Rh	264860	251370	94.91	0.9876	0.9961	0.9500	0.9712	0.6461	0.6446
TALL-78-2-Ro	5496	5094	92.69	0.9785	0.9959	0.9338	0.9721	0.6207	0.6193
TALL-79-1-No	4913440	4767102	97.02	0.9868	0.9957	0.9538	0.9746	0.5808	0.5800
TALL-79-1-Rh	187346	180730	96.47	0.9868	0.9960	0.9509	0.9726	0.6382	0.6380
TALL-79-1-Ro	173208	164434	94.93	0.9866	0.9957	0.9478	0.9703	0.6386	0.6369
TALL-8-2-No	6074772	5626416	92.62	0.9789	0.9949	0.9289	0.9642	0.6946	0.6913
TALL-8-2-Rh	232284	225402	97.04	0.9876	0.9961	0.9538	0.9737	0.6324	0.6321
TALL-8-2-Ro	140906	132944	94.35	0.9846	0.9960	0.9451	0.9712	0.6399	0.6377
TALL-80-1-No	459138	438878	95.59	0.9879	0.9962	0.9522	0.9727	0.6180	0.6163
TALL-80-1-Rh	188688	181280	96.07	0.9874	0.9960	0.9519	0.9725	0.6413	0.6404
TALL-80-1-Ro	172690	163120	94.46	0.9865	0.9959	0.9477	0.9707	0.6364	0.6336
TALL-81-1-Rh	466200	449924	96.51	0.9878	0.9961	0.9533	0.9731	0.6361	0.6353
TALL-81-1-Ro	14484	13574	93.72	0.9820	0.9963	0.9438	0.9742	0.6141	0.6099
TALL-82-1-No	13884	13434	96.76	0.9915	0.9970	0.9639	0.9766	0.6035	0.6022
TALL-82-1-Rh	153316	148202	96.66	0.9883	0.9962	0.9548	0.9735	0.6384	0.6380
TALL-82-1-Ro	29738	28574	96.09	0.9830	0.9952	0.9438	0.9705	0.6204	0.6195
TALL-83-2-No	4857110	4664278	96.03	0.9727	0.9928	0.9195	0.9625	0.6596	0.6568
TALL-83-2-Rh	351118	338846	96.50	0.9859	0.9958	0.9499	0.9723	0.6417	0.6413
TALL-83-2-Ro	13498	13006	96.36	0.9805	0.9957	0.9439	0.9751	0.5556	0.5541
TALL-84-1-No	4814042	4599092	95.53	0.9882	0.9965	0.9559	0.9741	0.6768	0.6749
TALL-84-1-Rh	515806	492718	95.52	0.9843	0.9959	0.9479	0.9726	0.6308	0.6300
TALL-84-1-Ro	9824	9406	95.75	0.9819	0.9951	0.9388	0.9682	0.6350	0.6334
TALL-85-1-No	9996	9690	96.94	0.9916	0.9973	0.9654	0.9783	0.6098	0.6090
TALL-85-1-Rh	272524	261276	95.87	0.9862	0.9962	0.9502	0.9729	0.6426	0.6417
TALL-85-1-Ro	21270	20604	96.87	0.9912	0.9974	0.9664	0.9794	0.5900	0.5884
TALL-86-1-No	4769308	4626700	97.01	0.9829	0.9951	0.9465	0.9724	0.5809	0.5796
TALL-86-1-Rh	2189954	2122478	96.92	0.9874	0.9959	0.9545	0.9743	0.5887	0.5882
TALL-86-1-Ro	56728	54826	96.65	0.9862	0.9959	0.9516	0.9740	0.6001	0.5992
TALL-87-3-No	4149162	4028928	97.10	0.9903	0.9967	0.9606	0.9766	0.5827	0.5821
TALL-87-3-Rh	252898	243982	96.47	0.9872	0.9959	0.9522	0.9727	0.6377	0.6374
TALL-87-3-Ro	16424	15878	96.68	0.9824	0.9949	0.9427	0.9700	0.6382	0.6376
TALL-88-1-No	3058740	2966732	96.99	0.9881	0.9961	0.9563	0.9749	0.5804	0.5797
TALL-88-1-Rh	320338	308398	96.27	0.9873	0.9962	0.9521	0.9731	0.6403	0.6396
TALL-88-1-Ro	166800	158678	95.13	0.9851	0.9961	0.9476	0.9721	0.6388	0.6376
TALL-89-1-No	4009514	3879326	96.75	0.9879	0.9964	0.9557	0.9754	0.5818	0.5807
TALL-89-1-Rh	273240	261290	95.63	0.9849	0.9960	0.9491	0.9729	0.6312	0.6305
TALL-89-1-Ro	34680	33538	96.71	0.9857	0.9960	0.9517	0.9740	0.6064	0.6052
TALL-9-2-No	11397356	10611006	93.10	0.9812	0.9952	0.9338	0.9658	0.6881	0.6851
TALL-9-2-Rh	115138	110682	96.13	0.9877	0.9962	0.9525	0.9724	0.6413	0.6398
TALL-9-2-Ro	20856	20068	96.22	0.9875	0.9963	0.9519	0.9729	0.6258	0.6248
TALL-90-1-No	2584280	2494618	96.53	0.9845	0.9962	0.9531	0.9756	0.6772	0.6759
TALL-90-1-Rh	1526	1426	93.45	0.9783	0.9944	0.9298	0.9658	0.6144	0.6115
TALL-90-1-Ro	20856	19892	95.38	0.9876	0.9965	0.9526	0.9746	0.6235	0.6208
TALL-91-1-No	16000	15598	97.49	0.9914	0.9971	0.9620	0.9767	0.6255	0.6254
TALL-91-1-Rh	1962	1858	94.70	0.9841	0.9954	0.9440	0.9705	0.6063	0.6050
TALL-91-1-Ro	10546	10216	96.87	0.9841	0.9963	0.9517	0.9765	0.5983	0.5967
TALL-92-1-No	4089388	3777344	92.37	0.9768	0.9948	0.9287	0.9666	0.6806	0.6762
TALL-92-1-Rh	95446	90224	94.53	0.9860	0.9962	0.9483	0.9723	0.6449	0.6427
TALL-92-1-Ro	23336	22366	95.84	0.9788	0.9954	0.9374	0.9718	0.6023	0.6007
TALL-93-3-No	453094	426816	94.20	0.9815	0.9952	0.9377	0.9682	0.6800	0.6770
TALL-93-3-Rh	40610	38562	94.96	0.9861	0.9969	0.9534	0.9774	0.5883	0.5856
TALL-93-3-Ro	38088	36818	96.67	0.9863	0.9967	0.9541	0.9761	0.5863	0.5848
TEAK-1-2-Rh	806	766	95.04	0.9808	0.9955	0.9369	0.9692	0.6103	0.6079
TEAK-1-2-Ro	20832	19986	95.94	0.9896	0.9972	0.9607	0.9782	0.5889	0.5874
TEAK-2-1-No	6552960	6355800	96.99	0.9897	0.9970	0.9603	0.9777	0.5694	0.5683
TEAK-2-1-Rh	19780	18910	95.60	0.9913	0.9970	0.9621	0.9765	0.5746	0.5734
TEAK-2-1-Ro	10304	9794	95.05	0.9842	0.9965	0.9479	0.9753	0.5780	0.5747
TEAK-3-1-No	4181672	4032556	96.43	0.9879	0.9966	0.9550	0.9754	0.6027	0.6016
TEAK-3-1-Rh	117892	113228	96.04	0.9926	0.9975	0.9664	0.9791	0.5933	0.5908
TEAK-3-1-Ro	57962	55982	96.58	0.9830	0.9958	0.9451	0.9723	0.6150	0.6139
TOOL-1-No	1104410	1052652	95.31	0.9908	0.9971	0.9618	0.9771	0.6364	0.6343
TOOL-1-Rh	73848	71296	96.54	0.9878	0.9964	0.9534	0.9735	0.6274	0.6267
TOOL-1-Ro	29418	28002	95.19	0.9750	0.9957	0.9315	0.9733	0.5944	0.5922
TOOL-10-No	8051828	7904094	98.17	0.9951	0.9981	0.9764	0.9838	0.6078	0.6073
TOOL-10-Rh	1449456	1399196	96.53	0.9930	0.9973	0.9670	0.9781	0.6156	0.6144
TOOL-10-Ro	40726	38952	95.64	0.9841	0.9966	0.9531	0.9792	0.5918	0.5894
TOOL-11-No	17644188	17186974	97.41	0.9941	0.9978	0.9717	0.9810	0.6098	0.6089
TOOL-11-Rh	81868	79120	96.64	0.9925	0.9973	0.9669	0.9788	0.6355	0.6342
TOOL-11-Ro	35104	33542	95.55	0.9904	0.9972	0.9618	0.9777	0.6332	0.6316
TOOL-12-No	732316	716334	97.82	0.9943	0.9979	0.9740	0.9828	0.5915	0.5907
TOOL-12-Rh	23190	22788	98.27	0.9945	0.9976	0.9754	0.9827	0.6097	0.6094
TOOL-12-Ro	148654	146790	98.75	0.9948	0.9981	0.9780	0.9855	0.6171	0.6169
TOOL-13-Rh	593582	574678	96.82	0.9936	0.9974	0.9685	0.9788	0.6360	0.6354
TOOL-13-Ro	87386	84658	96.88	0.9934	0.9978	0.9700	0.9812	0.6294	0.6290
TOOL-14-No	1934382	1840868	95.17	0.9916	0.9971	0.9621	0.9766	0.6211	0.6187
TOOL-14-Rh	939904	905986	96.39	0.9931	0.9973	0.9667	0.9777	0.6318	0.6307
TOOL-14-Ro	6286	6034	95.99	0.9913	0.9974	0.9638	0.9780	0.6346	0.6338
TOOL-15-No	1278166	1241910	97.16	0.9936	0.9976	0.9714	0.9816	0.6130	0.6118
TOOL-15-Rh	38862	37078	95.41	0.9914	0.9970	0.9608	0.9752	0.6382	0.6364
TOOL-15-Ro	11416	11012	96.46	0.9901	0.9970	0.9618	0.9781	0.5914	0.5903
TOOL-16-No	309124	294856	95.38	0.9912	0.9971	0.9617	0.9765	0.6199	0.6183
TOOL-16-Rh	369436	338858	91.72	0.9882	0.9964	0.9498	0.9722	0.6401	0.6377
TOOL-16-Ro	161436	153842	95.30	0.9906	0.9971	0.9614	0.9774	0.6465	0.6442
TOOL-17-No	310340	291882	94.05	0.9905	0.9967	0.9572	0.9735	0.6354	0.6331
TOOL-17-Rh	2255974	2153880	95.47	0.9921	0.9973	0.9640	0.9777	0.6167	0.6144
TOOL-17-Ro	73300	70376	96.01	0.9925	0.9973	0.9662	0.9781	0.6195	0.6184
TOOL-18-No	704000	661934	94.02	0.9908	0.9967	0.9579	0.9740	0.6330	0.6308
TOOL-18-Rh	346670	331624	95.66	0.9923	0.9973	0.9646	0.9780	0.6224	0.6203
TOOL-18-Ro	70358	67234	95.56	0.9914	0.9973	0.9646	0.9795	0.6207	0.6190
TOOL-19-No	1122586	1058378	94.28	0.9901	0.9965	0.9557	0.9725	0.6220	0.6195
TOOL-19-Rh	699930	649386	92.78	0.9887	0.9963	0.9513	0.9717	0.6292	0.6261
TOOL-19-Ro	35860	34632	96.58	0.9920	0.9973	0.9666	0.9798	0.6322	0.6300
TOOL-2-No	50634	49044	96.86	0.9916	0.9973	0.9661	0.9791	0.6450	0.6442
TOOL-2-Rh	166520	160878	96.61	0.9927	0.9973	0.9670	0.9786	0.6404	0.6391
TOOL-2-Ro	12180	11848	97.27	0.9940	0.9983	0.9748	0.9852	0.6034	0.6028
TOOL-20-No	27548	27098	98.37	0.9821	0.9952	0.9513	0.9757	0.6375	0.6375
TOOL-20-Rh	784686	715468	91.18	0.9862	0.9960	0.9441	0.9699	0.6320	0.6270
TOOL-20-Ro	48876	47732	97.66	0.9920	0.9971	0.9684	0.9797	0.6437	0.6437
TOOL-21-No	1036656	969088	93.48	0.9895	0.9965	0.9536	0.9725	0.6264	0.6233
TOOL-21-Rh	1653788	1559190	94.28	0.9904	0.9968	0.9576	0.9749	0.6248	0.6216
TOOL-21-Ro	6398	6140	95.97	0.9893	0.9966	0.9596	0.9767	0.6343	0.6332
TOOL-22-No	185066	177600	95.97	0.9921	0.9972	0.9646	0.9776	0.6374	0.6358
TOOL-22-Rh	286722	278102	96.99	0.9931	0.9974	0.9686	0.9794	0.6266	0.6258
TOOL-22-Ro	35458	34788	98.11	0.9924	0.9973	0.9703	0.9809	0.6401	0.6397
TOOL-23-No	861056	851396	98.88	0.9622	0.9941	0.9176	0.9744	0.6079	0.6040
TOOL-23-Rh	298830	291768	97.64	0.9942	0.9978	0.9733	0.9821	0.6141	0.6133
TOOL-23-Ro	1116272	1098862	98.44	0.9900	0.9973	0.9687	0.9833	0.5982	0.5973
TOOL-24-No	8816084	8613790	97.71	0.9949	0.9979	0.9736	0.9811	0.6109	0.6103
TOOL-24-Rh	297022	289804	97.57	0.9940	0.9977	0.9720	0.9812	0.6303	0.6297
TOOL-24-Ro	29070	28358	97.55	0.9902	0.9973	0.9664	0.9816	0.6288	0.6276
TOOL-25-No	7466344	7253428	97.15	0.9933	0.9973	0.9680	0.9780	0.6107	0.6099
TOOL-25-Rh	90472	88560	97.89	0.9933	0.9976	0.9715	0.9814	0.6350	0.6344
TOOL-25-Ro	61766	60106	97.31	0.9907	0.9974	0.9667	0.9811	0.6264	0.6253
TOOL-26-No	8406322	8228710	97.89	0.9951	0.9979	0.9741	0.9812	0.6072	0.6067
TOOL-26-Rh	115876	113288	97.77	0.9936	0.9976	0.9720	0.9814	0.6373	0.6365
TOOL-26-Ro	35812	35084	97.97	0.9891	0.9971	0.9656	0.9814	0.6256	0.6243
TOOL-27-2-No	9124092	8915100	97.71	0.9944	0.9978	0.9725	0.9810	0.6109	0.6103
TOOL-27-2-Rh	185740	181206	97.56	0.9936	0.9976	0.9718	0.9815	0.6371	0.6365
TOOL-27-2-Ro	47944	47252	98.56	0.9782	0.9957	0.9453	0.9774	0.6316	0.6303
TOOL-28-No	395704	376524	95.15	0.9912	0.9967	0.9591	0.9737	0.6321	0.6302
TOOL-28-Rh	733320	671420	91.56	0.9872	0.9963	0.9472	0.9717	0.6442	0.6402
TOOL-28-Ro	42978	41950	97.61	0.9942	0.9979	0.9740	0.9828	0.6326	0.6312
TOOL-29-Rh	376072	349346	92.89	0.9888	0.9962	0.9510	0.9707	0.6408	0.6380
TOOL-29-Ro	323310	290124	89.74	0.9860	0.9956	0.9413	0.9676	0.6414	0.6379
TOOL-3-No	18972	17988	94.81	0.9898	0.9966	0.9571	0.9745	0.6180	0.6158
TOOL-3-Rh	537494	519014	96.56	0.9925	0.9974	0.9671	0.9790	0.6399	0.6387
TOOL-3-Ro	145966	143342	98.20	0.9947	0.9981	0.9760	0.9841	0.6048	0.6042
TOOL-30-No	418268	393162	94.00	0.9905	0.9968	0.9578	0.9751	0.6233	0.6205
TOOL-30-Rh	666430	630706	94.64	0.9910	0.9970	0.9603	0.9763	0.6294	0.6271
TOOL-30-Ro	71142	67560	94.96	0.9901	0.9970	0.9601	0.9770	0.6043	0.6020
TOOL-31-No	12732	12488	98.08	0.9878	0.9970	0.9625	0.9810	0.6086	0.6069
TOOL-31-Rh	146524	142936	97.55	0.9939	0.9974	0.9706	0.9794	0.6332	0.6327
TOOL-31-Ro	9368	9124	97.40	0.9935	0.9979	0.9721	0.9830	0.5961	0.5943
TOOL-32-Rh	382990	369406	96.45	0.9929	0.9975	0.9681	0.9796	0.6348	0.6342
TOOL-32-Ro	39770	38742	97.42	0.9897	0.9968	0.9642	0.9793	0.6411	0.6408
TOOL-33-1-No	39976	38824	97.12	0.9923	0.9975	0.9698	0.9816	0.6350	0.6338
TOOL-33-1-Rh	41664	40734	97.77	0.9930	0.9975	0.9704	0.9807	0.6258	0.6251
TOOL-33-1-Ro	31970	31372	98.13	0.9949	0.9979	0.9760	0.9834	0.5868	0.5865
TOOL-34-No	105588	102684	97.25	0.9922	0.9973	0.9677	0.9794	0.6374	0.6368
TOOL-34-Rh	211950	208088	98.18	0.9939	0.9977	0.9734	0.9821	0.6338	0.6335
TOOL-34-Ro	15766	15244	96.69	0.9847	0.9965	0.9554	0.9778	0.6108	0.6087
TOOL-35-1-No	139618	135288	96.90	0.9933	0.9978	0.9703	0.9812	0.6104	0.6094
TOOL-35-1-Rh	352054	340612	96.75	0.9927	0.9974	0.9675	0.9791	0.6480	0.6468
TOOL-35-1-Ro	10866	10654	98.05	0.9899	0.9969	0.9645	0.9791	0.6269	0.6264
TOOL-4-No	90870	87394	96.17	0.9921	0.9974	0.9657	0.9793	0.6375	0.6357
TOOL-4-Rh	2368	2206	93.16	0.9798	0.9958	0.9377	0.9705	0.6221	0.6186
TOOL-4-Ro	7080	6874	97.09	0.9902	0.9966	0.9630	0.9770	0.6286	0.6283
TOOL-5-No	328044	310348	94.61	0.9879	0.9971	0.9590	0.9778	0.6353	0.6343
TOOL-5-Rh	233956	225434	96.36	0.9932	0.9972	0.9674	0.9782	0.6453	0.6440
TOOL-5-Ro	116728	112130	96.06	0.9899	0.9968	0.9609	0.9761	0.6492	0.6467
TOOL-6-No	320940	301566	93.96	0.9869	0.9974	0.9590	0.9792	0.6379	0.6378
TOOL-6-Rh	113220	109220	96.47	0.9924	0.9973	0.9659	0.9785	0.6419	0.6411
TOOL-6-Ro	95104	91382	96.09	0.9920	0.9970	0.9662	0.9781	0.6383	0.6370
TOOL-7-No	63104	59514	94.31	0.9866	0.9967	0.9532	0.9755	0.6347	0.6321
TOOL-7-Rh	562836	542808	96.44	0.9924	0.9972	0.9658	0.9778	0.6390	0.6379
TOOL-7-Ro	58146	55704	95.80	0.9915	0.9972	0.9650	0.9787	0.6305	0.6282
TOOL-8-No	13630066	13422376	98.48	0.9942	0.9978	0.9761	0.9846	0.6093	0.6089
TOOL-8-Rh	298262	286196	95.95	0.9923	0.9974	0.9655	0.9786	0.6354	0.6342
TOOL-8-Ro	9898	9646	97.45	0.9893	0.9971	0.9649	0.9807	0.6210	0.6205
TOOL-9-No	4469170	4372644	97.84	0.9950	0.9979	0.9742	0.9817	0.5928	0.5923
TOOL-9-Rh	67410	65364	96.96	0.9925	0.9977	0.9703	0.9820	0.6264	0.6252
TOOL-9-Ro	50818	49846	98.09	0.9927	0.9976	0.9720	0.9832	0.6160	0.6154
WOOD-1-1-No	680250	649670	95.50	0.9893	0.9969	0.9603	0.9777	0.6142	0.6113
WOOD-1-1-Rh	812808	754868	92.87	0.9885	0.9965	0.9515	0.9727	0.6372	0.6333
WOOD-1-1-Ro	20496	19298	94.15	0.9824	0.9968	0.9472	0.9774	0.5956	0.5935
WOOD-10-1-No	23061800	22413812	97.19	0.9670	0.9923	0.9124	0.9648	0.5739	0.5641
WOOD-10-1-Rh	233448	225690	96.68	0.9855	0.9961	0.9501	0.9737	0.6243	0.6236
WOOD-10-1-Ro	164918	156288	94.77	0.9851	0.9966	0.9495	0.9746	0.6205	0.6177
WOOD-11-1-No	19951068	19367190	97.07	0.9811	0.9951	0.9442	0.9731	0.5748	0.5735
WOOD-11-1-Rh	195258	188846	96.72	0.9863	0.9963	0.9527	0.9755	0.6164	0.6156
WOOD-11-1-Ro	283694	274260	96.67	0.9878	0.9963	0.9546	0.9745	0.6298	0.6290
WOOD-12-No	14730010	14294868	97.05	0.9880	0.9967	0.9577	0.9776	0.5672	0.5660
WOOD-12-Rh	207898	200636	96.51	0.9845	0.9961	0.9492	0.9742	0.6341	0.6337
WOOD-12-Ro	246298	237456	96.41	0.9869	0.9966	0.9533	0.9750	0.6234	0.6222
WOOD-2-2-Rh	114392	108748	95.07	0.9888	0.9966	0.9561	0.9744	0.6090	0.6066
WOOD-2-2-Ro	12350	11972	96.94	0.9859	0.9964	0.9545	0.9755	0.6212	0.6211
WOOD-3-2-No	42021528	41449404	98.64	0.9806	0.9962	0.9547	0.9816	0.5752	0.5724
WOOD-3-2-Rh	713018	653482	91.65	0.9860	0.9963	0.9462	0.9716	0.6392	0.6345
WOOD-3-2-Ro	134804	130644	96.91	0.9914	0.9975	0.9680	0.9814	0.6117	0.6104
WOOD-4-1-No	2730710	2632570	96.41	0.9865	0.9968	0.9576	0.9776	0.6672	0.6660
WOOD-4-1-Rh	747618	687136	91.91	0.9872	0.9962	0.9478	0.9718	0.6288	0.6238
WOOD-4-1-Ro	21428	20466	95.51	0.9898	0.9968	0.9582	0.9748	0.6211	0.6198
WOOD-5-1-No	44852	42404	94.54	0.9814	0.9961	0.9421	0.9743	0.6011	0.5988
WOOD-5-1-Rh	442378	426490	96.41	0.9876	0.9967	0.9547	0.9759	0.6339	0.6328
WOOD-5-1-Ro	8225322	7794198	94.76	0.9773	0.9950	0.9363	0.9722	0.5980	0.5928
WOOD-6-1-No	29458736	28532632	96.86	0.9857	0.9964	0.9530	0.9766	0.5767	0.5754
WOOD-6-1-Rh	234872	226566	96.46	0.9893	0.9968	0.9581	0.9764	0.6305	0.6294
WOOD-6-1-Ro	328972	318920	96.94	0.9885	0.9967	0.9581	0.9773	0.5745	0.5736
WOOD-7-1-No	20539418	19849132	96.64	0.9872	0.9965	0.9557	0.9771	0.5729	0.5712
WOOD-7-1-Rh	473332	454764	96.08	0.9829	0.9961	0.9472	0.9742	0.6171	0.6159
WOOD-7-1-Ro	25206	23534	93.37	0.9755	0.9959	0.9293	0.9721	0.6123	0.6114
WOOD-8-No	2141940	2074218	96.84	0.9832	0.9958	0.9482	0.9748	0.5785	0.5769
WOOD-8-Rh	577206	556896	96.48	0.9866	0.9964	0.9535	0.9757	0.6065	0.6049
WOOD-8-Ro	25108	23808	94.82	0.9787	0.9957	0.9368	0.9724	0.5911	0.5891
WOOD-9-Rh	180306	170226	94.41	0.9835	0.9960	0.9442	0.9725	0.6363	0.6345
WOOD-9-Ro	8880	8446	95.11	0.9871	0.9962	0.9510	0.9711	0.6221	0.6213
YELL-10-1-No	7748	7284	94.01	0.9781	0.9954	0.9341	0.9698	0.5992	0.5967
YELL-10-1-Rh	426838	413256	96.82	0.9852	0.9953	0.9487	0.9717	0.6315	0.6310
YELL-10-1-Ro	7832	7548	96.37	0.9897	0.9971	0.9617	0.9779	0.6169	0.6160
YELL-11-No	8996	8598	95.58	0.9857	0.9962	0.9504	0.9744	0.5908	0.5893
YELL-11-Rh	1646	1400	85.05	0.9484	0.9945	0.8724	0.9660	0.5967	0.5942
YELL-11-Ro	5120	4972	97.11	0.9890	0.9968	0.9615	0.9778	0.6213	0.6204
YELL-3-5-No	2962	2790	94.19	0.9851	0.9969	0.9501	0.9750	0.5895	0.5881
YELL-3-5-Rh	2974	2510	84.40	0.9674	0.9956	0.9094	0.9703	0.6041	0.5933
YELL-3-5-Ro	26300	25268	96.08	0.9853	0.9959	0.9492	0.9732	0.6303	0.6297
YELL-4-4-No	11590	11254	97.10	0.9911	0.9969	0.9644	0.9778	0.6192	0.6181
YELL-4-4-Rh	3939262	3793932	96.31	0.9845	0.9959	0.9495	0.9741	0.6069	0.6063
YELL-4-4-Ro	41180	40306	97.88	0.9933	0.9975	0.9707	0.9806	0.6375	0.6372
YELL-5-3-Rh	279358	269190	96.36	0.9886	0.9966	0.9556	0.9750	0.6345	0.6338
YELL-5-3-Ro	19292	18608	96.45	0.9715	0.9938	0.9210	0.9663	0.6292	0.6277
YELL-6-1-Rh	168288	158696	94.30	0.9850	0.9960	0.9460	0.9719	0.6449	0.6424
YELL-6-1-Ro	13522	13038	96.42	0.9904	0.9971	0.9617	0.9773	0.6243	0.6238
YELL-7-1-Rh	63790	60860	95.41	0.9867	0.9960	0.9497	0.9717	0.6487	0.6474
YELL-7-1-Ro	1170618	1130290	96.55	0.9862	0.9963	0.9520	0.9751	0.6060	0.6046
